form_code,reg,sheet,field_key,label,cell,type
A1100-02,A-1100,"업무분장 변경 신청서 (A1100-02)",공장장,"공장장",AP2,text
A1100-02,A-1100,"업무분장 변경 신청서 (A1100-02)",업무변경사유,"업무 변경사유",E27,text
A2200-01,A-2200,"회의록 (A2200-01)",주관부서,"주관부서",E5,text
A2200-01,A-2200,"회의록 (A2200-01)",작성자,"작성자",R5,text
A2200-01,A-2200,"회의록 (A2200-01)",회의일자,"회의 일자",E4,date
A2200-01,A-2200,"회의록 (A2200-01)",회의장소,"회의장소",R4,text
A2200-01,A-2200,"회의록 (A2200-01)",회의구분,"회의 구분",AD4,text
A2200-01,A-2200,"회의록 (A2200-01)",소속,"소 속",C7,text
A2200-01,A-2200,"회의록 (A2200-01)",직급,"직 급",H7,text
A2200-01,A-2200,"회의록 (A2200-01)",성명,"성 명",L7,text
A2200-01,A-2200,"회의록 (A2200-01)",확인,"확 인",P7,text
A2200-01,A-2200,"회의록 (A2200-01)",소속,"소 속",T7,text
A2200-01,A-2200,"회의록 (A2200-01)",직급,"직 급",Y7,text
A2200-01,A-2200,"회의록 (A2200-01)",성명,"성 명",AC7,text
A2200-01,A-2200,"회의록 (A2200-01)",확인,"확 인",AG7,text
A2200-01,A-2200,"회의록 (A2200-01)",회의안건,"회의 안건",H37,text
A2200-01,A-2200,"회의록 (A2200-01)",회의안건,"회의 안건",H12,text
A2200-02,A-2200,"(    )년 경영검토 계획서 (A2200-02)",해당팀,"해 당 팀",Y20,text
A2200-02,A-2200,"(    )년 경영검토 계획서 (A2200-02)",조직의환경성과에관한정보,"조직의 환경성과에 관한 정보",AA20,text
A2200-02,A-2200,"(    )년 경영검토 계획서 (A2200-02)",총무팀,"총무팀",AS20,text
A2200-02,A-2200,"(    )년 경영검토 계획서 (A2200-02)",작성부서,"작성부서",W3,text
A2200-02,A-2200,"(    )년 경영검토 계획서 (A2200-02)",작성일,"작성일",I3,date
A2200-02,A-2200,"(    )년 경영검토 계획서 (A2200-02)",실적,"실 적",M8,text
A2200-02,A-2200,"(    )년 경영검토 계획서 (A2200-02)",10월,"10월",AN7,text
A2200-02,A-2200,"(    )년 경영검토 계획서 (A2200-02)",11월,"11월",AQ7,text
A2200-02,A-2200,"(    )년 경영검토 계획서 (A2200-02)",12월,"12월",AT7,text
A2200-02,A-2200,"(    )년 경영검토 계획서 (A2200-02)",계획,"계 획",M7,text
A2200-02,A-2200,"(    )년 경영검토 계획서 (A2200-02)",2월,"2월",P7,text
A2200-02,A-2200,"(    )년 경영검토 계획서 (A2200-02)",3월,"3월",S7,text
A2200-02,A-2200,"(    )년 경영검토 계획서 (A2200-02)",4월,"4월",V7,text
A2200-02,A-2200,"(    )년 경영검토 계획서 (A2200-02)",5월,"5월",Y7,text
A2200-02,A-2200,"(    )년 경영검토 계획서 (A2200-02)",6월,"6월",AB7,text
A2200-02,A-2200,"(    )년 경영검토 계획서 (A2200-02)",7월,"7월",AE7,text
A2200-02,A-2200,"(    )년 경영검토 계획서 (A2200-02)",8월,"8월",AH7,text
A2200-02,A-2200,"(    )년 경영검토 계획서 (A2200-02)",9월,"9월",AK7,text
A3200-01,A-3200,"이해관계자 불만 조치대장(A3200-01)",시행미시행,"시행 中 / 미시행 中",U24,text
A3200-01,A-3200,"이해관계자 불만 조치대장(A3200-01)",시행미시행,"시행 中 / 미시행 中",C30,text
A3200-01,A-3200,"이해관계자 불만 조치대장(A3200-01)",시행미시행,"시행 中 / 미시행 中",U30,text
A3200-01,A-3200,"이해관계자 불만 조치대장(A3200-01)",승인,"승인",AC6,text
A3200-01,A-3200,"이해관계자 불만 조치대장(A3200-01)",고객명,"고객명",C6,text
A3200-01,A-3200,"이해관계자 불만 조치대장(A3200-01)",접수자,"접수자",F6,text
A3200-01,A-3200,"이해관계자 불만 조치대장(A3200-01)",불만사항,"불만 사항",I6,textarea
A3200-01,A-3200,"이해관계자 불만 조치대장(A3200-01)",조치방법,"조치 방법",O6,text
A3200-01,A-3200,"이해관계자 불만 조치대장(A3200-01)",시행미시행,"시행 中 / 미시행 中",C24,text
A3200-01,A-3200,"이해관계자 불만 조치대장(A3200-01)",시행미시행,"시행 中 / 미시행 中",C18,text
A3200-01,A-3200,"이해관계자 불만 조치대장(A3200-01)",시행미시행,"시행 中 / 미시행 中",U18,text
A3200-01,A-3200,"이해관계자 불만 조치대장(A3200-01)",NO,"NO",A6,text
A3200-01,A-3200,"이해관계자 불만 조치대장(A3200-01)",시행미시행,"시행 中 / 미시행 中",C12,text
A3200-01,A-3200,"이해관계자 불만 조치대장(A3200-01)",시행미시행,"시행 中 / 미시행 中",U12,text
A3200-01,A-3200,"이해관계자 불만 조치대장(A3200-01)",관리부서,"관리부서",Y2,text
A3200-02,A-3200,"이해관계자 불만 조치일지(A3200-02)",회람,"회 람",V22,text
A3200-02,A-3200,"이해관계자 불만 조치일지(A3200-02)",고객담당자,"고객 담당자",V6,text
A3200-02,A-3200,"이해관계자 불만 조치일지(A3200-02)",재발방지방안,"재발 방지 방안",A13,text
A3200-02,A-3200,"이해관계자 불만 조치일지(A3200-02)",접수자,"접 수 자",V7,text
A3200-02,A-3200,"이해관계자 불만 조치일지(A3200-02)",불만사항,"불 만 사 항",A6,text
A3200-02,A-3200,"이해관계자 불만 조치일지(A3200-02)",조치방법,"조 치 방 법",A9,text
A3200-02,A-3200,"이해관계자 불만 조치일지(A3200-02)",조치결과조치자조치일자등,"조치결과 (조치자, 조치일자등)",P9,date
A3200-02,A-3200,"이해관계자 불만 조치일지(A3200-02)",관리부서,"관리부서",Z2,text
A3200-02,A-3200,"이해관계자 불만 조치일지(A3200-02)",고객명,"고 객 명",V5,text
A4100-01,A-4100,"회사표준관리대장(A4100-01)",작성부서,"작성 부서",AQ1,text
A4100-01,A-4100,"회사표준관리대장(A4100-01)",작성자,"작 성 자",AQ2,text
A4100-01,A-4100,"회사표준관리대장(A4100-01)",REV4,"REV.4",AL5,text
A4100-01,A-4100,"회사표준관리대장(A4100-01)",비고,"비 고",AQ5,text
A4100-01,A-4100,"회사표준관리대장(A4100-01)",NO,"NO",A5,text
A4100-01,A-4100,"회사표준관리대장(A4100-01)",표준번호,"표준 번호",C5,text
A4100-01,A-4100,"회사표준관리대장(A4100-01)",표준명,"표 준 명",H5,text
A4100-01,A-4100,"회사표준관리대장(A4100-01)",면수,"면수",N5,text
A4100-01,A-4100,"회사표준관리대장(A4100-01)",일자,"일자",R5,date
A4100-01,A-4100,"회사표준관리대장(A4100-01)",확인,"확인",R6,text
A4100-01,A-4100,"회사표준관리대장(A4100-01)",REV1,"REV.1",W5,text
A4100-01,A-4100,"회사표준관리대장(A4100-01)",REV2,"REV.2",AB5,text
A4100-01,A-4100,"회사표준관리대장(A4100-01)",REV3,"REV.3",AG5,text
A4100-01,A-4100,"회사표준관리대장(A4100-01)",확인,"확인",R8,text
A4100-01,A-4100,"회사표준관리대장(A4100-01)",일자,"일자",R7,date
A4100-01,A-4100,"회사표준관리대장(A4100-01)",확인,"확인",R10,text
A4100-01,A-4100,"회사표준관리대장(A4100-01)",일자,"일자",R9,date
A4100-01,A-4100,"회사표준관리대장(A4100-01)",일자,"일자",R13,date
A4100-01,A-4100,"회사표준관리대장(A4100-01)",확인,"확인",R12,text
A4100-01,A-4100,"회사표준관리대장(A4100-01)",확인,"확인",R14,text
A4100-01,A-4100,"회사표준관리대장(A4100-01)",일자,"일자",R11,date
A4100-01,A-4100,"회사표준관리대장(A4100-01)",일자,"일자",R15,date
A4100-01,A-4100,"회사표준관리대장(A4100-01)",확인,"확인",R16,text
A4100-01,A-4100,"회사표준관리대장(A4100-01)",확인,"확인",R18,text
A4100-01,A-4100,"회사표준관리대장(A4100-01)",일자,"일자",R17,date
A4100-01,A-4100,"회사표준관리대장(A4100-01)",일자,"일자",R21,date
A4100-01,A-4100,"회사표준관리대장(A4100-01)",확인,"확인",R20,text
A4100-01,A-4100,"회사표준관리대장(A4100-01)",확인,"확인",R22,text
A4100-01,A-4100,"회사표준관리대장(A4100-01)",일자,"일자",R19,date
A4100-01,A-4100,"회사표준관리대장(A4100-01)",일자,"일자",R23,date
A4100-01,A-4100,"회사표준관리대장(A4100-01)",확인,"확인",R24,text
A4100-02,A-4100,"표준 제개정 신청서(A4100-02)",신청일자,"신청 일자",E4,date
A4100-02,A-4100,"표준 제개정 신청서(A4100-02)",신청사업부,"신청 사업부",O4,text
A4100-02,A-4100,"표준 제개정 신청서(A4100-02)",신청부서,"신청 부서",Y4,text
A4100-02,A-4100,"표준 제개정 신청서(A4100-02)",표준명및관리번호,"표준명 및 관리번호",G6,text
A4100-02,A-4100,"표준 제개정 신청서(A4100-02)",제개정사유,"제,개정 사유",G7,text
A4100-02,A-4100,"표준 제개정 신청서(A4100-02)",표준명및관리번호,"표준명 및 관리번호",G14,text
A4100-02,A-4100,"표준 제개정 신청서(A4100-02)",제개정사유,"제,개정 사유",G15,text
A4100-02,A-4100,"표준 제개정 신청서(A4100-02)",표준명및관리번호,"표준명 및 관리번호",G10,text
A4100-02,A-4100,"표준 제개정 신청서(A4100-02)",제개정사유,"제,개정 사유",G11,text
A4100-02,A-4100,"표준 제개정 신청서(A4100-02)",표준명및관리번호,"표준명 및 관리번호",G18,text
A4100-02,A-4100,"표준 제개정 신청서(A4100-02)",제개정사유,"제,개정 사유",G19,text
A4100-02,A-4100,"표준 제개정 신청서(A4100-02)",사업부부서명,"사업부&부서명",E23,text
A4100-02,A-4100,"표준 제개정 신청서(A4100-02)",검토자,"검토자",E24,text
A4100-02,A-4100,"표준 제개정 신청서(A4100-02)",검토,"검 토",Y24,text
A4100-02,A-4100,"표준 제개정 신청서(A4100-02)",승인,"승 인",AB24,text
A4100-02,A-4100,"표준 제개정 신청서(A4100-02)",검토일자,"검토일자",E25,date
A4100-02,A-4100,"표준 제개정 신청서(A4100-02)",검토자,"검토자",E27,text
A4100-02,A-4100,"표준 제개정 신청서(A4100-02)",검토,"검 토",Y27,text
A4100-02,A-4100,"표준 제개정 신청서(A4100-02)",승인,"승 인",AB27,text
A4100-02,A-4100,"표준 제개정 신청서(A4100-02)",사업부부서명,"사업부&부서명",E26,text
A4100-02,A-4100,"표준 제개정 신청서(A4100-02)",검토일자,"검토일자",E28,date
A4100-02,A-4100,"표준 제개정 신청서(A4100-02)",검토자,"검토자",E30,text
A4100-02,A-4100,"표준 제개정 신청서(A4100-02)",검토,"검 토",Y30,text
A4100-02,A-4100,"표준 제개정 신청서(A4100-02)",승인,"승 인",AB30,text
A4100-02,A-4100,"표준 제개정 신청서(A4100-02)",검토일자,"검토일자",E31,date
A4100-02,A-4100,"표준 제개정 신청서(A4100-02)",사업부부서명,"사업부&부서명",E29,text
A4100-02,A-4100,"표준 제개정 신청서(A4100-02)",사업부부서명,"사업부&부서명",E32,text
A4100-02,A-4100,"표준 제개정 신청서(A4100-02)",검토자,"검토자",E33,text
A4100-02,A-4100,"표준 제개정 신청서(A4100-02)",검토,"검 토",Y33,text
A4100-02,A-4100,"표준 제개정 신청서(A4100-02)",승인,"승 인",AB33,text
A4100-02,A-4100,"표준 제개정 신청서(A4100-02)",검토일자,"검토일자",E34,date
A4100-02,A-4100,"표준 제개정 신청서(A4100-02)",승인,"승 인",AB37,text
A4100-02,A-4100,"표준 제개정 신청서(A4100-02)",검토일자,"검토일자",E38,date
A4100-02,A-4100,"표준 제개정 신청서(A4100-02)",검토자,"검토자",E37,text
A4100-02,A-4100,"표준 제개정 신청서(A4100-02)",검토,"검 토",Y37,text
A4100-02,A-4100,"표준 제개정 신청서(A4100-02)",사업부부서명,"사업부&부서명",E36,text
A4100-03,A-4100,"기술표준관리대장(A4100-03)",작성부서,"작성 부서",AQ1,text
A4100-03,A-4100,"기술표준관리대장(A4100-03)",작성자,"작 성 자",AQ2,text
A4100-03,A-4100,"기술표준관리대장(A4100-03)",NO,"NO",A5,text
A4100-03,A-4100,"기술표준관리대장(A4100-03)",표준번호,"표준 번호",C5,text
A4100-03,A-4100,"기술표준관리대장(A4100-03)",표준명,"표 준 명",H5,text
A4100-03,A-4100,"기술표준관리대장(A4100-03)",면수,"면수",N5,text
A4100-03,A-4100,"기술표준관리대장(A4100-03)",일자,"일자",R5,date
A4100-03,A-4100,"기술표준관리대장(A4100-03)",REV1,"REV.1",W5,text
A4100-03,A-4100,"기술표준관리대장(A4100-03)",REV2,"REV.2",AB5,text
A4100-03,A-4100,"기술표준관리대장(A4100-03)",일자,"일자",R7,date
A4100-03,A-4100,"기술표준관리대장(A4100-03)",REV3,"REV.3",AG5,text
A4100-03,A-4100,"기술표준관리대장(A4100-03)",REV4,"REV.4",AL5,text
A4100-03,A-4100,"기술표준관리대장(A4100-03)",비고,"비 고",AQ5,text
A4100-03,A-4100,"기술표준관리대장(A4100-03)",확인,"확인",R6,text
A4100-03,A-4100,"기술표준관리대장(A4100-03)",확인,"확인",R8,text
A4100-03,A-4100,"기술표준관리대장(A4100-03)",일자,"일자",R9,date
A4100-03,A-4100,"기술표준관리대장(A4100-03)",확인,"확인",R10,text
A4100-03,A-4100,"기술표준관리대장(A4100-03)",확인,"확인",R12,text
A4100-03,A-4100,"기술표준관리대장(A4100-03)",일자,"일자",R11,date
A4100-03,A-4100,"기술표준관리대장(A4100-03)",일자,"일자",R15,date
A4100-03,A-4100,"기술표준관리대장(A4100-03)",확인,"확인",R14,text
A4100-03,A-4100,"기술표준관리대장(A4100-03)",확인,"확인",R16,text
A4100-03,A-4100,"기술표준관리대장(A4100-03)",일자,"일자",R13,date
A4100-03,A-4100,"기술표준관리대장(A4100-03)",일자,"일자",R17,date
A4100-03,A-4100,"기술표준관리대장(A4100-03)",일자,"일자",R19,date
A4100-03,A-4100,"기술표준관리대장(A4100-03)",확인,"확인",R18,text
A4100-03,A-4100,"기술표준관리대장(A4100-03)",확인,"확인",R22,text
A4100-03,A-4100,"기술표준관리대장(A4100-03)",일자,"일자",R21,date
A4100-03,A-4100,"기술표준관리대장(A4100-03)",확인,"확인",R20,text
A4100-03,A-4100,"기술표준관리대장(A4100-03)",확인,"확인",R24,text
A4100-03,A-4100,"기술표준관리대장(A4100-03)",일자,"일자",R23,date
A4100-04,A-4100,"자료관리대장(A4100-04)",작성부서,"작성 부서",AQ1,text
A4100-04,A-4100,"자료관리대장(A4100-04)",작성자,"작 성 자",AQ2,text
A4100-04,A-4100,"자료관리대장(A4100-04)",NO,"NO",A5,text
A4100-04,A-4100,"자료관리대장(A4100-04)",자료번호,"자료 번호",C5,text
A4100-04,A-4100,"자료관리대장(A4100-04)",자료명,"자 료 명",H5,text
A4100-04,A-4100,"자료관리대장(A4100-04)",면수,"면수",N5,text
A4100-04,A-4100,"자료관리대장(A4100-04)",일자,"일자",R5,date
A4100-04,A-4100,"자료관리대장(A4100-04)",REV1,"REV.1",W5,text
A4100-04,A-4100,"자료관리대장(A4100-04)",REV2,"REV.2",AB5,text
A4100-04,A-4100,"자료관리대장(A4100-04)",일자,"일자",R7,date
A4100-04,A-4100,"자료관리대장(A4100-04)",REV3,"REV.3",AG5,text
A4100-04,A-4100,"자료관리대장(A4100-04)",REV4,"REV.4",AL5,text
A4100-04,A-4100,"자료관리대장(A4100-04)",비고,"비 고",AQ5,text
A4100-04,A-4100,"자료관리대장(A4100-04)",확인,"확인",R6,text
A4100-04,A-4100,"자료관리대장(A4100-04)",확인,"확인",R8,text
A4100-04,A-4100,"자료관리대장(A4100-04)",일자,"일자",R9,date
A4100-04,A-4100,"자료관리대장(A4100-04)",확인,"확인",R10,text
A4100-04,A-4100,"자료관리대장(A4100-04)",확인,"확인",R12,text
A4100-04,A-4100,"자료관리대장(A4100-04)",일자,"일자",R11,date
A4100-04,A-4100,"자료관리대장(A4100-04)",일자,"일자",R15,date
A4100-04,A-4100,"자료관리대장(A4100-04)",확인,"확인",R14,text
A4100-04,A-4100,"자료관리대장(A4100-04)",확인,"확인",R16,text
A4100-04,A-4100,"자료관리대장(A4100-04)",일자,"일자",R13,date
A4100-04,A-4100,"자료관리대장(A4100-04)",일자,"일자",R17,date
A4100-04,A-4100,"자료관리대장(A4100-04)",일자,"일자",R19,date
A4100-04,A-4100,"자료관리대장(A4100-04)",확인,"확인",R18,text
A4100-04,A-4100,"자료관리대장(A4100-04)",확인,"확인",R22,text
A4100-04,A-4100,"자료관리대장(A4100-04)",일자,"일자",R21,date
A4100-04,A-4100,"자료관리대장(A4100-04)",확인,"확인",R20,text
A4100-04,A-4100,"자료관리대장(A4100-04)",확인,"확인",R24,text
A4100-04,A-4100,"자료관리대장(A4100-04)",일자,"일자",R23,date
A4100-05,A-4100,"양식 제개정 신청서(A4100-05)",신청부서,"신청 부서",Y4,text
A4100-05,A-4100,"양식 제개정 신청서(A4100-05)",양식명및관리번호,"양식명 및 관리번호",G6,text
A4100-05,A-4100,"양식 제개정 신청서(A4100-05)",제개정사유,"제,개정 사유",G7,text
A4100-05,A-4100,"양식 제개정 신청서(A4100-05)",신청일자,"신청 일자",E4,date
A4100-05,A-4100,"양식 제개정 신청서(A4100-05)",신청사업부,"신청 사업부",O4,text
A4100-05,A-4100,"양식 제개정 신청서(A4100-05)",양식명및관리번호,"양식명 및 관리번호",G10,text
A4100-05,A-4100,"양식 제개정 신청서(A4100-05)",제개정사유,"제,개정 사유",G11,text
A4100-05,A-4100,"양식 제개정 신청서(A4100-05)",양식명및관리번호,"양식명 및 관리번호",G14,text
A4100-05,A-4100,"양식 제개정 신청서(A4100-05)",제개정사유,"제,개정 사유",G15,text
A4100-05,A-4100,"양식 제개정 신청서(A4100-05)",양식명및관리번호,"양식명 및 관리번호",G18,text
A4100-05,A-4100,"양식 제개정 신청서(A4100-05)",제개정사유,"제,개정 사유",G19,text
A4100-05,A-4100,"양식 제개정 신청서(A4100-05)",사업부부서명,"사업부&부서명",E23,text
A4100-05,A-4100,"양식 제개정 신청서(A4100-05)",검토자,"검토자",E24,text
A4100-05,A-4100,"양식 제개정 신청서(A4100-05)",검토,"검 토",Y24,text
A4100-05,A-4100,"양식 제개정 신청서(A4100-05)",승인,"승 인",AB24,text
A4100-05,A-4100,"양식 제개정 신청서(A4100-05)",검토일자,"검토일자",E25,date
A4100-05,A-4100,"양식 제개정 신청서(A4100-05)",검토자,"검토자",E27,text
A4100-05,A-4100,"양식 제개정 신청서(A4100-05)",검토,"검 토",Y27,text
A4100-05,A-4100,"양식 제개정 신청서(A4100-05)",승인,"승 인",AB27,text
A4100-05,A-4100,"양식 제개정 신청서(A4100-05)",사업부부서명,"사업부&부서명",E26,text
A4100-05,A-4100,"양식 제개정 신청서(A4100-05)",검토일자,"검토일자",E28,date
A4100-05,A-4100,"양식 제개정 신청서(A4100-05)",사업부부서명,"사업부&부서명",E29,text
A4100-05,A-4100,"양식 제개정 신청서(A4100-05)",검토자,"검토자",E30,text
A4100-05,A-4100,"양식 제개정 신청서(A4100-05)",검토,"검 토",Y30,text
A4100-05,A-4100,"양식 제개정 신청서(A4100-05)",승인,"승 인",AB30,text
A4100-05,A-4100,"양식 제개정 신청서(A4100-05)",검토일자,"검토일자",E31,date
A4100-05,A-4100,"양식 제개정 신청서(A4100-05)",사업부부서명,"사업부&부서명",E32,text
A4100-05,A-4100,"양식 제개정 신청서(A4100-05)",검토자,"검토자",E33,text
A4100-05,A-4100,"양식 제개정 신청서(A4100-05)",검토,"검 토",Y33,text
A4100-05,A-4100,"양식 제개정 신청서(A4100-05)",승인,"승 인",AB33,text
A4100-05,A-4100,"양식 제개정 신청서(A4100-05)",검토일자,"검토일자",E34,date
A4100-05,A-4100,"양식 제개정 신청서(A4100-05)",사업부부서명,"사업부&부서명",E36,text
A4100-05,A-4100,"양식 제개정 신청서(A4100-05)",검토자,"검토자",E37,text
A4100-05,A-4100,"양식 제개정 신청서(A4100-05)",검토,"검 토",Y37,text
A4100-05,A-4100,"양식 제개정 신청서(A4100-05)",승인,"승 인",AB37,text
A4100-05,A-4100,"양식 제개정 신청서(A4100-05)",검토일자,"검토일자",E38,date
A4100-06,A-4100,"양식등록대장(A4100-06)",작성부서,"작성 부서",AQ1,text
A4100-06,A-4100,"양식등록대장(A4100-06)",작성자,"작 성 자",AQ2,text
A4100-06,A-4100,"양식등록대장(A4100-06)",NO,"NO",A5,text
A4100-06,A-4100,"양식등록대장(A4100-06)",양식번호,"양식 번호",C5,text
A4100-06,A-4100,"양식등록대장(A4100-06)",양식명,"양 식 명",H5,text
A4100-06,A-4100,"양식등록대장(A4100-06)",면수,"면수",N5,text
A4100-06,A-4100,"양식등록대장(A4100-06)",일자,"일자",R5,date
A4100-06,A-4100,"양식등록대장(A4100-06)",REV1,"REV.1",W5,text
A4100-06,A-4100,"양식등록대장(A4100-06)",REV2,"REV.2",AB5,text
A4100-06,A-4100,"양식등록대장(A4100-06)",일자,"일자",R7,date
A4100-06,A-4100,"양식등록대장(A4100-06)",REV3,"REV.3",AG5,text
A4100-06,A-4100,"양식등록대장(A4100-06)",REV4,"REV.4",AL5,text
A4100-06,A-4100,"양식등록대장(A4100-06)",비고,"비 고",AQ5,text
A4100-06,A-4100,"양식등록대장(A4100-06)",확인,"확인",R6,text
A4100-06,A-4100,"양식등록대장(A4100-06)",확인,"확인",R8,text
A4100-06,A-4100,"양식등록대장(A4100-06)",일자,"일자",R9,date
A4100-06,A-4100,"양식등록대장(A4100-06)",확인,"확인",R10,text
A4100-06,A-4100,"양식등록대장(A4100-06)",확인,"확인",R12,text
A4100-06,A-4100,"양식등록대장(A4100-06)",일자,"일자",R11,date
A4100-06,A-4100,"양식등록대장(A4100-06)",일자,"일자",R15,date
A4100-06,A-4100,"양식등록대장(A4100-06)",확인,"확인",R14,text
A4100-06,A-4100,"양식등록대장(A4100-06)",확인,"확인",R16,text
A4100-06,A-4100,"양식등록대장(A4100-06)",일자,"일자",R13,date
A4100-06,A-4100,"양식등록대장(A4100-06)",일자,"일자",R17,date
A4100-06,A-4100,"양식등록대장(A4100-06)",일자,"일자",R19,date
A4100-06,A-4100,"양식등록대장(A4100-06)",확인,"확인",R18,text
A4100-06,A-4100,"양식등록대장(A4100-06)",확인,"확인",R22,text
A4100-06,A-4100,"양식등록대장(A4100-06)",일자,"일자",R21,date
A4100-06,A-4100,"양식등록대장(A4100-06)",확인,"확인",R20,text
A4100-06,A-4100,"양식등록대장(A4100-06)",확인,"확인",R24,text
A4100-06,A-4100,"양식등록대장(A4100-06)",일자,"일자",R23,date
A4200-01,A-4200,"보존기록목록표 (A4200-01)",종료일,"종료일",AL7,date
A4200-01,A-4200,"보존기록목록표 (A4200-01)",주관부서확인,"주관부서 확인",AO7,text
A4200-01,A-4200,"보존기록목록표 (A4200-01)",비고,"비 고",AS7,text
A4200-01,A-4200,"보존기록목록표 (A4200-01)",문서명,"문 서 명",L7,text
A4200-01,A-4200,"보존기록목록표 (A4200-01)",NO,"NO",A7,text
A4200-01,A-4200,"보존기록목록표 (A4200-01)",년도,"년도",C7,text
A4200-01,A-4200,"보존기록목록표 (A4200-01)",팀명,"팀명",F7,text
A4200-01,A-4200,"보존기록목록표 (A4200-01)",일련번호,"일련번호",I7,text
A4200-01,A-4200,"보존기록목록표 (A4200-01)",사업부및부서명,"사업부 및 부서명",W7,text
A4200-01,A-4200,"보존기록목록표 (A4200-01)",담당자명,"담당자명",AA7,text
A4200-01,A-4200,"보존기록목록표 (A4200-01)",확인,"확 인",AE7,text
A4200-01,A-4200,"보존기록목록표 (A4200-01)",시작일,"시작일",AI7,date
A4200-01,A-4200,"보존기록목록표 (A4200-01)",사업부및팀명,"사업부 및 팀명",AP1,text
A4200-01,A-4200,"보존기록목록표 (A4200-01)",작성자,"작 성 자",AP2,text
A4200-01,A-4200,"보존기록목록표 (A4200-01)",페이지,"페 이 지",AP3,text
A4200-02,A-4200,"기록분류표 (A4200-02)",기타,"기타",AP8,text
A4200-02,A-4200,"기록분류표 (A4200-02)",비고,"비 고",AR8,text
A4200-02,A-4200,"기록분류표 (A4200-02)",품질,"품질",AB8,text
A4200-02,A-4200,"기록분류표 (A4200-02)",환경,"환경",AD8,text
A4200-02,A-4200,"기록분류표 (A4200-02)",일반,"일반",AF8,text
A4200-02,A-4200,"기록분류표 (A4200-02)",보존년한,"보존년한",AH8,text
A4200-02,A-4200,"기록분류표 (A4200-02)",바인더,"바인더",AL8,text
A4200-02,A-4200,"기록분류표 (A4200-02)",홀더,"홀더",AN8,text
A4200-02,A-4200,"기록분류표 (A4200-02)",NO,"NO",A8,text
A4200-02,A-4200,"기록분류표 (A4200-02)",대분류,"대분류",C8,text
A4200-02,A-4200,"기록분류표 (A4200-02)",중분류,"중분류",F8,text
A4200-02,A-4200,"기록분류표 (A4200-02)",소분류,"소분류",I8,text
A4200-02,A-4200,"기록분류표 (A4200-02)",기록명,"기록명",L8,text
A4200-02,A-4200,"기록분류표 (A4200-02)",사업부및팀명,"사업부 및 팀명",F5,text
A4200-02,A-4200,"기록분류표 (A4200-02)",페이지,"페이지",AS5,text
A4200-02,A-4200,"기록분류표 (A4200-02)",발행일,"발 행 일",U5,date
A4200-02,A-4200,"기록분류표 (A4200-02)",작성자,"작성자",AJ5,text
A4200-03,A-4200,"폐기기록 목록표(A4200-03)",시작일,"시작일",W7,date
A4200-03,A-4200,"폐기기록 목록표(A4200-03)",종료일,"종료일",Z7,date
A4200-03,A-4200,"폐기기록 목록표(A4200-03)",사업부및부서명,"사업부 및 부서명",AC7,text
A4200-03,A-4200,"폐기기록 목록표(A4200-03)",담당자명,"담당자명",AG7,text
A4200-03,A-4200,"폐기기록 목록표(A4200-03)",확인,"확 인",AK7,text
A4200-03,A-4200,"폐기기록 목록표(A4200-03)",사업부및팀명,"사업부 및 팀명",AP1,text
A4200-03,A-4200,"폐기기록 목록표(A4200-03)",작성자,"작 성 자",AP2,text
A4200-03,A-4200,"폐기기록 목록표(A4200-03)",페이지,"페 이 지",AP3,text
A4200-03,A-4200,"폐기기록 목록표(A4200-03)",폐기일자,"폐기일자",AO7,date
A4200-03,A-4200,"폐기기록 목록표(A4200-03)",비고,"비 고",AS7,text
A4200-03,A-4200,"폐기기록 목록표(A4200-03)",NO,"NO",A7,text
A4200-03,A-4200,"폐기기록 목록표(A4200-03)",년도,"년도",C7,text
A4200-03,A-4200,"폐기기록 목록표(A4200-03)",팀명,"팀명",F7,text
A4200-03,A-4200,"폐기기록 목록표(A4200-03)",일련번호,"일련번호",I7,text
A4200-03,A-4200,"폐기기록 목록표(A4200-03)",기록명,"기 록 명",L7,text
A5100-01,A-5100,"내부심사 년간 계획 및 실적 (A5100-01)",작성,"작 성",AN2,text
A5100-01,A-5100,"내부심사 년간 계획 및 실적 (A5100-01)",검토,"검 토",AQ2,text
A5100-01,A-5100,"내부심사 년간 계획 및 실적 (A5100-01)",승인,"승 인",AT2,text
A5100-01,A-5100,"내부심사 년간 계획 및 실적 (A5100-01)",,"●",Q12,text
A5100-01,A-5100,"내부심사 년간 계획 및 실적 (A5100-01)",생산관리팀,"생산관리팀",AP12,text
A5100-01,A-5100,"내부심사 년간 계획 및 실적 (A5100-01)",,"●",U17,text
A5100-01,A-5100,"내부심사 년간 계획 및 실적 (A5100-01)",,"●",Y17,text
A5100-01,A-5100,"내부심사 년간 계획 및 실적 (A5100-01)",,"●",U12,text
A5100-01,A-5100,"내부심사 년간 계획 및 실적 (A5100-01)",,"●",Y12,text
A5100-01,A-5100,"내부심사 년간 계획 및 실적 (A5100-01)",,"●",AC12,text
A5100-01,A-5100,"내부심사 년간 계획 및 실적 (A5100-01)",,"●",Q17,text
A5100-01,A-5100,"내부심사 년간 계획 및 실적 (A5100-01)",,"●",AG12,text
A5100-01,A-5100,"내부심사 년간 계획 및 실적 (A5100-01)",,"●",AK12,text
A5100-01,A-5100,"내부심사 년간 계획 및 실적 (A5100-01)",,"●",AC19,text
A5100-01,A-5100,"내부심사 년간 계획 및 실적 (A5100-01)",,"○",AG19,text
A5100-01,A-5100,"내부심사 년간 계획 및 실적 (A5100-01)",,"○",AK19,text
A5100-01,A-5100,"내부심사 년간 계획 및 실적 (A5100-01)",,"○",AG21,text
A5100-01,A-5100,"내부심사 년간 계획 및 실적 (A5100-01)",,"○",AK21,text
A5100-01,A-5100,"내부심사 년간 계획 및 실적 (A5100-01)",,"●",Q19,text
A5100-01,A-5100,"내부심사 년간 계획 및 실적 (A5100-01)",,"●",U19,text
A5100-01,A-5100,"내부심사 년간 계획 및 실적 (A5100-01)",,"●",Y19,text
A5100-01,A-5100,"내부심사 년간 계획 및 실적 (A5100-01)",,"●",AC17,text
A5100-01,A-5100,"내부심사 년간 계획 및 실적 (A5100-01)",,"○",AG17,text
A5100-01,A-5100,"내부심사 년간 계획 및 실적 (A5100-01)",,"○",AK17,text
A5100-01,A-5100,"내부심사 년간 계획 및 실적 (A5100-01)",,"●",U23,text
A5100-01,A-5100,"내부심사 년간 계획 및 실적 (A5100-01)",,"●",Y23,text
A5100-01,A-5100,"내부심사 년간 계획 및 실적 (A5100-01)",,"●",Q23,text
A5100-01,A-5100,"내부심사 년간 계획 및 실적 (A5100-01)",,"●",U21,text
A5100-01,A-5100,"내부심사 년간 계획 및 실적 (A5100-01)",,"●",Y21,text
A5100-01,A-5100,"내부심사 년간 계획 및 실적 (A5100-01)",,"●",AC21,text
A5100-01,A-5100,"내부심사 년간 계획 및 실적 (A5100-01)",,"○",AG23,text
A5100-01,A-5100,"내부심사 년간 계획 및 실적 (A5100-01)",,"○",AK23,text
A5100-01,A-5100,"내부심사 년간 계획 및 실적 (A5100-01)",,"●",AC23,text
A5100-01,A-5100,"내부심사 년간 계획 및 실적 (A5100-01)",,"●",Q21,text
A5100-01,A-5100,"내부심사 년간 계획 및 실적 (A5100-01)",,"●",Q27,text
A5100-01,A-5100,"내부심사 년간 계획 및 실적 (A5100-01)",,"●",U27,text
A5100-01,A-5100,"내부심사 년간 계획 및 실적 (A5100-01)",,"●",Y25,text
A5100-01,A-5100,"내부심사 년간 계획 및 실적 (A5100-01)",,"●",AC25,text
A5100-01,A-5100,"내부심사 년간 계획 및 실적 (A5100-01)",,"○",AG25,text
A5100-01,A-5100,"내부심사 년간 계획 및 실적 (A5100-01)",,"○",AK27,text
A5100-01,A-5100,"내부심사 년간 계획 및 실적 (A5100-01)",,"●",AC27,text
A5100-01,A-5100,"내부심사 년간 계획 및 실적 (A5100-01)",,"○",AG27,text
A5100-01,A-5100,"내부심사 년간 계획 및 실적 (A5100-01)",,"●",Q29,text
A5100-01,A-5100,"내부심사 년간 계획 및 실적 (A5100-01)",,"●",U29,text
A5100-01,A-5100,"내부심사 년간 계획 및 실적 (A5100-01)",,"●",Y29,text
A5100-01,A-5100,"내부심사 년간 계획 및 실적 (A5100-01)",,"●",Y27,text
A5100-01,A-5100,"내부심사 년간 계획 및 실적 (A5100-01)",,"○",AK25,text
A5100-01,A-5100,"내부심사 년간 계획 및 실적 (A5100-01)",,"●",Q25,text
A5100-01,A-5100,"내부심사 년간 계획 및 실적 (A5100-01)",,"●",U25,text
A5100-01,A-5100,"내부심사 년간 계획 및 실적 (A5100-01)",,"●",AC31,text
A5100-01,A-5100,"내부심사 년간 계획 및 실적 (A5100-01)",,"○",AG31,text
A5100-01,A-5100,"내부심사 년간 계획 및 실적 (A5100-01)",,"○",AK31,text
A5100-01,A-5100,"내부심사 년간 계획 및 실적 (A5100-01)",,"●",Q31,text
A5100-01,A-5100,"내부심사 년간 계획 및 실적 (A5100-01)",,"●",U31,text
A5100-01,A-5100,"내부심사 년간 계획 및 실적 (A5100-01)",,"●",Y31,text
A5100-01,A-5100,"내부심사 년간 계획 및 실적 (A5100-01)",,"●",AC29,text
A5100-01,A-5100,"내부심사 년간 계획 및 실적 (A5100-01)",,"○",AG29,text
A5100-01,A-5100,"내부심사 년간 계획 및 실적 (A5100-01)",,"○",AK29,text
A5100-01,A-5100,"내부심사 년간 계획 및 실적 (A5100-01)",,"○",AK33,text
A5100-01,A-5100,"내부심사 년간 계획 및 실적 (A5100-01)",,"●",Q35,text
A5100-01,A-5100,"내부심사 년간 계획 및 실적 (A5100-01)",,"●",U35,text
A5100-01,A-5100,"내부심사 년간 계획 및 실적 (A5100-01)",,"●",Y33,text
A5100-01,A-5100,"내부심사 년간 계획 및 실적 (A5100-01)",,"●",AC33,text
A5100-01,A-5100,"내부심사 년간 계획 및 실적 (A5100-01)",,"○",AG33,text
A5100-01,A-5100,"내부심사 년간 계획 및 실적 (A5100-01)",,"●",Q33,text
A5100-01,A-5100,"내부심사 년간 계획 및 실적 (A5100-01)",,"●",U33,text
A5100-01,A-5100,"내부심사 년간 계획 및 실적 (A5100-01)",,"○",AK35,text
A5100-01,A-5100,"내부심사 년간 계획 및 실적 (A5100-01)",,"●",Y35,text
A5100-01,A-5100,"내부심사 년간 계획 및 실적 (A5100-01)",,"●",AC35,text
A5100-01,A-5100,"내부심사 년간 계획 및 실적 (A5100-01)",,"○",AG35,text
A5100-02,A-5100,"내부심사(품질,환경,안전) 실시 계획서(A5100-02)",사장,"사 장",AC2,text
A5100-02,A-5100,"내부심사(품질,환경,안전) 실시 계획서(A5100-02)",C,"C",AD10,text
A5100-02,A-5100,"내부심사(품질,환경,안전) 실시 계획서(A5100-02)",C,"C",AD9,text
A5100-02,A-5100,"내부심사(품질,환경,안전) 실시 계획서(A5100-02)",B,"B",AD11,text
A5100-02,A-5100,"내부심사(품질,환경,안전) 실시 계획서(A5100-02)",C,"C",AD12,text
A5100-02,A-5100,"내부심사(품질,환경,안전) 실시 계획서(A5100-02)",5,"5",BB11,text
A5100-02,A-5100,"내부심사(품질,환경,안전) 실시 계획서(A5100-02)",5,"5",BB12,text
A5100-02,A-5100,"내부심사(품질,환경,안전) 실시 계획서(A5100-02)",4,"4",BI12,text
A5100-02,A-5100,"내부심사(품질,환경,안전) 실시 계획서(A5100-02)",B,"B",AD13,text
A5100-02,A-5100,"내부심사(품질,환경,안전) 실시 계획서(A5100-02)",C,"C",AD14,text
A5100-02,A-5100,"내부심사(품질,환경,안전) 실시 계획서(A5100-02)",0,"0",BB13,text
A5100-02,A-5100,"내부심사(품질,환경,안전) 실시 계획서(A5100-02)",5,"5",BI13,text
A5100-02,A-5100,"내부심사(품질,환경,안전) 실시 계획서(A5100-02)",0,"0",BB14,text
A5100-02,A-5100,"내부심사(품질,환경,안전) 실시 계획서(A5100-02)",6,"6",BI14,text
A5100-02,A-5100,"내부심사(품질,환경,안전) 실시 계획서(A5100-02)",7,"7",BI15,text
A5100-02,A-5100,"내부심사(품질,환경,안전) 실시 계획서(A5100-02)",C,"C",AD15,text
A5100-02,A-5100,"내부심사(품질,환경,안전) 실시 계획서(A5100-02)",5,"5",BB16,text
A5100-02,A-5100,"내부심사(품질,환경,안전) 실시 계획서(A5100-02)",C,"C",AD16,text
A5100-02,A-5100,"내부심사(품질,환경,안전) 실시 계획서(A5100-02)",5,"5",BB15,text
A5100-02,A-5100,"내부심사(품질,환경,안전) 실시 계획서(A5100-02)",0,"0",BB17,text
A5100-02,A-5100,"내부심사(품질,환경,안전) 실시 계획서(A5100-02)",C,"C",AD18,text
A5100-02,A-5100,"내부심사(품질,환경,안전) 실시 계획서(A5100-02)",C,"C",AD17,text
A5100-02,A-5100,"내부심사(품질,환경,안전) 실시 계획서(A5100-02)",0,"0",BB18,text
A5100-02,A-5100,"내부심사(품질,환경,안전) 실시 계획서(A5100-02)",0,"0",BB19,text
A5100-02,A-5100,"내부심사(품질,환경,안전) 실시 계획서(A5100-02)",C,"C",AD19,text
A5100-02,A-5100,"내부심사(품질,환경,안전) 실시 계획서(A5100-02)",A,"A",AD20,text
A5100-02,A-5100,"내부심사(품질,환경,안전) 실시 계획서(A5100-02)",A,"A",AD21,text
A5100-02,A-5100,"내부심사(품질,환경,안전) 실시 계획서(A5100-02)",A,"A",AD22,text
A5100-02,A-5100,"내부심사(품질,환경,안전) 실시 계획서(A5100-02)",A,"A",AD23,text
A5100-02,A-5100,"내부심사(품질,환경,안전) 실시 계획서(A5100-02)",A,"A",AD24,text
A5100-02,A-5100,"내부심사(품질,환경,안전) 실시 계획서(A5100-02)",A,"A",AD25,text
A5100-02,A-5100,"내부심사(품질,환경,안전) 실시 계획서(A5100-02)",제품심사,"제품 심사",A30,text
A5100-02,A-5100,"내부심사(품질,환경,안전) 실시 계획서(A5100-02)",A,"A",AD26,text
A5100-02,A-5100,"내부심사(품질,환경,안전) 실시 계획서(A5100-02)",생산관리P필라넥워터,"생산관리 P (필라넥워터)",AF45,text
A5100-02,A-5100,"내부심사(품질,환경,안전) 실시 계획서(A5100-02)",생산관리P정밀인발튜브,"생산관리 P (정밀인발튜브)",AF41,text
A5100-02,A-5100,"내부심사(품질,환경,안전) 실시 계획서(A5100-02)",생산관리PAM,"생산관리 P (A/M)",AF48,text
A6100-01,A-6100,"나의 제안(A6100-01)",99이하,"年99이하",AE48,text
A6100-01,A-6100,"나의 제안(A6100-01)",합계,"합 계",AE63,text
A6100-01,A-6100,"나의 제안(A6100-01)",2차,"2차",AG48,text
A6100-01,A-6100,"나의 제안(A6100-01)",1점3점,"1점 ~ 3점",AA51,text
A6100-01,A-6100,"나의 제안(A6100-01)",1점3점,"1점 ~ 3점",AA54,text
A6100-01,A-6100,"나의 제안(A6100-01)",1점3점,"1점 ~ 3점",AA57,text
A6100-01,A-6100,"나의 제안(A6100-01)",1점,"1점",AA60,text
A6100-01,A-6100,"나의 제안(A6100-01)",적용어려움,"적용 어려움",AA59,text
A6100-01,A-6100,"나의 제안(A6100-01)",각사업부사업부장판단배점,"※각 사업부 사업부장 판단 배점",AA62,text
A6100-01,A-6100,"나의 제안(A6100-01)",단일공정만적용,"단일공정 만 적용",AA53,text
A6100-01,A-6100,"나의 제안(A6100-01)",동일공정적용수평전개,"동일공정 적용, 수평 전개",AA56,text
A6100-01,A-6100,"나의 제안(A6100-01)",접수번호,"접수번호",F3,text
A6100-01,A-6100,"나의 제안(A6100-01)",제출일자,"제출일자",R3,date
A6100-01,A-6100,"나의 제안(A6100-01)",소속사업부,"소속 사업부",AD3,text
A6100-01,A-6100,"나의 제안(A6100-01)",개선제목,"개선 제목",F5,text
A6100-01,A-6100,"나의 제안(A6100-01)",소속부서공정,"소속부서(공정)",F4,text
A6100-01,A-6100,"나의 제안(A6100-01)",성명,"성 명",R4,text
A6100-01,A-6100,"나의 제안(A6100-01)",검토,"검 토",D25,text
A6100-01,A-6100,"나의 제안(A6100-01)",개선전,"개 선 전",B8,text
A6100-01,A-6100,"나의 제안(A6100-01)",개선후,"개 선 후",S8,text
A6100-01,A-6100,"나의 제안(A6100-01)",승인,"승 인",H25,text
A6100-01,A-6100,"나의 제안(A6100-01)",검토,"검 토",L25,text
A6100-01,A-6100,"나의 제안(A6100-01)",승인,"승 인",P25,text
A6100-01,A-6100,"나의 제안(A6100-01)",최종심사승인,"최종심사 승 인",T25,text
A6100-01,A-6100,"나의 제안(A6100-01)",,"/",D28,text
A6100-01,A-6100,"나의 제안(A6100-01)",,"/",L28,text
A6100-01,A-6100,"나의 제안(A6100-01)",,"/",T28,text
A6100-02,A-6100,"제안관리대장(A6100-02)",포상금액,"포상금액(\)",AB7,text
A6100-02,A-6100,"제안관리대장(A6100-02)",접수번호,"접수번호",B7,text
A6100-02,A-6100,"제안관리대장(A6100-02)",제안일자,"제안일자",E7,date
A6100-02,A-6100,"제안관리대장(A6100-02)",제안내용,"제 안 내 용",N7,text
A6100-02,A-6100,"제안관리대장(A6100-02)",등급,"등 급",Z7,text
A6100-03,A-6100,"제안종합현황(A6100-03)",누계,"누계",Z5,text
A6100-03,A-6100,"제안종합현황(A6100-03)",제출건수월,"제출건수( 월)",F6,text
A6100-03,A-6100,"제안종합현황(A6100-03)",목표채택건수,"목표(채택)건수",F5,text
A6100-03,A-6100,"제안종합현황(A6100-03)",튜브인발사업부,"튜브인발사업부",J5,text
A6100-03,A-6100,"제안종합현황(A6100-03)",필라넥워터사업부,"필라넥워터 사업부",N5,text
A6100-03,A-6100,"제안종합현황(A6100-03)",조관사업부,"조관사업부",R5,text
A6100-03,A-6100,"제안종합현황(A6100-03)",기술연구소,"기술연구소",V5,text
A6100-03,A-6100,"제안종합현황(A6100-03)",누계제출율,"누계제출율(%)",F8,text
A6100-03,A-6100,"제안종합현황(A6100-03)",제출건수누계,"제출건수(누계)",F7,text
A6100-03,A-6100,"제안종합현황(A6100-03)",비고,"비 고",F11,text
A6100-03,A-6100,"제안종합현황(A6100-03)",채택율,"채택율(%)",F10,text
A6100-03,A-6100,"제안종합현황(A6100-03)",채택건수,"채택건수",F9,text
A6200-01,A-6200,"분임조 등록카드(A6200-01)",위원장,"위원장",AM2,text
A6200-01,A-6200,"분임조 등록카드(A6200-01)",분임조명,"분임조 명",H5,text
A6200-01,A-6200,"분임조 등록카드(A6200-01)",등록일자,"등록 일자",AC5,date
A6200-01,A-6200,"분임조 등록카드(A6200-01)",지도위원,"지도 위원",H6,text
A6200-01,A-6200,"분임조 등록카드(A6200-01)",등록번호,"등록 번호",AC6,text
A6200-01,A-6200,"분임조 등록카드(A6200-01)",소속,"소 속",H7,text
A6200-01,A-6200,"분임조 등록카드(A6200-01)",분임조장,"분임 조장",AC7,text
A6200-01,A-6200,"분임조 등록카드(A6200-01)",서기,"서 기",AC8,text
A6200-01,A-6200,"분임조 등록카드(A6200-01)",생년월일,"생년월일",AE11,date
A6200-01,A-6200,"분임조 등록카드(A6200-01)",입사년월일,"입사년월일",AK11,date
A6200-01,A-6200,"분임조 등록카드(A6200-01)",성명,"성 명",A11,text
A6200-01,A-6200,"분임조 등록카드(A6200-01)",성별,"성 별",G11,text
A6200-01,A-6200,"분임조 등록카드(A6200-01)",생년월일,"생년월일",J11,date
A6200-01,A-6200,"분임조 등록카드(A6200-01)",입사년월일,"입사년월일",P11,date
A6200-01,A-6200,"분임조 등록카드(A6200-01)",성명,"성 명",V11,text
A6200-01,A-6200,"분임조 등록카드(A6200-01)",성별,"성 별",AB11,text
A6200-02,A-6200,"분임조 활동계획서(A6200-02)",사무국,"사무국",AI2,text
A6200-02,A-6200,"분임조 활동계획서(A6200-02)",위원장,"위원장",AM2,text
A6200-02,A-6200,"분임조 활동계획서(A6200-02)",실시항목,"실 시 항 목",A22,text
A6200-02,A-6200,"분임조 활동계획서(A6200-02)",일정,"일 정",AA22,text
A6200-02,A-6200,"분임조 활동계획서(A6200-02)",담당자,"담 당 자",AK22,text
A6200-02,A-6200,"분임조 활동계획서(A6200-02)",작성일자,"작성일자",H5,date
A6200-02,A-6200,"분임조 활동계획서(A6200-02)",분임조명,"분임조명",H6,text
A6200-02,A-6200,"분임조 활동계획서(A6200-02)",소속,"소 속",AC6,text
A6200-02,A-6200,"분임조 활동계획서(A6200-02)",조장,"조 장",AI35,text
A6200-03,A-6200,"분임조 활동 회의록(A6200-03)",위원장,"위원장",AM2,text
A6200-03,A-6200,"분임조 활동 회의록(A6200-03)",회의차수,"회의 차수",AC6,text
A6200-03,A-6200,"분임조 활동 회의록(A6200-03)",소속,"소 속",H8,text
A6200-03,A-6200,"분임조 활동 회의록(A6200-03)",기록자,"기 록 자",AC8,text
A6200-03,A-6200,"분임조 활동 회의록(A6200-03)",지도위원,"지도 위원",H7,text
A6200-03,A-6200,"분임조 활동 회의록(A6200-03)",회의시간,"회의 시간",AC7,text
A6200-03,A-6200,"분임조 활동 회의록(A6200-03)",회의일자,"회의 일자",H6,date
A6200-04,A-6200,"분임조 결과보고서(A6200-04)",사무국,"사무국",AI2,text
A6200-04,A-6200,"분임조 결과보고서(A6200-04)",위원장,"위원장",AM2,text
A6200-04,A-6200,"분임조 결과보고서(A6200-04)",보고일자,"보고 일자",H5,date
A6200-04,A-6200,"분임조 결과보고서(A6200-04)",분임조명,"분임조 명",AC5,text
A6200-04,A-6200,"분임조 결과보고서(A6200-04)",활동기간,"활 동 기 간",A8,text
A6300-01,A-6300,"품질문제 신고서 (A6300-01)",검토,"검 토",N44,text
A6300-01,A-6300,"품질문제 신고서 (A6300-01)",승인,"승 인",S44,text
A6300-01,A-6300,"품질문제 신고서 (A6300-01)",검토,"검 토",I44,text
A6300-01,A-6300,"품질문제 신고서 (A6300-01)",업체,"업 체",H31,text
A6300-01,A-6300,"품질문제 신고서 (A6300-01)",LOTNO,"LOT NO",H34,text
A6300-01,A-6300,"품질문제 신고서 (A6300-01)",불량내용,"불량내용",H37,textarea
A6300-01,A-6300,"품질문제 신고서 (A6300-01)",발생공정,"발생공정",H22,text
A6300-01,A-6300,"품질문제 신고서 (A6300-01)",작업제품,"작업제품",H25,text
A6300-01,A-6300,"품질문제 신고서 (A6300-01)",품번,"품 번",H28,text
A6300-01,A-6300,"품질문제 신고서 (A6300-01)",소속,"소 속",H10,text
A6300-01,A-6300,"품질문제 신고서 (A6300-01)",성명,"성 명",H19,text
A7100-02,A-7100,"클린신고서(A7100-02)",신고내용,"신 고 내 용",B5,text
A8101-02,A-8101,"비상사태 대비 훈련결과 보고서(A8101-02)",시나리오,"시나리오",B11,text
A8101-02,A-8101,"비상사태 대비 훈련결과 보고서(A8101-02)",주요훈련내용,"주요 훈련내용",B16,textarea
A8101-02,A-8101,"비상사태 대비 훈련결과 보고서(A8101-02)",참석자명단,"참석자 명단",B18,text
A8101-02,A-8101,"비상사태 대비 훈련결과 보고서(A8101-02)",참석자명단,"참석자 명단",N18,text
A8101-03,A-8101,"비상사태 대비 훈련 평가표(A8101-03)",문제점또는개선의기회,"문제점 또는 개선의 기회",H5,text
A8101-04,A-8101,"비상사태 검토 보고서(A8101-04)",소속,"소 속",D7,text
A8101-04,A-8101,"비상사태 검토 보고서(A8101-04)",직급,"직 급",I7,text
A8101-04,A-8101,"비상사태 검토 보고서(A8101-04)",성명,"성 명",L7,text
A8101-04,A-8101,"비상사태 검토 보고서(A8101-04)",확인,"확 인",P7,text
A8101-04,A-8101,"비상사태 검토 보고서(A8101-04)",소속,"소 속",S7,text
A8101-04,A-8101,"비상사태 검토 보고서(A8101-04)",직급,"직 급",X7,text
A8101-04,A-8101,"비상사태 검토 보고서(A8101-04)",성명,"성 명",AA7,text
A8101-04,A-8101,"비상사태 검토 보고서(A8101-04)",확인,"확 인",AE7,text
A8101-04,A-8101,"비상사태 검토 보고서(A8101-04)",문서번호,"문서번호",E4,text
A8101-04,A-8101,"비상사태 검토 보고서(A8101-04)",주관부서,"주관부서",E5,text
A8101-04,A-8101,"비상사태 검토 보고서(A8101-04)",작성일자,"작성일자",P4,date
A8101-04,A-8101,"비상사태 검토 보고서(A8101-04)",2회의내용,"2.회의 내용 :",A13,textarea
A8101-04,A-8101,"비상사태 검토 보고서(A8101-04)",승인,"승 인",AE2,text
A8101-04,A-8101,"비상사태 검토 보고서(A8101-04)",검토,"검 토",AB2,text
A8101-04,A-8101,"비상사태 검토 보고서(A8101-04)",작성,"작 성",Y2,text
A8101-04,A-8101,"비상사태 검토 보고서(A8101-04)",작성자,"작성자",P5,text
B1100-01,B-1100,"부적합품 발생 통보서 (B1100-01)",발행번호,"발행 번호",K3,text
B1100-01,B-1100,"부적합품 발생 통보서 (B1100-01)",LOTNO,"LOT NO",E6,text
B1100-01,B-1100,"부적합품 발생 통보서 (B1100-01)",품번규격,"품번&규격",O6,text
B1100-01,B-1100,"부적합품 발생 통보서 (B1100-01)",발생장소,"발생장소",Y6,text
B1100-01,B-1100,"부적합품 발생 통보서 (B1100-01)",수신처,"수신처",Y4,text
B1100-01,B-1100,"부적합품 발생 통보서 (B1100-01)",품명,"품 명",Y5,text
B1100-01,B-1100,"부적합품 발생 통보서 (B1100-01)",발생일자,"발생일자",E5,date
B1100-01,B-1100,"부적합품 발생 통보서 (B1100-01)",불량수량,"불량수량",O5,text
B1100-01,B-1100,"부적합품 발생 통보서 (B1100-01)",작성일자,"작성일자",E4,date
B1100-01,B-1100,"부적합품 발생 통보서 (B1100-01)",작성자,"작성자",O4,text
B1100-02,B-1100,"부적합품 발생 통보서 관리대장 (B1100-02)",판정,"판정",AQ25,text
B1100-02,B-1100,"부적합품 발생 통보서 관리대장 (B1100-02)",1차,"1차",AQ22,text
B1100-02,B-1100,"부적합품 발생 통보서 관리대장 (B1100-02)",2차,"2차",AQ23,text
B1100-02,B-1100,"부적합품 발생 통보서 관리대장 (B1100-02)",3차,"3차",AQ24,text
B1100-02,B-1100,"부적합품 발생 통보서 관리대장 (B1100-02)",2차,"2차",AQ19,text
B1100-02,B-1100,"부적합품 발생 통보서 관리대장 (B1100-02)",3차,"3차",AQ20,text
B1100-02,B-1100,"부적합품 발생 통보서 관리대장 (B1100-02)",판정,"판정",AQ21,text
B1100-02,B-1100,"부적합품 발생 통보서 관리대장 (B1100-02)",판정,"판정",AQ17,text
B1100-02,B-1100,"부적합품 발생 통보서 관리대장 (B1100-02)",1차,"1차",AQ18,text
B1100-02,B-1100,"부적합품 발생 통보서 관리대장 (B1100-02)",1차,"1차",AQ14,text
B1100-02,B-1100,"부적합품 발생 통보서 관리대장 (B1100-02)",2차,"2차",AQ15,text
B1100-02,B-1100,"부적합품 발생 통보서 관리대장 (B1100-02)",3차,"3차",AQ16,text
B1100-02,B-1100,"부적합품 발생 통보서 관리대장 (B1100-02)",판정,"판정",AQ13,text
B1100-02,B-1100,"부적합품 발생 통보서 관리대장 (B1100-02)",1차,"1차",AQ10,text
B1100-02,B-1100,"부적합품 발생 통보서 관리대장 (B1100-02)",NO,"NO",A6,text
B1100-02,B-1100,"부적합품 발생 통보서 관리대장 (B1100-02)",발행번호,"발행 번호",C6,text
B1100-02,B-1100,"부적합품 발생 통보서 관리대장 (B1100-02)",판정,"판정",AQ9,text
B1100-02,B-1100,"부적합품 발생 통보서 관리대장 (B1100-02)",발생장소,"발생 장소",K6,text
B1100-02,B-1100,"부적합품 발생 통보서 관리대장 (B1100-02)",개선대책내용,"개선 대책 내용",P6,textarea
B1100-02,B-1100,"부적합품 발생 통보서 관리대장 (B1100-02)",대책접수일,"대책 접수일",AK6,date
B1100-02,B-1100,"부적합품 발생 통보서 관리대장 (B1100-02)",비고,"비 고",AS6,text
B1100-02,B-1100,"부적합품 발생 통보서 관리대장 (B1100-02)",귀책처,"귀책처",AC6,text
B1100-02,B-1100,"부적합품 발생 통보서 관리대장 (B1100-02)",대책요청일,"대책 요청일",AG6,date
B1100-02,B-1100,"부적합품 발생 통보서 관리대장 (B1100-02)",1차,"1차",AQ6,text
B1100-02,B-1100,"부적합품 발생 통보서 관리대장 (B1100-02)",2차,"2차",AQ7,text
B1100-02,B-1100,"부적합품 발생 통보서 관리대장 (B1100-02)",3차,"3차",AQ8,text
B1100-02,B-1100,"부적합품 발생 통보서 관리대장 (B1100-02)",2차,"2차",AQ11,text
B1100-02,B-1100,"부적합품 발생 통보서 관리대장 (B1100-02)",3차,"3차",AQ12,text
B1100-02,B-1100,"부적합품 발생 통보서 관리대장 (B1100-02)",품번규격,"품번&규격",G6,text
B1100-09,B-1100,"특채 관리대장 (B1100-09)",순,"순",A5,text
B1100-09,B-1100,"특채 관리대장 (B1100-09)",등록번호,"등록번호",C5,text
B1100-09,B-1100,"특채 관리대장 (B1100-09)",품번품명,"품번 (품명)",G5,text
B1100-09,B-1100,"특채 관리대장 (B1100-09)",특채일자,"특채일자",L5,date
B1100-09,B-1100,"특채 관리대장 (B1100-09)",부적합내용,"부적합 내용",AG5,textarea
B1100-09,B-1100,"특채 관리대장 (B1100-09)",수량개,"수량(개)",AO5,text
B1100-09,B-1100,"특채 관리대장 (B1100-09)",의뢰결과,"의뢰 결과",AR5,textarea
B1100-03,B-1100,"특채 의뢰서 (B1100-03)",특채기간,"특채기간",AL24,text
B1100-03,B-1100,"특채 의뢰서 (B1100-03)",승인부서,"승 인 부 서",A27,text
B1100-03,B-1100,"특채 의뢰서 (B1100-03)",작성,"작성",AF29,text
B1100-03,B-1100,"특채 의뢰서 (B1100-03)",검토,"검토",AK29,text
B1100-03,B-1100,"특채 의뢰서 (B1100-03)",승인,"승인",AP29,text
B1100-03,B-1100,"특채 의뢰서 (B1100-03)",특채수량,"특채수량",W24,text
B1100-03,B-1100,"특채 의뢰서 (B1100-03)",관련협조부서,"관련 협조 부서",A19,text
B1100-03,B-1100,"특채 의뢰서 (B1100-03)",작성,"작 성",B21,text
B1100-03,B-1100,"특채 의뢰서 (B1100-03)",검토,"검 토",G21,text
B1100-03,B-1100,"특채 의뢰서 (B1100-03)",승인,"승 인",L21,text
B1100-03,B-1100,"특채 의뢰서 (B1100-03)",승인,"승인",AQ16,text
B1100-03,B-1100,"특채 의뢰서 (B1100-03)",검토,"검토",AQ17,text
B1100-03,B-1100,"특채 의뢰서 (B1100-03)",관련협조부서의견,"■ 관련 / 협조 부서 의견",B18,text
B1100-03,B-1100,"특채 의뢰서 (B1100-03)",승인,"승인",AQ18,text
B1100-03,B-1100,"특채 의뢰서 (B1100-03)",부적합내용특채내용,"부적합내용 특채내용",I6,textarea
B1100-03,B-1100,"특채 의뢰서 (B1100-03)",부적합원인및대책,"부적합 원인 및 대책",I11,textarea
B1100-03,B-1100,"특채 의뢰서 (B1100-03)",의뢰부서협력업체,"의뢰부서 협력업체",A14,text
B1100-03,B-1100,"특채 의뢰서 (B1100-03)",검토,"검토",AQ15,text
B1100-03,B-1100,"특채 의뢰서 (B1100-03)",관련협조부서의견,"■ 관련 / 협조 부서 의견",B16,text
B1100-03,B-1100,"특채 의뢰서 (B1100-03)",특채일자,"특채일자",I5,date
B1100-03,B-1100,"특채 의뢰서 (B1100-03)",차종,"차종",AO4,text
B1100-03,B-1100,"특채 의뢰서 (B1100-03)",의뢰부서업체명,"의뢰부서(업체명)",I3,text
B1100-03,B-1100,"특채 의뢰서 (B1100-03)",의뢰인,"의뢰인",W3,text
B1100-03,B-1100,"특채 의뢰서 (B1100-03)",작성,"작 성",AI2,text
B1100-03,B-1100,"특채 의뢰서 (B1100-03)",검토,"검 토",AM2,text
B1100-03,B-1100,"특채 의뢰서 (B1100-03)",승인,"승 인",AQ2,text
B1100-03,B-1100,"특채 의뢰서 (B1100-03)",의뢰일,"의뢰일",AK3,date
B1100-03,B-1100,"특채 의뢰서 (B1100-03)",품명,"품명",I4,text
B1100-03,B-1100,"특채 의뢰서 (B1100-03)",품번,"품번",AB4,text
B1100-04,B-1100,"수리 작업 일지 (B1100-04)",불량내용및작업내용,"불량 내용 및 작업 내용",F7,textarea
B1100-04,B-1100,"수리 작업 일지 (B1100-04)",비고,"비 고",P7,text
B1100-04,B-1100,"수리 작업 일지 (B1100-04)",작성,"작 성",M2,text
B1100-04,B-1100,"수리 작업 일지 (B1100-04)",검토,"검 토",O2,text
B1100-04,B-1100,"수리 작업 일지 (B1100-04)",승인,"승 인",Q2,text
B1100-05,B-1100,"불량유출 봉쇄 작업표 (B1100-05)",고객INLINE,"고객 IN-LINE",A21,text
B1100-05,B-1100,"불량유출 봉쇄 작업표 (B1100-05)",총발견수량,"총 발견 수량",F22,text
B1100-05,B-1100,"불량유출 봉쇄 작업표 (B1100-05)",고객입고품보관장소,"고객 입고품 보관장소",F19,text
B1100-05,B-1100,"불량유출 봉쇄 작업표 (B1100-05)",고객INLINE,"고객 IN-LINE",F20,text
B1100-05,B-1100,"불량유출 봉쇄 작업표 (B1100-05)",협력업체,"협력업체",F17,text
B1100-05,B-1100,"불량유출 봉쇄 작업표 (B1100-05)",운송중,"운 송 중",F18,text
B1100-05,B-1100,"불량유출 봉쇄 작업표 (B1100-05)",완성품보관장소,"완성품 보관장소",F15,text
B1100-05,B-1100,"불량유출 봉쇄 작업표 (B1100-05)",부적합품보관장소,"부적합품 보관장소",F16,text
B1100-05,B-1100,"불량유출 봉쇄 작업표 (B1100-05)",작업공정반제품,"작업공정(반제품)",F13,text
B1100-05,B-1100,"불량유출 봉쇄 작업표 (B1100-05)",조립공정반제품,"조립 공정(반제품)",F14,text
B1100-05,B-1100,"불량유출 봉쇄 작업표 (B1100-05)",검증작업자,"검증작업자",N12,text
B1100-05,B-1100,"불량유출 봉쇄 작업표 (B1100-05)",입고자재창고,"입고 자재창고",F12,text
B1100-05,B-1100,"불량유출 봉쇄 작업표 (B1100-05)",확인팀,"확 인 팀",H12,text
B1100-05,B-1100,"불량유출 봉쇄 작업표 (B1100-05)",발견된부적합품수량,"발견된 부적합품 수량",L12,text
B1100-05,B-1100,"불량유출 봉쇄 작업표 (B1100-05)",품명,"품 명",M6,text
B1100-05,B-1100,"불량유출 봉쇄 작업표 (B1100-05)",팀명,"팀 명",C5,text
B1100-05,B-1100,"불량유출 봉쇄 작업표 (B1100-05)",봉쇄책임자,"봉쇄책임자",H5,text
B1100-05,B-1100,"불량유출 봉쇄 작업표 (B1100-05)",일자,"일 자",M5,text
B1100-05,B-1100,"불량유출 봉쇄 작업표 (B1100-05)",모델명,"모 델 명",C6,text
B1100-05,B-1100,"불량유출 봉쇄 작업표 (B1100-05)",품번,"품 번",H6,text
B1100-10,B-1100,"폐기보고 관리대장(B1100-10)",순,"순",A6,text
B1100-10,B-1100,"폐기보고 관리대장(B1100-10)",문서번호,"문서번호",C6,text
B1100-10,B-1100,"폐기보고 관리대장(B1100-10)",귀책처발생처,"귀책처 (발생처)",G6,text
B1100-10,B-1100,"폐기보고 관리대장(B1100-10)",품번품명,"품번 (품명)",K6,text
B1100-10,B-1100,"폐기보고 관리대장(B1100-10)",발생일자작성일자,"발생일자 (작성일자)",P6,date
B1100-10,B-1100,"폐기보고 관리대장(B1100-10)",불량내용,"불량 내용",T6,textarea
B1100-10,B-1100,"폐기보고 관리대장(B1100-10)",폐기금액,"폐기 금액",AA6,text
B1100-10,B-1100,"폐기보고 관리대장(B1100-10)",수량개,"수량(개)",AE6,text
B1100-10,B-1100,"폐기보고 관리대장(B1100-10)",조치사항,"조치사항",AH6,textarea
B1100-10,B-1100,"폐기보고 관리대장(B1100-10)",보고자,"보고자",AN6,text
B1100-10,B-1100,"폐기보고 관리대장(B1100-10)",회람부서,"회람부서",AQ6,text
B1100-10,B-1100,"폐기보고 관리대장(B1100-10)",비고,"비 고",AT6,text
B1100-06,B-1100,"폐기보고서(B1100-06)",확인,"확 인",AA29,text
B1100-06,B-1100,"폐기보고서(B1100-06)",확인,"확 인",AD29,text
B1100-06,B-1100,"폐기보고서(B1100-06)",배포처,"배 포 처",U29,text
B1100-06,B-1100,"폐기보고서(B1100-06)",작성일자,"작성일자",U4,date
B1100-06,B-1100,"폐기보고서(B1100-06)",작성자,"작성자",U5,text
B1100-06,B-1100,"폐기보고서(B1100-06)",발생일자,"발생일자",U6,date
B1100-06,B-1100,"폐기보고서(B1100-06)",문서번호,"문서 번호",E4,text
B1100-06,B-1100,"폐기보고서(B1100-06)",3폐기수량및폐기금액,"3. 폐기 수량 및 폐기 금액",A19,text
B1100-06,B-1100,"폐기보고서(B1100-06)",귀책업체명,"귀책업체명",E5,text
B1100-06,B-1100,"폐기보고서(B1100-06)",품명,"품 명",E6,text
B1100-06,B-1100,"폐기보고서(B1100-06)",품번규격,"품번&규격",E7,text
B1100-06,B-1100,"폐기보고서(B1100-06)",발생처,"발생처",U7,text
B1100-06,B-1100,"폐기보고서(B1100-06)",1불량내용,"1.불량 내용",A9,textarea
B1100-06,B-1100,"폐기보고서(B1100-06)",2폐기제품사진,"2.폐기 제품 사진",Q9,text
B1100-11,B-1100,"부적합 보관장 관리 대장(B1100-11)",조치일자,"조치 일자",AJ6,date
B1100-11,B-1100,"부적합 보관장 관리 대장(B1100-11)",확인자,"확인자",AM6,text
B1100-11,B-1100,"부적합 보관장 관리 대장(B1100-11)",비고,"비 고",AP6,text
B1100-11,B-1100,"부적합 보관장 관리 대장(B1100-11)",수량개,"수 량 (개)",T6,text
B1100-11,B-1100,"부적합 보관장 관리 대장(B1100-11)",부적합현상,"부적합 현상",V6,text
B1100-11,B-1100,"부적합 보관장 관리 대장(B1100-11)",폐기,"폐기",AB6,text
B1100-11,B-1100,"부적합 보관장 관리 대장(B1100-11)",선별,"선별",AD6,text
B1100-11,B-1100,"부적합 보관장 관리 대장(B1100-11)",특채,"특채",AF6,text
B1100-11,B-1100,"부적합 보관장 관리 대장(B1100-11)",사용,"사용",AH6,text
B1100-11,B-1100,"부적합 보관장 관리 대장(B1100-11)",순,"순",A6,text
B1100-11,B-1100,"부적합 보관장 관리 대장(B1100-11)",발생일자,"발생 일자",B6,date
B1100-11,B-1100,"부적합 보관장 관리 대장(B1100-11)",발생공정업체명,"발생공정 (업체명)",E6,text
B1100-11,B-1100,"부적합 보관장 관리 대장(B1100-11)",품명,"품 명",H6,text
B1100-11,B-1100,"부적합 보관장 관리 대장(B1100-11)",품번,"품 번",L6,text
B1100-11,B-1100,"부적합 보관장 관리 대장(B1100-11)",LOTNO,"LOT NO",P6,text
B2100-01,B-2100,"(시정․예방)조치 요구서 (B2100-01)",발행일자,"발행 일자",V4,date
B2100-01,B-2100,"(시정․예방)조치 요구서 (B2100-01)",부적합사항,"부적합 사항",A8,textarea
B2100-01,B-2100,"(시정․예방)조치 요구서 (B2100-01)",발행번호,"발행 번호",F4,text
B2100-01,B-2100,"(시정․예방)조치 요구서 (B2100-01)",수신처,"수 신 처",F5,text
B2100-01,B-2100,"(시정․예방)조치 요구서 (B2100-01)",발행자,"발 행 자",V5,text
B2100-01,B-2100,"(시정․예방)조치 요구서 (B2100-01)",회신요구일,"회신 요구일",AA12,date
B2100-01,B-2100,"(시정․예방)조치 요구서 (B2100-01)",피감사자,"피 감사자",AA13,text
B2100-01,B-2100,"(시정․예방)조치 요구서 (B2100-01)",감사자,"감사자",AA14,text
B2100-01,B-2100,"(시정․예방)조치 요구서 (B2100-01)",관련규격또는관련문서,"관련 규격 또는 관련 문서",F13,text
B2100-01,B-2100,"(시정․예방)조치 요구서 (B2100-01)",원인,"원 인",A19,text
B2100-01,B-2100,"(시정․예방)조치 요구서 (B2100-01)",재발방지대책,"재발방지대책",A24,textarea
B2100-01,B-2100,"(시정․예방)조치 요구서 (B2100-01)",첨부자료,"첨부 자료",A29,text
B2100-01,B-2100,"(시정․예방)조치 요구서 (B2100-01)",확인종결,"확인 / 종결",A32,text
B2100-01,B-2100,"(시정․예방)조치 요구서 (B2100-01)",완료예정일,"완료 예정일",Q29,date
B2100-01,B-2100,"(시정․예방)조치 요구서 (B2100-01)",1차,"1차",X33,text
B2100-01,B-2100,"(시정․예방)조치 요구서 (B2100-01)",2차,"2차",AA33,text
B2100-01,B-2100,"(시정․예방)조치 요구서 (B2100-01)",3차,"3차",AD33,text
B2100-02,B-2100,"시정 및 예방조치 등록대장(B2100-02)",판정,"판정",AQ25,text
B2100-02,B-2100,"시정 및 예방조치 등록대장(B2100-02)",1차,"1차",AQ22,text
B2100-02,B-2100,"시정 및 예방조치 등록대장(B2100-02)",2차,"2차",AQ23,text
B2100-02,B-2100,"시정 및 예방조치 등록대장(B2100-02)",3차,"3차",AQ24,text
B2100-02,B-2100,"시정 및 예방조치 등록대장(B2100-02)",1차,"1차",AQ18,text
B2100-02,B-2100,"시정 및 예방조치 등록대장(B2100-02)",2차,"2차",AQ19,text
B2100-02,B-2100,"시정 및 예방조치 등록대장(B2100-02)",3차,"3차",AQ20,text
B2100-02,B-2100,"시정 및 예방조치 등록대장(B2100-02)",판정,"판정",AQ21,text
B2100-02,B-2100,"시정 및 예방조치 등록대장(B2100-02)",1차,"1차",AQ14,text
B2100-02,B-2100,"시정 및 예방조치 등록대장(B2100-02)",2차,"2차",AQ15,text
B2100-02,B-2100,"시정 및 예방조치 등록대장(B2100-02)",3차,"3차",AQ16,text
B2100-02,B-2100,"시정 및 예방조치 등록대장(B2100-02)",판정,"판정",AQ17,text
B2100-02,B-2100,"시정 및 예방조치 등록대장(B2100-02)",3차,"3차",AQ8,text
B2100-02,B-2100,"시정 및 예방조치 등록대장(B2100-02)",판정,"판정",AQ9,text
B2100-02,B-2100,"시정 및 예방조치 등록대장(B2100-02)",귀책처,"귀책처",AC6,text
B2100-02,B-2100,"시정 및 예방조치 등록대장(B2100-02)",조치요청일,"조치 요청일",AG6,date
B2100-02,B-2100,"시정 및 예방조치 등록대장(B2100-02)",조치접수일,"조치 접수일",AK6,date
B2100-02,B-2100,"시정 및 예방조치 등록대장(B2100-02)",1차,"1차",AQ6,text
B2100-02,B-2100,"시정 및 예방조치 등록대장(B2100-02)",2차,"2차",AQ11,text
B2100-02,B-2100,"시정 및 예방조치 등록대장(B2100-02)",3차,"3차",AQ12,text
B2100-02,B-2100,"시정 및 예방조치 등록대장(B2100-02)",판정,"판정",AQ13,text
B2100-02,B-2100,"시정 및 예방조치 등록대장(B2100-02)",1차,"1차",AQ10,text
B2100-02,B-2100,"시정 및 예방조치 등록대장(B2100-02)",비고,"비 고",AS6,text
B2100-02,B-2100,"시정 및 예방조치 등록대장(B2100-02)",2차,"2차",AQ7,text
B2100-02,B-2100,"시정 및 예방조치 등록대장(B2100-02)",NO,"NO",A6,text
B2100-02,B-2100,"시정 및 예방조치 등록대장(B2100-02)",발행번호,"발행 번호",C6,text
B2100-02,B-2100,"시정 및 예방조치 등록대장(B2100-02)",품번규격,"품번&규격",G6,text
B2100-02,B-2100,"시정 및 예방조치 등록대장(B2100-02)",발생장소,"발생 장소",K6,text
B2100-02,B-2100,"시정 및 예방조치 등록대장(B2100-02)",조치내용,"조치 내용",P6,textarea
B2100-12,B-2100,"유효성 점검 체크시트 (B2100-12)",납일일자,"납일 일자",A22,date
B2100-12,B-2100,"유효성 점검 체크시트 (B2100-12)",개선대책내용및사진,"개선대책 내용 및 사진",A9,textarea
D1100-01,D-1100,"안전 사고 발생보고서(D1100-01)",작성,"작 성",U2,text
D1100-01,D-1100,"안전 사고 발생보고서(D1100-01)",검토,"검 토",W2,text
D1100-01,D-1100,"안전 사고 발생보고서(D1100-01)",승인,"승 인",Y2,text
D1100-01,D-1100,"안전 사고 발생보고서(D1100-01)",사고일시,"사고 일시",E5,text
D1100-01,D-1100,"안전 사고 발생보고서(D1100-01)",소속,"소 속",R5,text
D1100-01,D-1100,"안전 사고 발생보고서(D1100-01)",상해부위,"상해 부위",E6,text
D1100-01,D-1100,"안전 사고 발생보고서(D1100-01)",성명,"성 명",R6,text
D1100-01,D-1100,"안전 사고 발생보고서(D1100-01)",사고장소,"사고 장소",E7,text
D1100-01,D-1100,"안전 사고 발생보고서(D1100-01)",입사일자,"입사 일자",R7,date
D1100-01,D-1100,"안전 사고 발생보고서(D1100-01)",작업명,"작 업 명",E8,text
D1100-01,D-1100,"안전 사고 발생보고서(D1100-01)",목격자,"목 격 자",R8,text
D1100-01,D-1100,"안전 사고 발생보고서(D1100-01)",조치사항소속팀장기재,"조치사항 (소속 팀장 기재)",A34,textarea
D1100-01,D-1100,"안전 사고 발생보고서(D1100-01)",원인분석,"원인분석",A24,textarea
D1100-01,D-1100,"안전 사고 발생보고서(D1100-01)",담당인,"담 당 : 인",A45,text
D1100-03,D-1100,"제품 안전교육 보고서(D1100-03)",훈련걀과효과성파악,"훈련 걀과 (효과성 파악)",F27,text
D1100-03,D-1100,"제품 안전교육 보고서(D1100-03)",참석인원,"참석 인원",F5,text
D1100-03,D-1100,"제품 안전교육 보고서(D1100-03)",내용,"내 용",F13,text
D1100-03,D-1100,"제품 안전교육 보고서(D1100-03)",참석자,"참 석 자",F32,text
D1100-03,D-1100,"제품 안전교육 보고서(D1100-03)",주관부서,"주관 부서",V4,text
D1100-03,D-1100,"제품 안전교육 보고서(D1100-03)",참석대상,"참석 대상",F6,text
D1100-03,D-1100,"제품 안전교육 보고서(D1100-03)",훈련구분,"훈련 구분",F7,text
D1100-03,D-1100,"제품 안전교육 보고서(D1100-03)",목적,"목 적",F8,text
D1100-03,D-1100,"제품 안전교육 보고서(D1100-03)",훈련일자,"훈련 일자",F4,date
D1100-04,D-1100,"공정 안전점검 연간 계획_실적(D1100-04)",,"○",AR6,text
D1100-04,D-1100,"공정 안전점검 연간 계획_실적(D1100-04)",실적,"실 적",H7,text
D1100-04,D-1100,"공정 안전점검 연간 계획_실적(D1100-04)",,"○",K7,text
D1100-04,D-1100,"공정 안전점검 연간 계획_실적(D1100-04)",,"○",N7,text
D1100-04,D-1100,"공정 안전점검 연간 계획_실적(D1100-04)",,"○",Q7,text
D1100-04,D-1100,"공정 안전점검 연간 계획_실적(D1100-04)",,"○",T7,text
D1100-04,D-1100,"공정 안전점검 연간 계획_실적(D1100-04)",,"○",W7,text
D1100-04,D-1100,"공정 안전점검 연간 계획_실적(D1100-04)",지적건수,"지적 건수",H8,text
D1100-04,D-1100,"공정 안전점검 연간 계획_실적(D1100-04)",,"○",Z7,text
D1100-04,D-1100,"공정 안전점검 연간 계획_실적(D1100-04)",,"○",AC7,text
D1100-04,D-1100,"공정 안전점검 연간 계획_실적(D1100-04)",,"○",AF7,text
D1100-04,D-1100,"공정 안전점검 연간 계획_실적(D1100-04)",,"○",AI7,text
D1100-04,D-1100,"공정 안전점검 연간 계획_실적(D1100-04)",,"○",AL7,text
D1100-04,D-1100,"공정 안전점검 연간 계획_실적(D1100-04)",,"○",AO7,text
D1100-04,D-1100,"공정 안전점검 연간 계획_실적(D1100-04)",개선완료건수,"개선 완료 건수",H9,text
D1100-04,D-1100,"공정 안전점검 연간 계획_실적(D1100-04)",유효성점검완료건수,"유효성 점검 완료 건수",H10,text
D1100-04,D-1100,"공정 안전점검 연간 계획_실적(D1100-04)",공정안전점검절차,"공정 안전점검 절차",A12,text
D1100-05,D-1100,"공정 안전점검 체크시트(D1100-05)",점검결과,"점검 결과",Q5,textarea
D1100-05,D-1100,"공정 안전점검 체크시트(D1100-05)",유효성점검,"유효성점검",Y5,text
D1100-05,D-1100,"공정 안전점검 체크시트(D1100-05)",가스누설은없는가,"가스 누설은 없는가?",Q6,text
D1100-05,D-1100,"공정 안전점검 체크시트(D1100-05)",가스경보기의기능상태는양호한가,"가스 경보기의 기능상태는 양호한가?",Q7,text
D1100-05,D-1100,"공정 안전점검 체크시트(D1100-05)",가스압력계는이상이없는가,"가스 압력계는 이상이 없는가?",Q8,text
D1100-05,D-1100,"공정 안전점검 체크시트(D1100-05)",호스의상태는양호한가,"호스의 상태는 양호한가?",Q11,text
D1100-05,D-1100,"공정 안전점검 체크시트(D1100-05)",설비주위에화기취급작업은없는가,"설비 주위에 화기 취급작업은 없는가?",Q12,text
D1100-05,D-1100,"공정 안전점검 체크시트(D1100-05)",배관계통은이상이없는가,"배관계통은 이상이 없는가?",Q9,text
D1100-05,D-1100,"공정 안전점검 체크시트(D1100-05)",가스조정기는이상이없는가,"가스 조정기는 이상이 없는가?",Q10,text
D1100-05,D-1100,"공정 안전점검 체크시트(D1100-05)",전선피복손상등이상이없는가,"전선 피복손상등 이상이 없는가?",Q14,text
D1100-05,D-1100,"공정 안전점검 체크시트(D1100-05)",소화기등소화설비는이상이없는가,"소화기등 소화설비는 이상이 없는가?",Q20,text
D1100-05,D-1100,"공정 안전점검 체크시트(D1100-05)",운반시지정용기를사용하고있는가,"운반시 지정용기를 사용하고 있는가?",Q25,text
D1100-05,D-1100,"공정 안전점검 체크시트(D1100-05)",기타위험물에의한위험은없는가,"기타 위험물에 의한 위험은 없는가?",Q26,text
D1100-05,D-1100,"공정 안전점검 체크시트(D1100-05)",지정된안전보호구를착용하는가,"지정된 안전 보호구를 착용하는가?",Q31,text
D1100-05,D-1100,"공정 안전점검 체크시트(D1100-05)",위험한불필요동작은없는가,"위험한 불필요 동작은 없는가?",Q32,text
D1100-05,D-1100,"공정 안전점검 체크시트(D1100-05)",금연지역에서흡연은하지않는가,"금연지역에서 흡연은 하지 않는가?",Q27,text
D1100-05,D-1100,"공정 안전점검 체크시트(D1100-05)",특이사항,"특이사항",D36,textarea
D1100-06,D-1100,"공정 안전점검 개선대책(D1100-06)",개선부서,"개선 부서",AN1,text
D1100-06,D-1100,"공정 안전점검 개선대책(D1100-06)",,"`",X8,text
D1100-06,D-1100,"공정 안전점검 개선대책(D1100-06)",점검일자,"점검일자",F23,date
D1100-06,D-1100,"공정 안전점검 개선대책(D1100-06)",개선완료일,"개선완료일",AB23,date
D1100-06,D-1100,"공정 안전점검 개선대책(D1100-06)",점검일자,"점검일자",A24,date
D1100-06,D-1100,"공정 안전점검 개선대책(D1100-06)",개선완료일,"개선완료일",X24,date
D1100-02,D-1100,"연간 제품안전교육 계획서(D1100-02)",특기사항,"특기사항",E9,textarea
D1100-02,D-1100,"연간 제품안전교육 계획서(D1100-02)",,"●",AE8,text
D1100-02,D-1100,"연간 제품안전교육 계획서(D1100-02)",8월,"8월",AH7,text
D1100-02,D-1100,"연간 제품안전교육 계획서(D1100-02)",9월,"9월",AK7,text
D1100-02,D-1100,"연간 제품안전교육 계획서(D1100-02)",10월,"10월",AN7,text
D1100-02,D-1100,"연간 제품안전교육 계획서(D1100-02)",5월,"5월",Y7,text
D1100-02,D-1100,"연간 제품안전교육 계획서(D1100-02)",,"○",AE7,text
D1100-02,D-1100,"연간 제품안전교육 계획서(D1100-02)",실적,"실 적",M8,text
D1100-02,D-1100,"연간 제품안전교육 계획서(D1100-02)",계획,"계 획",M7,text
D1100-02,D-1100,"연간 제품안전교육 계획서(D1100-02)",2월,"2월",P7,text
D1100-02,D-1100,"연간 제품안전교육 계획서(D1100-02)",3월,"3월",S7,text
D1100-02,D-1100,"연간 제품안전교육 계획서(D1100-02)",4월,"4월",V7,text
D1100-02,D-1100,"연간 제품안전교육 계획서(D1100-02)",11월,"11월",AQ7,text
D1100-02,D-1100,"연간 제품안전교육 계획서(D1100-02)",12월,"12월",AT7,text
F1100-02,F-1100,"교육 이수 보고서 (F1100-02)",성명,"성 명",AA4,text
F1100-02,F-1100,"교육 이수 보고서 (F1100-02)",교육목적,"■ 교육 목적",A10,text
F1100-02,F-1100,"교육 이수 보고서 (F1100-02)",교육장소,"교육장소",E5,text
F1100-02,F-1100,"교육 이수 보고서 (F1100-02)",교육기관,"교육기관",P5,text
F1100-02,F-1100,"교육 이수 보고서 (F1100-02)",교육비,"교 육 비",AA5,text
F1100-02,F-1100,"교육 이수 보고서 (F1100-02)",소속팀장,"소속팀장",W33,text
F1100-02,F-1100,"교육 이수 보고서 (F1100-02)",공장장,"공장장",AA33,text
F1100-02,F-1100,"교육 이수 보고서 (F1100-02)",소속직위,"소속/직위",P4,text
F1100-02,F-1100,"교육 이수 보고서 (F1100-02)",교육기간,"교육기간",E6,text
F1100-02,F-1100,"교육 이수 보고서 (F1100-02)",이수시간,"이수시간",P6,text
F1100-02,F-1100,"교육 이수 보고서 (F1100-02)",교육명,"■ 교육명",A8,text
F1100-02,F-1100,"교육 이수 보고서 (F1100-02)",과정명,"과 정 명",E4,text
F1100-02,F-1100,"교육 이수 보고서 (F1100-02)",대상,"대상",I33,text
F1100-02,F-1100,"교육 이수 보고서 (F1100-02)",장소,"장소",I34,text
F1100-02,F-1100,"교육 이수 보고서 (F1100-02)",준비물,"준비물",I35,text
F1100-05,F-1100,"사내교육 관리대장(F1100-05)",직급,"직급",N6,text
F1100-05,F-1100,"사내교육 관리대장(F1100-05)",작업자,"작업자",Z5,text
F1100-05,F-1100,"사내교육 관리대장(F1100-05)",교육명,"교 육 명",L4,text
F1100-05,F-1100,"사내교육 관리대장(F1100-05)",성명,"성명",N5,text
F1100-05,F-1100,"사내교육 관리대장(F1100-05)",업무,"업무",N7,text
F1100-05,F-1100,"사내교육 관리대장(F1100-05)",교육일자,"교육 일자",B8,date
F1100-05,F-1100,"사내교육 관리대장(F1100-05)",교육명,"교 육 명",E8,text
F1100-06,F-1100,"사내 교육 보고서(F1100-06)",교육일자,"교육 일자",F6,date
F1100-06,F-1100,"사내 교육 보고서(F1100-06)",교육장소,"교육 장소",X6,text
F1100-06,F-1100,"사내 교육 보고서(F1100-06)",교육대상,"교육 대상",F7,text
F1100-06,F-1100,"사내 교육 보고서(F1100-06)",교육인원,"교육 인원",X7,text
F1100-06,F-1100,"사내 교육 보고서(F1100-06)",교육명,"교 육 명",F4,text
F1100-06,F-1100,"사내 교육 보고서(F1100-06)",교육강사,"교육 강사",X5,text
F1100-06,F-1100,"사내 교육 보고서(F1100-06)",1,"1",C32,text
F1100-06,F-1100,"사내 교육 보고서(F1100-06)",성명,"성 명",G32,text
F1100-06,F-1100,"사내 교육 보고서(F1100-06)",직급,"직 급",K32,text
F1100-06,F-1100,"사내 교육 보고서(F1100-06)",확인,"확 인",O32,text
F1100-06,F-1100,"사내 교육 보고서(F1100-06)",순,"순",S32,text
F1100-06,F-1100,"사내 교육 보고서(F1100-06)",소속,"소 속",U32,text
F1100-06,F-1100,"사내 교육 보고서(F1100-06)",성명,"성 명",Y32,text
F1100-06,F-1100,"사내 교육 보고서(F1100-06)",직급,"직 급",AC32,text
F1100-06,F-1100,"사내 교육 보고서(F1100-06)",확인,"확 인",AG32,text
F1100-06,F-1100,"사내 교육 보고서(F1100-06)",3,"3",C34,text
F1100-06,F-1100,"사내 교육 보고서(F1100-06)",2,"2",C33,text
F1100-06,F-1100,"사내 교육 보고서(F1100-06)",5,"5",C36,text
F1100-06,F-1100,"사내 교육 보고서(F1100-06)",4,"4",C35,text
F1101-01,F-1101,"신임 교육 계획서 (F1101-01)",작성,"작 성",M2,text
F1101-01,F-1101,"신임 교육 계획서 (F1101-01)",검토,"검 토",O2,text
F1101-01,F-1101,"신임 교육 계획서 (F1101-01)",승인,"승 인",Q2,text
F1101-01,F-1101,"신임 교육 계획서 (F1101-01)",부서명,"부 서 명",D5,text
F1101-01,F-1101,"신임 교육 계획서 (F1101-01)",지도요원,"지도요원",M5,text
F1101-01,F-1101,"신임 교육 계획서 (F1101-01)",교육대상자,"교육대상자",D6,text
F1101-01,F-1101,"신임 교육 계획서 (F1101-01)",입사일자,"입사일자",M6,date
F1101-01,F-1101,"신임 교육 계획서 (F1101-01)",학력경력,"학력/경력",D7,text
F1101-01,F-1101,"신임 교육 계획서 (F1101-01)",전근무경력,"전근무경력",M7,text
F1101-01,F-1101,"신임 교육 계획서 (F1101-01)",작성자,"작 성 자",D8,text
F1101-01,F-1101,"신임 교육 계획서 (F1101-01)",작성일자,"작성일자",M8,date
F1101-01,F-1101,"신임 교육 계획서 (F1101-01)",기간,"기 간",B10,text
F1101-01,F-1101,"신임 교육 계획서 (F1101-01)",교육내용,"교 육 내 용",E10,text
F1101-01,F-1101,"신임 교육 계획서 (F1101-01)",장소,"장 소",L10,text
F1101-01,F-1101,"신임 교육 계획서 (F1101-01)",교육방법,"교육방법",O10,text
F1101-02,F-1101,"신임 교육 일지 (F1101-02)",작성,"작 성",M2,text
F1101-02,F-1101,"신임 교육 일지 (F1101-02)",검토,"검 토",O2,text
F1101-02,F-1101,"신임 교육 일지 (F1101-02)",승인,"승 인",Q2,text
F1101-02,F-1101,"신임 교육 일지 (F1101-02)",팀명,"팀 명",D5,text
F1101-02,F-1101,"신임 교육 일지 (F1101-02)",성명,"성 명",M5,text
F1101-02,F-1101,"신임 교육 일지 (F1101-02)",교육기간,"교육기간",D6,text
F1101-02,F-1101,"신임 교육 일지 (F1101-02)",지도요원,"지도요원",M6,text
F2100-01,F-2100,"사내 자격 관리대장 (F2100-01)",업무보고,"업무보고",F13,text
F2100-01,F-2100,"사내 자격 관리대장 (F2100-01)",기획,"기 획",F6,text
F2100-01,F-2100,"사내 자격 관리대장 (F2100-01)",연구,"연 구",F7,text
F2100-01,F-2100,"사내 자격 관리대장 (F2100-01)",의사결정,"의사결정",AS7,text
F2100-01,F-2100,"사내 자격 관리대장 (F2100-01)",교육,"교 육",F11,text
F2100-01,F-2100,"사내 자격 관리대장 (F2100-01)",개선,"개 선",F8,text
F2100-01,F-2100,"사내 자격 관리대장 (F2100-01)",지시사항,"지시사항",AS8,textarea
F2100-01,F-2100,"사내 자격 관리대장 (F2100-01)",시험,"시 험",F9,text
F2100-01,F-2100,"사내 자격 관리대장 (F2100-01)",출장,"출 장",F10,text
F2100-01,F-2100,"사내 자격 관리대장 (F2100-01)",기타,"기 타",F14,text
F2100-01,F-2100,"사내 자격 관리대장 (F2100-01)",지시사항COMMENT,"지시사항 / COMMENT",AJ18,textarea
F2100-01,F-2100,"사내 자격 관리대장 (F2100-01)",사장,"사 장",Y20,text
F2100-01,F-2100,"사내 자격 관리대장 (F2100-01)",자격구분,"자격 구분",C30,text
F2100-01,F-2100,"사내 자격 관리대장 (F2100-01)",갱신주기,"갱신주기",L30,text
F2100-01,F-2100,"사내 자격 관리대장 (F2100-01)",NO,"NO",A30,text
F2100-01,F-2100,"사내 자격 관리대장 (F2100-01)",자격번호,"자격 번호",P30,text
F2100-01,F-2100,"사내 자격 관리대장 (F2100-01)",사업부및팀명,"사업부 및 팀명",U30,text
F2100-01,F-2100,"사내 자격 관리대장 (F2100-01)",직책,"직 책",AB30,text
F2100-01,F-2100,"사내 자격 관리대장 (F2100-01)",상명,"상 명",AE30,text
F2100-01,F-2100,"사내 자격 관리대장 (F2100-01)",자격부여일,"자격부여일",AH30,date
F2100-01,F-2100,"사내 자격 관리대장 (F2100-01)",자격유효일,"자격유효일",AM30,date
F2100-01,F-2100,"사내 자격 관리대장 (F2100-01)",비고,"비 고",AR30,text
F2100-02,F-2100,"사내 자격 인증 카드 (F2100-02)",입사일,"입사일",H8,date
F2100-02,F-2100,"사내 자격 인증 카드 (F2100-02)",소속,"소 속",H5,text
F2100-02,F-2100,"사내 자격 인증 카드 (F2100-02)",소속,"소 속",AG5,text
F2100-02,F-2100,"사내 자격 인증 카드 (F2100-02)",성명,"성 명",H7,text
F2100-02,F-2100,"사내 자격 인증 카드 (F2100-02)",성명,"성 명",AG7,text
F2100-02,F-2100,"사내 자격 인증 카드 (F2100-02)",입사일,"입사일",AG8,date
F2100-02,F-2100,"사내 자격 인증 카드 (F2100-02)",직위,"직 위",H6,text
F2100-02,F-2100,"사내 자격 인증 카드 (F2100-02)",직위,"직 위",AG6,text
F2100-02,F-2100,"사내 자격 인증 카드 (F2100-02)",경력기준일,"경력 기준일",BC5,date
F2100-02,F-2100,"사내 자격 인증 카드 (F2100-02)",환경경력인정일,"환경 경력인정일",AG10,date
F2100-02,F-2100,"사내 자격 인증 카드 (F2100-02)",경력인정일,"경력인정일",H9,date
F2100-02,F-2100,"사내 자격 인증 카드 (F2100-02)",시스템경력인정일,"시스템 경력인정일",AG9,date
F2100-02,F-2100,"사내 자격 인증 카드 (F2100-02)",교육기관,"교육기관",V14,text
F2100-02,F-2100,"사내 자격 인증 카드 (F2100-02)",이수일,"이수일",L14,date
F2100-02,F-2100,"사내 자격 인증 카드 (F2100-02)",교육과목명,"교육 과목명",O14,text
F2100-02,F-2100,"사내 자격 인증 카드 (F2100-02)",비고,"비 고",M11,text
F2100-02,F-2100,"사내 자격 인증 카드 (F2100-02)",이수일,"이수일",Z17,date
F2100-02,F-2100,"사내 자격 인증 카드 (F2100-02)",교육과목명,"교육 과목명",AE17,text
F2100-02,F-2100,"사내 자격 인증 카드 (F2100-02)",교육기관,"교육기관",AS17,text
F2100-02,F-2100,"사내 자격 인증 카드 (F2100-02)",개인용계측기,"개인용 계측기",C26,text
F2100-02,F-2100,"사내 자격 인증 카드 (F2100-02)",LEVEL,"LEVEL",I26,text
F2100-03,F-2100,"사내 자격 인증서 (F2100-03)",자격인증번호,"자격인증번호",M5,text
F2100-03,F-2100,"사내 자격 인증서 (F2100-03)",성명,"성 명",M9,text
F2100-03,F-2100,"사내 자격 인증서 (F2100-03)",자격인증번호,"자격인증번호",AK5,text
F2100-03,F-2100,"사내 자격 인증서 (F2100-03)",자격인증명,"자격인증명",M6,text
F2100-03,F-2100,"사내 자격 인증서 (F2100-03)",자격인증명,"자격인증명",AK6,text
F2100-03,F-2100,"사내 자격 인증서 (F2100-03)",소속,"소 속",M7,text
F2100-03,F-2100,"사내 자격 인증서 (F2100-03)",소속,"소 속",AK7,text
F2100-03,F-2100,"사내 자격 인증서 (F2100-03)",직책,"직 책",M8,text
F2100-03,F-2100,"사내 자격 인증서 (F2100-03)",직책,"직 책",AK8,text
F2100-03,F-2100,"사내 자격 인증서 (F2100-03)",성명,"성 명",AK9,text
F2100-11,F-2100,"자격 인증 교육 및 평가서 (F2100-11)",성명,"성 명",E5,text
F2100-11,F-2100,"자격 인증 교육 및 평가서 (F2100-11)",시업부명,"시업부명",O5,text
F2100-11,F-2100,"자격 인증 교육 및 평가서 (F2100-11)",직책,"직 책",Y5,text
F2100-11,F-2100,"자격 인증 교육 및 평가서 (F2100-11)",경력기준일,"경력 기준일",AJ2,date
F2100-11,F-2100,"자격 인증 교육 및 평가서 (F2100-11)",사장,"사 장",AB3,text
F2100-11,F-2100,"자격 인증 교육 및 평가서 (F2100-11)",직무,"現, 직무",E7,text
F2100-11,F-2100,"자격 인증 교육 및 평가서 (F2100-11)",교육명,"교육명",E8,text
F2100-11,F-2100,"자격 인증 교육 및 평가서 (F2100-11)",최종학력,"최종 학력",E6,text
F2100-11,F-2100,"자격 인증 교육 및 평가서 (F2100-11)",전공,"전 공",O6,text
F2100-11,F-2100,"자격 인증 교육 및 평가서 (F2100-11)",입사일자,"입사일자",Y6,date
F2100-11,F-2100,"자격 인증 교육 및 평가서 (F2100-11)",교육기간,"교육기간",E10,text
F2100-11,F-2100,"자격 인증 교육 및 평가서 (F2100-11)",일정,"일정",B12,text
F2100-11,F-2100,"자격 인증 교육 및 평가서 (F2100-11)",교육기간,"교육 기간",T12,text
F2100-11,F-2100,"자격 인증 교육 및 평가서 (F2100-11)",교육처강사,"교육처 / 강사",Y12,text
F2100-11,F-2100,"자격 인증 교육 및 평가서 (F2100-11)",50점,"50 점",Y26,text
F2100-11,F-2100,"자격 인증 교육 및 평가서 (F2100-11)",월일,"월 일",B16,date
F2100-11,F-2100,"자격 인증 교육 및 평가서 (F2100-11)",월일,"월 일",K16,date
F2100-11,F-2100,"자격 인증 교육 및 평가서 (F2100-11)",비고,"비 고",AC16,text
F2100-11,F-2100,"자격 인증 교육 및 평가서 (F2100-11)",자격부여일,"자격 부여일",E44,date
F2100-11,F-2100,"자격 인증 교육 및 평가서 (F2100-11)",자격NO,"자격 NO",T44,text
F2100-11,F-2100,"자격 인증 교육 및 평가서 (F2100-11)",자격종류,"자격 종류",E43,text
F2100-11,F-2100,"자격 인증 교육 및 평가서 (F2100-11)",유효기간,"유효 기간",T43,text
F2100-11,F-2100,"자격 인증 교육 및 평가서 (F2100-11)",소계,"소 계",Y36,text
F2100-11,F-2100,"자격 인증 교육 및 평가서 (F2100-11)",교육자료,"교육 자료",E37,text
F2100-11,F-2100,"자격 인증 교육 및 평가서 (F2100-11)",50점,"50 점",Y31,text
F2100-11,F-2100,"자격 인증 교육 및 평가서 (F2100-11)",월일,"월 일",T16,date
F2100-04,F-2100,"자격인증 변경 요청서 (F2100-04)",사업부명,"사업부명",H33,text
F2100-04,F-2100,"자격인증 변경 요청서 (F2100-04)",성명및싸인,"성명 및 싸인",H34,text
F2100-04,F-2100,"자격인증 변경 요청서 (F2100-04)",소멸요청사유,"소멸 요청 사유",F23,text
F2100-04,F-2100,"자격인증 변경 요청서 (F2100-04)",사업부및부서,"사업부 및 부서",F21,text
F2100-04,F-2100,"자격인증 변경 요청서 (F2100-04)",직책,"직 책",U21,text
F2100-04,F-2100,"자격인증 변경 요청서 (F2100-04)",소멸요청자격,"소멸요청 자격",F22,text
F2100-04,F-2100,"자격인증 변경 요청서 (F2100-04)",평가요청사유,"평가 요청 사유",F9,text
F2100-04,F-2100,"자격인증 변경 요청서 (F2100-04)",성명,"성 명",F20,text
F2100-04,F-2100,"자격인증 변경 요청서 (F2100-04)",퇴사일보직변경일,"퇴사일(보직변경일)",U20,text
F2100-04,F-2100,"자격인증 변경 요청서 (F2100-04)",작성일,"작 성 일",F4,date
F2100-04,F-2100,"자격인증 변경 요청서 (F2100-04)",작성자,"작 성 자",U4,text
F2100-04,F-2100,"자격인증 변경 요청서 (F2100-04)",평가요청자격,"평가요청 자격",F8,text
F2100-04,F-2100,"자격인증 변경 요청서 (F2100-04)",사업부및부서,"사업부 및 부서",F7,text
F2100-04,F-2100,"자격인증 변경 요청서 (F2100-04)",직책,"직 책",U7,text
F2100-04,F-2100,"자격인증 변경 요청서 (F2100-04)",성명,"성 명",F6,text
F2100-04,F-2100,"자격인증 변경 요청서 (F2100-04)",입사일및경력,"입사일 및 경력",U6,text
F2100-12,F-2100,"공정별 전담자 및 대체자 관리기준 (F2100-12)",교육일자,"교육일자",AH6,date
F2100-12,F-2100,"공정별 전담자 및 대체자 관리기준 (F2100-12)",비고,"비 고",AQ6,text
F2100-12,F-2100,"공정별 전담자 및 대체자 관리기준 (F2100-12)",공정별필수요구교육,"공정별 필수 요구 교육",X6,text
F2100-12,F-2100,"공정별 전담자 및 대체자 관리기준 (F2100-12)",공정명,"공정명",B6,text
F2100-12,F-2100,"공정별 전담자 및 대체자 관리기준 (F2100-12)",전담자,"전담자",G6,text
F2100-12,F-2100,"공정별 전담자 및 대체자 관리기준 (F2100-12)",대체자1,"대체자 1",P6,text
F2100-12,F-2100,"공정별 전담자 및 대체자 관리기준 (F2100-12)",대체자2,"대체자 2",T6,text
F2100-13,F-2100,"공정면허 자격인증 평가서(종합) (F2100-13)",합계,"합 계",AG6,text
F2100-13,F-2100,"공정면허 자격인증 평가서(종합) (F2100-13)",비고,"비 고",AP6,text
F2100-13,F-2100,"공정면허 자격인증 평가서(종합) (F2100-13)",2,"2",C7,text
F2100-13,F-2100,"공정면허 자격인증 평가서(종합) (F2100-13)",1,"1",C6,text
F2100-13,F-2100,"공정면허 자격인증 평가서(종합) (F2100-13)",성명,"성 명",H6,text
F2100-13,F-2100,"공정면허 자격인증 평가서(종합) (F2100-13)",계수형RR,"계수형 R&R",M6,text
F2100-13,F-2100,"공정면허 자격인증 평가서(종합) (F2100-13)",계량형RR,"계량형 R&R",Q6,text
F2100-13,F-2100,"공정면허 자격인증 평가서(종합) (F2100-13)",실기평가,"실기 평가",U6,text
F2100-13,F-2100,"공정면허 자격인증 평가서(종합) (F2100-13)",이론평가,"이론 평가",Y6,text
F2100-13,F-2100,"공정면허 자격인증 평가서(종합) (F2100-13)",근무년수,"근무 년수",AC6,text
F2100-13,F-2100,"공정면허 자격인증 평가서(종합) (F2100-13)",4,"4",C9,text
F2100-13,F-2100,"공정면허 자격인증 평가서(종합) (F2100-13)",3,"3",C8,text
F2100-13,F-2100,"공정면허 자격인증 평가서(종합) (F2100-13)",6,"6",C11,text
F2100-13,F-2100,"공정면허 자격인증 평가서(종합) (F2100-13)",5,"5",C10,text
F2100-13,F-2100,"공정면허 자격인증 평가서(종합) (F2100-13)",8,"8",C13,text
F2100-13,F-2100,"공정면허 자격인증 평가서(종합) (F2100-13)",7,"7",C12,text
F2100-13,F-2100,"공정면허 자격인증 평가서(종합) (F2100-13)",9,"9",C14,text
F2100-14,F-2100,"공정면허 자격인증평가(갑지) (F2100-14)",확인,"확 인",U4,text
F2100-14,F-2100,"공정면허 자격인증평가(갑지) (F2100-14)",성명,"성 명",K5,text
F2100-14,F-2100,"공정면허 자격인증평가(갑지) (F2100-14)",LEVEL,"LEVEL",R5,text
F2100-14,F-2100,"공정면허 자격인증평가(갑지) (F2100-14)",소속,"소 속",K4,text
F2100-14,F-2100,"공정면허 자격인증평가(갑지) (F2100-14)",점수,"점수",R4,text
F2100-14,F-2100,"공정면허 자격인증평가(갑지) (F2100-14)",평점,"평 점",V10,text
F2100-14,F-2100,"공정면허 자격인증평가(갑지) (F2100-14)",GRR30초과,"GRR 30%초과",V15,text
F2100-14,F-2100,"공정면허 자격인증평가(갑지) (F2100-14)",3항목모두미흡,"3항목 모두 미흡",V20,text
F2100-14,F-2100,"공정면허 자격인증평가(갑지) (F2100-14)",작업표준조건인지미흡,"작업표준 조건 인지 미흡",V21,text
F2100-14,F-2100,"공정면허 자격인증평가(갑지) (F2100-14)",검사능력미흡,"검사 능력 미흡",V26,text
F2100-14,F-2100,"공정면허 자격인증평가(갑지) (F2100-14)",1년미만,"1년 미만",V31,text
F2100-14,F-2100,"공정면허 자격인증평가(갑지) (F2100-14)",90점,"90점 ↑",S34,text
F2100-05,F-2100,"공정면허 이론평가서 1안 (F2100-05-01)",정답,"정 답",AA37,text
F2100-05,F-2100,"공정면허 이론평가서 1안 (F2100-05-01)",판정,"판 정",AD37,text
F2100-05,F-2100,"공정면허 이론평가서 1안 (F2100-05-01)",작업자명,"작업자명",F5,text
F2100-05,F-2100,"공정면허 이론평가서 1안 (F2100-05-01)",평가자,"평가자",AA2,text
F2100-05,F-2100,"공정면허 이론평가서 1안 (F2100-05-01)",공정명,"공정명",F4,text
F2100-05,F-2100,"공정면허 이론평가서 1안 (F2100-05-01)",정답,"정 답",AA8,text
F2100-05,F-2100,"공정면허 이론평가서 1안 (F2100-05-01)",판정,"판 정",AD8,text
F2100-15,F-2100,"공정 자격인증카드_공정 게시용 (F2100-15)",숙련도등급,"숙련도 등급",AI11,text
F2100-15,F-2100,"공정 자격인증카드_공정 게시용 (F2100-15)",검사시험원,"검사/시험원",AS11,text
F2100-15,F-2100,"공정 자격인증카드_공정 게시용 (F2100-15)",자주검사원,"자주검사원",AS12,text
F2100-15,F-2100,"공정 자격인증카드_공정 게시용 (F2100-15)",숙련도등급,"숙련도 등급",AI16,text
F2100-15,F-2100,"공정 자격인증카드_공정 게시용 (F2100-15)",검사시험원,"검사/시험원",AS16,text
F2100-15,F-2100,"공정 자격인증카드_공정 게시용 (F2100-15)",자주검사원,"자주검사원",AS17,text
F2100-06,F-2100,"공정면허 실기평가서 (F2100-06)",평가자,"평가자",AQ2,text
F2100-06,F-2100,"공정면허 실기평가서 (F2100-06)",공정명,"공정명",F4,text
F2100-06,F-2100,"공정면허 실기평가서 (F2100-06)",작업자명,"작업자명",F5,text
F2100-06,F-2100,"공정면허 실기평가서 (F2100-06)",2,"2",AJ12,text
F2100-06,F-2100,"공정면허 실기평가서 (F2100-06)",2,"2",AJ13,text
F2100-06,F-2100,"공정면허 실기평가서 (F2100-06)",2,"2",AJ14,text
F2100-06,F-2100,"공정면허 실기평가서 (F2100-06)",2,"2",AJ15,text
F2100-06,F-2100,"공정면허 실기평가서 (F2100-06)",2,"2",AJ16,text
F2100-06,F-2100,"공정면허 실기평가서 (F2100-06)",1,"1",AJ17,text
F2100-06,F-2100,"공정면허 실기평가서 (F2100-06)",5,"5",AD21,text
F2100-06,F-2100,"공정면허 실기평가서 (F2100-06)",3,"3",AF21,text
F2100-06,F-2100,"공정면허 실기평가서 (F2100-06)",1,"1",AH21,text
F2100-06,F-2100,"공정면허 실기평가서 (F2100-06)",1,"1",AJ18,text
F2100-06,F-2100,"공정면허 실기평가서 (F2100-06)",1,"1",AJ19,text
F2100-06,F-2100,"공정면허 실기평가서 (F2100-06)",1,"1",AJ20,text
F2100-06,F-2100,"공정면허 실기평가서 (F2100-06)",2,"2",AJ8,text
F2100-06,F-2100,"공정면허 실기평가서 (F2100-06)",2,"2",AJ9,text
F2100-06,F-2100,"공정면허 실기평가서 (F2100-06)",2,"2",AJ10,text
F2100-06,F-2100,"공정면허 실기평가서 (F2100-06)",2,"2",AJ11,text
F2100-07,F-2100,"숙련도_다기능 평가 계획 (F2100-07)",1회12개월,"1회/12개월",V6,text
F2100-07,F-2100,"숙련도_다기능 평가 계획 (F2100-07)",,"●",Z6,text
F2100-07,F-2100,"숙련도_다기능 평가 계획 (F2100-07)",4월,"4월",AB6,text
F2100-07,F-2100,"숙련도_다기능 평가 계획 (F2100-07)",5월,"5월",AD6,text
F2100-07,F-2100,"숙련도_다기능 평가 계획 (F2100-07)",6월,"6월",AF6,text
F2100-07,F-2100,"숙련도_다기능 평가 계획 (F2100-07)",달성율,"달성율",AT6,text
F2100-07,F-2100,"숙련도_다기능 평가 계획 (F2100-07)",1회12개월,"1회/12개월",V7,text
F2100-07,F-2100,"숙련도_다기능 평가 계획 (F2100-07)",,"●",Z7,text
F2100-07,F-2100,"숙련도_다기능 평가 계획 (F2100-07)",7월,"7월",AH6,text
F2100-07,F-2100,"숙련도_다기능 평가 계획 (F2100-07)",8월,"8월",AJ6,text
F2100-07,F-2100,"숙련도_다기능 평가 계획 (F2100-07)",9월,"9월",AL6,text
F2100-07,F-2100,"숙련도_다기능 평가 계획 (F2100-07)",10월,"10월",AN6,text
F2100-07,F-2100,"숙련도_다기능 평가 계획 (F2100-07)",11월,"11월",AP6,text
F2100-07,F-2100,"숙련도_다기능 평가 계획 (F2100-07)",12월,"12월",AR6,text
F2100-07,F-2100,"숙련도_다기능 평가 계획 (F2100-07)",1회12개월,"1회/12개월",V8,text
F2100-07,F-2100,"숙련도_다기능 평가 계획 (F2100-07)",,"●",Z8,text
F2100-07,F-2100,"숙련도_다기능 평가 계획 (F2100-07)",1회12개월,"1회/12개월",V9,text
F2100-07,F-2100,"숙련도_다기능 평가 계획 (F2100-07)",,"●",Z9,text
F2100-08,F-2100,"숙련도 평가표 (F2100-08)",평가일자,"평가일자",P3,date
F2100-09,F-2100,"작업자 현장 직무 현황 (F2100-09)",현장직무평가표,"현장 직무 평가표",E7,text
H1100-01,H-1100,"제조타당서 검토서 (H1100-01)",작성일자,"작성 일자",C5,date
H1100-01,H-1100,"제조타당서 검토서 (H1100-01)",작성자,"작 성 자",I5,text
H1100-01,H-1100,"제조타당서 검토서 (H1100-01)",생산팀,"생 산 팀",K48,text
H1100-01,H-1100,"제조타당서 검토서 (H1100-01)",고객명,"고 객 명",C6,text
H1100-01,H-1100,"제조타당서 검토서 (H1100-01)",양산시점,"양산 시점",C7,text
H1100-01,H-1100,"제조타당서 검토서 (H1100-01)",품번,"품 번",I6,text
H1100-01,H-1100,"제조타당서 검토서 (H1100-01)",품명,"품 명",I7,text
H1100-01,H-1100,"제조타당서 검토서 (H1100-01)",영업팀,"영 업 팀",E49,text
H1100-01,H-1100,"제조타당서 검토서 (H1100-01)",품질보증팀,"품질보증팀",K49,text
H1100-01,H-1100,"제조타당서 검토서 (H1100-01)",생기팀,"생 기 팀",E50,text
H1100-01,H-1100,"제조타당서 검토서 (H1100-01)",품질보증팀,"품질보증팀",H50,text
H1100-01,H-1100,"제조타당서 검토서 (H1100-01)",구매팀,"구 매 팀",E48,text
H1100-02,H-1100,"개발의뢰 접수대장 (H1100-02)",의뢰일,"의뢰일",AE6,date
H1100-02,H-1100,"개발의뢰 접수대장 (H1100-02)",접수일자,"접수일자",B6,date
H1100-02,H-1100,"개발의뢰 접수대장 (H1100-02)",고객명,"고 객 명",E6,text
H1100-02,H-1100,"개발의뢰 접수대장 (H1100-02)",차종모델,"차 종 (모 델)",H6,text
H1100-02,H-1100,"개발의뢰 접수대장 (H1100-02)",품명,"품 명",J6,text
H1100-02,H-1100,"개발의뢰 접수대장 (H1100-02)",품번,"품 번",O6,text
H1100-02,H-1100,"개발의뢰 접수대장 (H1100-02)",요구일,"요구일",S6,date
H1100-02,H-1100,"개발의뢰 접수대장 (H1100-02)",회신일,"회신일",U6,date
H1100-02,H-1100,"개발의뢰 접수대장 (H1100-02)",계약검토결과,"계약검토 결과",W6,textarea
H1100-02,H-1100,"개발의뢰 접수대장 (H1100-02)",가부,"가,부",AC6,text
H1100-03,H-1100,"원가계산서 (H1100-03)",PARTNAME,"PART NAME",F1,text
H1100-03,H-1100,"원가계산서 (H1100-03)",업체,"업 체",AH1,text
H1100-03,H-1100,"원가계산서 (H1100-03)",PARTNO,"PART NO",F2,text
H1100-03,H-1100,"원가계산서 (H1100-03)",중량,"중량",AA6,text
H1100-03,H-1100,"원가계산서 (H1100-03)",단가,"단가",AC6,text
H1100-03,H-1100,"원가계산서 (H1100-03)",금액,"금액",AE6,text
H1100-03,H-1100,"원가계산서 (H1100-03)",재료비,"재료비",AH6,text
H1100-03,H-1100,"원가계산서 (H1100-03)",회수율,"회수율",AK6,text
H1100-03,H-1100,"원가계산서 (H1100-03)",비고,"비고",AN6,text
H1100-03,H-1100,"원가계산서 (H1100-03)",부품명,"부품명",C6,text
H1100-03,H-1100,"원가계산서 (H1100-03)",US,"U/S",G6,text
H1100-03,H-1100,"원가계산서 (H1100-03)",규격,"(규격)",I6,text
H1100-03,H-1100,"원가계산서 (H1100-03)",단위,"단위",M6,text
H1100-03,H-1100,"원가계산서 (H1100-03)",단가,"단가",O6,text
H1100-03,H-1100,"원가계산서 (H1100-03)",중량,"중량",R6,text
H1100-03,H-1100,"원가계산서 (H1100-03)",금액,"금액",U6,text
H1100-03,H-1100,"원가계산서 (H1100-03)",Kg,"(Kg)",X6,text
H1100-03,H-1100,"원가계산서 (H1100-03)",소계,"소 계",X12,text
H1100-03,H-1100,"원가계산서 (H1100-03)",2감가상각비,"2) 감가상각비",AK16,text
H1100-03,H-1100,"원가계산서 (H1100-03)",공정명,"공 정 명",C15,text
H1100-03,H-1100,"원가계산서 (H1100-03)",사용장비,"사용장비",G15,text
H1100-03,H-1100,"원가계산서 (H1100-03)",인,"인",M15,text
H1100-03,H-1100,"원가계산서 (H1100-03)",SEC,"(SEC)",O15,text
H1100-03,H-1100,"원가계산서 (H1100-03)",HOUR,"(HOUR)",S15,text
H1100-03,H-1100,"원가계산서 (H1100-03)",금액,"금 액",X15,text
H1100-03,H-1100,"원가계산서 (H1100-03)",1전력비,"1) 전 력 비",AK15,text
H1100-03,H-1100,"원가계산서 (H1100-03)",여유율,"여유율",AN15,text
H1100-03,H-1100,"원가계산서 (H1100-03)",3수선비,"3) 수 선 비",AK17,text
H1100-03,H-1100,"원가계산서 (H1100-03)",4간접경비,"4) 간 접 경 비",AK18,text
H1100-03,H-1100,"원가계산서 (H1100-03)",4간접경비,"4) 간 접 경 비",AC19,text
H1100-03,H-1100,"원가계산서 (H1100-03)",소계,"소 계",X25,text
H1100-03,H-1100,"원가계산서 (H1100-03)",소계,"소 계",AK25,text
H1100-03,H-1100,"원가계산서 (H1100-03)",,"② + ③",AN26,text
H1100-03,H-1100,"원가계산서 (H1100-03)",대당절감액,"대당절감액",C27,text
H1100-03,H-1100,"원가계산서 (H1100-03)",,"① + ④",AN27,text
H1100-03,H-1100,"원가계산서 (H1100-03)",대당절감액,"대당절감액",H26,text
H1100-03,H-1100,"원가계산서 (H1100-03)",적용예상시점,"적용예상시점",T26,text
H1100-03,H-1100,"원가계산서 (H1100-03)",3,"① * 3%",AN30,text
H1100-03,H-1100,"원가계산서 (H1100-03)",금형비,"⑼ 금 형 비",AI31,text
H1100-03,H-1100,"원가계산서 (H1100-03)",5,"⑤ * 5%",AN28,text
H1100-03,H-1100,"원가계산서 (H1100-03)",15,"⑤+⑥*15%",AN29,text
H1100-03,H-1100,"원가계산서 (H1100-03)",작성일,"작 성 일",H34,date
H1100-03,H-1100,"원가계산서 (H1100-03)",업체명,"업 체 명",T34,text
H1100-03,H-1100,"원가계산서 (H1100-03)",특기사항,"특기사항",C30,textarea
H1100-03,H-1100,"원가계산서 (H1100-03)",결정단가,"결 정 단 가",AN34,text
H1100-03,H-1100,"원가계산서 (H1100-03)",작성자,"작 성 자",H35,text
H1100-03,H-1100,"원가계산서 (H1100-03)",견적단가,"견 적 단 가",AN32,text
H1100-04,H-1100,"원단위 원가분석 (H1100-04)",TPC사내공정Flow,"㈜TPC 사내공정 Flow",I30,text
H2100-03,H-2100,"일일 납품 실적 보고서(H2100-03",수기전표임시가,"수기전표 + 임시가",I24,text
H2100-03,H-2100,"일일 납품 실적 보고서(H2100-03",소계,"소 계",I25,text
H2100-03,H-2100,"일일 납품 실적 보고서(H2100-03",매출금액,"매출금액",S15,text
H2100-03,H-2100,"일일 납품 실적 보고서(H2100-03",납입율,"납입율",V15,text
H2100-03,H-2100,"일일 납품 실적 보고서(H2100-03",EA,"EA",X15,text
H2100-03,H-2100,"일일 납품 실적 보고서(H2100-03",미납사유,"미 납 사 유",AA15,text
H2100-03,H-2100,"일일 납품 실적 보고서(H2100-03",공정구분,"공정구분",A15,text
H2100-03,H-2100,"일일 납품 실적 보고서(H2100-03",품번,"품번",D15,text
H2100-03,H-2100,"일일 납품 실적 보고서(H2100-03",EA,"EA",I15,text
H2100-03,H-2100,"일일 납품 실적 보고서(H2100-03",EA,"EA",L15,text
H2100-03,H-2100,"일일 납품 실적 보고서(H2100-03",구분,"구분",O15,text
H2100-03,H-2100,"일일 납품 실적 보고서(H2100-03",단가,"단가",Q15,text
H2100-03,H-2100,"일일 납품 실적 보고서(H2100-03",전일매출누계,"전일 매출 누계",S10,text
H2100-03,H-2100,"일일 납품 실적 보고서(H2100-03",00월총매출금액,"00월 총 매출금액",AB10,text
H3100-01,H-3100,"년 고객만족도 모니터링 (H3100-01)",3,"3",B26,text
H3100-01,H-3100,"년 고객만족도 모니터링 (H3100-01)",2,"2",B16,text
H3100-01,H-3100,"년 고객만족도 모니터링 (H3100-01)",1,"1",B6,text
H3100-02,H-3100,"고객만족도 조사 시행 계획서 (H3100-02)",사장,"사 장",O31,text
H3100-02,H-3100,"고객만족도 조사 시행 계획서 (H3100-02)",작성,"작 성",I31,text
H3100-04,H-3100,"종업원 만족도 조사 설문지 (H3100-04)",합계점수,"합계 점수",R25,text
H3100-01,H-3100,"년간 고객만족도 조사 계획서 (H3100-01)_구자료",작성,"작 성",X2,text
H3100-01,H-3100,"년간 고객만족도 조사 계획서 (H3100-01)_구자료",검토,"검 토",AA2,text
H3100-01,H-3100,"년간 고객만족도 조사 계획서 (H3100-01)_구자료",검토,"검 토",AD2,text
H3100-01,H-3100,"년간 고객만족도 조사 계획서 (H3100-01)_구자료",승인,"승 인",AG2,text
H3100-01,H-3100,"년간 고객만족도 조사 계획서 (H3100-01)_구자료",2월,"2월",K6,text
H3100-01,H-3100,"년간 고객만족도 조사 계획서 (H3100-01)_구자료",3월,"3월",M6,text
H3100-01,H-3100,"년간 고객만족도 조사 계획서 (H3100-01)_구자료",4월,"4월",O6,text
H3100-01,H-3100,"년간 고객만족도 조사 계획서 (H3100-01)_구자료",5월,"5월",Q6,text
H3100-01,H-3100,"년간 고객만족도 조사 계획서 (H3100-01)_구자료",순,"순",A6,text
H3100-01,H-3100,"년간 고객만족도 조사 계획서 (H3100-01)_구자료",고객사명,"고객사명",C6,text
H3100-01,H-3100,"년간 고객만족도 조사 계획서 (H3100-01)_구자료",12월,"12월",AE6,text
H3100-01,H-3100,"년간 고객만족도 조사 계획서 (H3100-01)_구자료",비고,"비 고",AG6,text
H3100-01,H-3100,"년간 고객만족도 조사 계획서 (H3100-01)_구자료",6월,"6월",S6,text
H3100-01,H-3100,"년간 고객만족도 조사 계획서 (H3100-01)_구자료",7월,"7월",U6,text
H3100-01,H-3100,"년간 고객만족도 조사 계획서 (H3100-01)_구자료",8월,"8월",W6,text
H3100-01,H-3100,"년간 고객만족도 조사 계획서 (H3100-01)_구자료",9월,"9월",Y6,text
H3100-01,H-3100,"년간 고객만족도 조사 계획서 (H3100-01)_구자료",10월,"10월",AA6,text
H3100-01,H-3100,"년간 고객만족도 조사 계획서 (H3100-01)_구자료",11월,"11월",AC6,text
H3100-01,H-3100,"년간 고객만족도 조사 계획서 (H3100-01)_구자료",계획,"계획",I6,text
H3100-01,H-3100,"년간 고객만족도 조사 계획서 (H3100-01)_구자료",계획,"계획",I8,text
H3100-01,H-3100,"년간 고객만족도 조사 계획서 (H3100-01)_구자료",실적,"실적",I7,text
H3100-01,H-3100,"년간 고객만족도 조사 계획서 (H3100-01)_구자료",실적,"실적",I9,text
H3100-01,H-3100,"년간 고객만족도 조사 계획서 (H3100-01)_구자료",계획,"계획",I10,text
H3100-01,H-3100,"년간 고객만족도 조사 계획서 (H3100-01)_구자료",계획,"계획",I12,text
H3100-01,H-3100,"년간 고객만족도 조사 계획서 (H3100-01)_구자료",실적,"실적",I11,text
H3100-01,H-3100,"년간 고객만족도 조사 계획서 (H3100-01)_구자료",실적,"실적",I13,text
H3100-01,H-3100,"년간 고객만족도 조사 계획서 (H3100-01)_구자료",계획,"계획",I14,text
H3100-01,H-3100,"년간 고객만족도 조사 계획서 (H3100-01)_구자료",계획,"계획",I16,text
H3100-01,H-3100,"년간 고객만족도 조사 계획서 (H3100-01)_구자료",계획,"계획",I18,text
H3100-01,H-3100,"년간 고객만족도 조사 계획서 (H3100-01)_구자료",실적,"실적",I15,text
H3100-01,H-3100,"년간 고객만족도 조사 계획서 (H3100-01)_구자료",실적,"실적",I17,text
H3100-01,H-3100,"년간 고객만족도 조사 계획서 (H3100-01)_구자료",작성,"작 성",U2,text
H3100-01,H-3100,"년간 고객만족도 조사 계획서 (H3100-01)_구자료",실적,"실적",I19,text
H3100-03,H-3100,"고객만족도 평가 보고서 (H3100-03)",구분업체명,"구 분 업체명",A8,text
H3100-03,H-3100,"고객만족도 평가 보고서 (H3100-03)",작성,"작 성",O2,text
H3100-03,H-3100,"고객만족도 평가 보고서 (H3100-03)",주요불만내용,"주요 불만 내용",R8,textarea
H3200-02,H-3200,"고객불만 대응 조치 결과 보고서 (H3200-02)",부적합품상세사진,"부적합품 상세 사진",A42,text
H3200-02,H-3200,"고객불만 대응 조치 결과 보고서 (H3200-02)",고객선별대응상세수량,"고객 선별대응 상세 수량",A60,text
H3200-02,H-3200,"고객불만 대응 조치 결과 보고서 (H3200-02)",유선,"유 선",G33,text
H3200-02,H-3200,"고객불만 대응 조치 결과 보고서 (H3200-02)",고객사요청사항,"고객사 요청사항",G26,textarea
H3200-02,H-3200,"고객불만 대응 조치 결과 보고서 (H3200-02)",불량발생LOT,"불량발생 LOT",G20,text
H3200-02,H-3200,"고객불만 대응 조치 결과 보고서 (H3200-02)",불량유출작업자,"불량유출 작업자",X20,text
H3200-02,H-3200,"고객불만 대응 조치 결과 보고서 (H3200-02)",불량발생원인,"불량 발생 원인",G21,textarea
H3200-02,H-3200,"고객불만 대응 조치 결과 보고서 (H3200-02)",불량유출원인,"불량 유출 원인",X21,textarea
H3200-02,H-3200,"고객불만 대응 조치 결과 보고서 (H3200-02)",고객불만대응상세내용,"고객불만대응 상세 내용",G14,textarea
H3200-02,H-3200,"고객불만 대응 조치 결과 보고서 (H3200-02)",불량발생귀책처,"불량발생 귀책처",G19,text
H3200-02,H-3200,"고객불만 대응 조치 결과 보고서 (H3200-02)",불량발생공정,"불량발생 공정",X19,text
H3200-02,H-3200,"고객불만 대응 조치 결과 보고서 (H3200-02)",대응소요시간,"대응 소요시간",X13,text
H3200-02,H-3200,"고객불만 대응 조치 결과 보고서 (H3200-02)",선별수량EA,"선별 수량[EA/本]",G12,text
H3200-02,H-3200,"고객불만 대응 조치 결과 보고서 (H3200-02)",불량발생수량EA,"불량 발생수량[EA/本]",X12,text
H3200-02,H-3200,"고객불만 대응 조치 결과 보고서 (H3200-02)",고객불만내용부적합내용,"고객불만 내용 [부적합 내용]",G8,textarea
H3200-02,H-3200,"고객불만 대응 조치 결과 보고서 (H3200-02)",고객불만제기처,"고객불만 제기처",G7,text
H3200-02,H-3200,"고객불만 대응 조치 결과 보고서 (H3200-02)",담당자,"담당자",O7,text
H3200-02,H-3200,"고객불만 대응 조치 결과 보고서 (H3200-02)",작성자,"작성자",M3,text
J1100-01,J-1100,"개발일정 계획서 (J1100-01)",고객승인,"고객승인",E48,text
J1100-01,J-1100,"개발일정 계획서 (J1100-01)",개발완료보고,"개발완료 보고",E51,text
J1100-01,J-1100,"개발일정 계획서 (J1100-01)",양산관리계획서준비,"양산관리계획서준비",E46,text
J1100-01,J-1100,"개발일정 계획서 (J1100-01)",특기사항,"특 기 사 항",E54,text
J1100-01,J-1100,"개발일정 계획서 (J1100-01)",측정시스템평가,"측정시스템 평가",E40,text
J1100-01,J-1100,"개발일정 계획서 (J1100-01)",작업자교육,"작업자 교육",E41,text
J1100-01,J-1100,"개발일정 계획서 (J1100-01)",작업표준작성,"작업표준 작성",E38,text
J1100-01,J-1100,"개발일정 계획서 (J1100-01)",검사기준서작성,"검사기준서 작성",E39,text
J1100-01,J-1100,"개발일정 계획서 (J1100-01)",양산선행관리계획서작성,"양산선행 관리계획서 작성",E36,text
J1100-01,J-1100,"개발일정 계획서 (J1100-01)",계측기및GAGE제작구매,"계측기 및 GAGE 제작구매",E34,text
J1100-01,J-1100,"개발일정 계획서 (J1100-01)",포장사양협의용기제작,"포장사양 협의/용기제작",E35,text
J1100-01,J-1100,"개발일정 계획서 (J1100-01)",설비검토발주제작,"설비검토,발주,제작",E32,text
J1100-01,J-1100,"개발일정 계획서 (J1100-01)",금형및지그제작,"금형 및 지그제작",E33,text
J1100-01,J-1100,"개발일정 계획서 (J1100-01)",공정FMEA실시,"공정 FMEA 실시",E30,text
J1100-01,J-1100,"개발일정 계획서 (J1100-01)",공정배치계획LAYOUT설정,"공정배치계획(LAY-OUT)설정",E31,text
J1100-01,J-1100,"개발일정 계획서 (J1100-01)",개발요청서접수고객,"개발요청서 접수 (고객)",E24,text
J1100-01,J-1100,"개발일정 계획서 (J1100-01)",공정흐름제조공정도작성,"공정흐름(제조공정도)작성",E27,text
J1100-01,J-1100,"개발일정 계획서 (J1100-01)",제조타당검토서작성,"제조타당 검토서작성",E22,text
J1100-01,J-1100,"개발일정 계획서 (J1100-01)",고객입력사항견적서제출,"고객입력사항(견적서제출)",E23,textarea
J1100-01,J-1100,"개발일정 계획서 (J1100-01)",신제품관련요구사항정리,"신제품관련 요구사항정리",E21,textarea
J1100-01,J-1100,"개발일정 계획서 (J1100-01)",담당자,"담 당 자",G21,text
J1100-01,J-1100,"개발일정 계획서 (J1100-01)",추진일정,"추 진 일 정",I21,text
J1100-01,J-1100,"개발일정 계획서 (J1100-01)",완료일,"완료일",K21,date
J1100-01,J-1100,"개발일정 계획서 (J1100-01)",Member,"Member",A11,text
J1100-01,J-1100,"개발일정 계획서 (J1100-01)",성명,"성 명",E11,text
J1100-01,J-1100,"개발일정 계획서 (J1100-01)",Member,"Member",H11,text
J1100-01,J-1100,"개발일정 계획서 (J1100-01)",성명,"성 명",L11,text
J1100-01,J-1100,"개발일정 계획서 (J1100-01)",품명번,"품 명(번)",C6,text
J1100-01,J-1100,"개발일정 계획서 (J1100-01)",품명번,"품 명(번)",G6,text
J1100-01,J-1100,"개발일정 계획서 (J1100-01)",품명번,"품 명(번)",K6,text
J1100-01,J-1100,"개발일정 계획서 (J1100-01)",고객,"고 객",C3,text
J1100-01,J-1100,"개발일정 계획서 (J1100-01)",차종,"차 종",I3,text
J1100-01,J-1100,"개발일정 계획서 (J1100-01)",예상소요량,"예상소요량",C4,text
J1100-01,J-1100,"개발일정 계획서 (J1100-01)",양산예정일,"양산예정일",I4,date
J1100-01,J-1100,"개발일정 계획서 (J1100-01)",특별특성파악,"특별특성 파악",E26,text
J1100-01,J-1100,"개발일정 계획서 (J1100-01)",품질보증계획수립공정강화방안,"품질보증계획수립/공정강화방안",E28,text
J1100-01,J-1100,"개발일정 계획서 (J1100-01)",협력사선정및발주,"협력사 선정 및 발주",E29,text
J1100-01,J-1100,"개발일정 계획서 (J1100-01)",양산준비상태점검이관조치,"양산준비상태 점검/이관조치",E49,text
J1100-01,J-1100,"개발일정 계획서 (J1100-01)",양산첫로트납품및초기품질관리,"양산 첫로트납품 및 초기품질관리",E50,text
J1100-01,J-1100,"개발일정 계획서 (J1100-01)",제품안전검토,"제품 안전 검토",E42,text
J1100-01,J-1100,"개발일정 계획서 (J1100-01)",협력사개발품양산승인,"협력사개발품 양산승인",E47,text
J1100-01,J-1100,"개발일정 계획서 (J1100-01)",2차PILOT생산,"2차 PILOT 생산",E43,text
J1100-01,J-1100,"개발일정 계획서 (J1100-01)",공정능력평가및검사,"공정능력 평가 및 검사",E44,text
J1100-01,J-1100,"개발일정 계획서 (J1100-01)",포장평가,"포장평가",E45,text
J1100-02,J-1100,"공정흐름도 (J1100-02)",KPC,"( KPC )",H9,text
J1100-02,J-1100,"공정흐름도 (J1100-02)",품번,"품 번",D5,text
J1100-02,J-1100,"공정흐름도 (J1100-02)",제개정일자,"제.개정일자",I5,date
J1100-02,J-1100,"공정흐름도 (J1100-02)",품명,"품 명",D6,text
J1100-02,J-1100,"공정흐름도 (J1100-02)",작성자,"작 성 자",I6,text
J1100-02,J-1100,"공정흐름도 (J1100-02)",차종,"차 종",D4,text
J1100-02,J-1100,"공정흐름도 (J1100-02)",관리번호,"관리번호",I4,text
J1100-03,J-1100,"특별특성 목록표 (J1100-03)",주관팀,"주관팀",A7,text
J1100-03,J-1100,"특별특성 목록표 (J1100-03)",작성자,"작성자",F7,text
J1100-03,J-1100,"특별특성 목록표 (J1100-03)",NO,"NO",A9,text
J1100-03,J-1100,"특별특성 목록표 (J1100-03)",품번,"품 번",C9,text
J1100-03,J-1100,"특별특성 목록표 (J1100-03)",품명,"품 명",J9,text
J1100-03,J-1100,"특별특성 목록표 (J1100-03)",특별특성항목,"특별 특성 항목",R9,text
J1100-03,J-1100,"특별특성 목록표 (J1100-03)",규격,"규 격",Z9,text
J1100-03,J-1100,"특별특성 목록표 (J1100-03)",분류,"분 류",AH9,text
J1100-03,J-1100,"특별특성 목록표 (J1100-03)",비고,"비 고",AL9,text
J1100-03,J-1100,"특별특성 목록표 (J1100-03)",최초작성일,"최초작성일",A5,date
J1100-03,J-1100,"특별특성 목록표 (J1100-03)",개정일,"개정일",E5,date
J1100-03,J-1100,"특별특성 목록표 (J1100-03)",개정번호,"개정번호",I5,text
J1100-03,J-1100,"특별특성 목록표 (J1100-03)",품명,"품 명",E2,text
J1100-03,J-1100,"특별특성 목록표 (J1100-03)",품번,"품 번",E3,text
J1100-03,J-1100,"특별특성 목록표 (J1100-03)",차종,"차 종",E1,text
J1100-04,J-1100,"부품개발 요청서 (J1100-04)",티피씨대표이사,"㈜티피씨 대표이사 (印)",A33,text
J1100-04,J-1100,"부품개발 요청서 (J1100-04)",년간예상,"년간 예상",G12,text
J1100-04,J-1100,"부품개발 요청서 (J1100-04)",ECONO,"ECO NO.",B12,text
J1100-04,J-1100,"부품개발 요청서 (J1100-04)",ECO일자,"ECO 일자",D12,date
J1100-04,J-1100,"부품개발 요청서 (J1100-04)",대당소요량,"대당 소요량",G11,text
J1100-04,J-1100,"부품개발 요청서 (J1100-04)",부품번호,"부품번호",B9,text
J1100-04,J-1100,"부품개발 요청서 (J1100-04)",차종,"차 종",G9,text
J1100-05,J-1100,"제품 품질계획요약 및 완료확인서 (J1100-05)",초도품승인,"초도품 승인",B28,text
J1100-05,J-1100,"제품 품질계획요약 및 완료확인서 (J1100-05)",첨부서류,"첨부서류",T19,text
J1100-05,J-1100,"제품 품질계획요약 및 완료확인서 (J1100-05)",소속,"소 속",E12,text
J1100-05,J-1100,"제품 품질계획요약 및 완료확인서 (J1100-05)",직위,"직 위",H12,text
J1100-05,J-1100,"제품 품질계획요약 및 완료확인서 (J1100-05)",성명,"성 명",J12,text
J1100-05,J-1100,"제품 품질계획요약 및 완료확인서 (J1100-05)",확인,"확 인",M12,text
J1100-05,J-1100,"제품 품질계획요약 및 완료확인서 (J1100-05)",소속,"소 속",O12,text
J1100-05,J-1100,"제품 품질계획요약 및 완료확인서 (J1100-05)",직위,"직 위",R12,text
J1100-05,J-1100,"제품 품질계획요약 및 완료확인서 (J1100-05)",성명,"성 명",T12,text
J1100-05,J-1100,"제품 품질계획요약 및 완료확인서 (J1100-05)",확인,"확 인",W12,text
J1100-05,J-1100,"제품 품질계획요약 및 완료확인서 (J1100-05)",예상소요량,"예상소요량",E7,text
J1100-05,J-1100,"제품 품질계획요약 및 완료확인서 (J1100-05)",양산예정일,"양산예정일",Q7,date
J1100-05,J-1100,"제품 품질계획요약 및 완료확인서 (J1100-05)",품명번,"품 명(번)",E9,text
J1100-05,J-1100,"제품 품질계획요약 및 완료확인서 (J1100-05)",품명번,"품 명(번)",L9,text
J1100-05,J-1100,"제품 품질계획요약 및 완료확인서 (J1100-05)",품명번,"품 명(번)",R9,text
J1100-05,J-1100,"제품 품질계획요약 및 완료확인서 (J1100-05)",보고일자,"보고 일자",E5,date
J1100-05,J-1100,"제품 품질계획요약 및 완료확인서 (J1100-05)",작성부서,"작성 부서",Q5,text
J1100-05,J-1100,"제품 품질계획요약 및 완료확인서 (J1100-05)",고객,"고 객",E6,text
J1100-05,J-1100,"제품 품질계획요약 및 완료확인서 (J1100-05)",차종,"차 종",Q6,text
J1100-05,J-1100,"제품 품질계획요약 및 완료확인서 (J1100-05)",검토,"검 토",U2,text
J1100-05,J-1100,"제품 품질계획요약 및 완료확인서 (J1100-05)",승인,"승 인",W2,text
J1100-06,J-1100,"개발품 TRY-OUT 일정 계획서 (J1100-06)",특기사항,"특 기 사 항",E48,text
J1100-06,J-1100,"개발품 TRY-OUT 일정 계획서 (J1100-06)",양산,"양 산",A40,text
J1100-06,J-1100,"개발품 TRY-OUT 일정 계획서 (J1100-06)",TRYOUT완료보고,"TRY-OUT 완료 보고",E38,text
J1100-06,J-1100,"개발품 TRY-OUT 일정 계획서 (J1100-06)",양산,"양 산",E39,text
J1100-06,J-1100,"개발품 TRY-OUT 일정 계획서 (J1100-06)",관련표준류개정,"관련표준류 개정",E36,text
J1100-06,J-1100,"개발품 TRY-OUT 일정 계획서 (J1100-06)",고객승인,"고객승인",E37,text
J1100-06,J-1100,"개발품 TRY-OUT 일정 계획서 (J1100-06)",검사시험및공정능력평가,"검사/시험 및 공정능력 평가",E34,text
J1100-06,J-1100,"개발품 TRY-OUT 일정 계획서 (J1100-06)",포장평가,"포장평가",E35,text
J1100-06,J-1100,"개발품 TRY-OUT 일정 계획서 (J1100-06)",작업표준작성및교육,"작업표준작성 및 교육",E32,text
J1100-06,J-1100,"개발품 TRY-OUT 일정 계획서 (J1100-06)",2차TRYOUT실시,"2차 TRY-OUT 실시",E33,text
J1100-06,J-1100,"개발품 TRY-OUT 일정 계획서 (J1100-06)",측정시스템평가,"측정시스템 평가",E30,text
J1100-06,J-1100,"개발품 TRY-OUT 일정 계획서 (J1100-06)",검사기준서작성,"검사기준서 작성",E31,text
J1100-06,J-1100,"개발품 TRY-OUT 일정 계획서 (J1100-06)",계측기및GAGE제작구매,"계측기 및 GAGE 제작/구매",E28,text
J1100-06,J-1100,"개발품 TRY-OUT 일정 계획서 (J1100-06)",1차TRYOUT실시,"1차 TRY-OUT 실시",E29,text
J1100-06,J-1100,"개발품 TRY-OUT 일정 계획서 (J1100-06)",특별특성목록파악,"특별특성목록 파악",E26,text
J1100-06,J-1100,"개발품 TRY-OUT 일정 계획서 (J1100-06)",양산관리계획서작성,"양산 관리계획서 작성",E27,text
J1100-06,J-1100,"개발품 TRY-OUT 일정 계획서 (J1100-06)",개발품이관및설치,"개발품 이관 및 설치",E25,text
J1100-06,J-1100,"개발품 TRY-OUT 일정 계획서 (J1100-06)",담당자,"담 당 자",G25,text
J1100-06,J-1100,"개발품 TRY-OUT 일정 계획서 (J1100-06)",추진일정,"추 진 일 정",I25,text
J1100-06,J-1100,"개발품 TRY-OUT 일정 계획서 (J1100-06)",완료일,"완료일",K25,date
J1100-06,J-1100,"개발품 TRY-OUT 일정 계획서 (J1100-06)",Member,"Member",A12,text
J1100-06,J-1100,"개발품 TRY-OUT 일정 계획서 (J1100-06)",성명,"성 명",E12,text
J1100-06,J-1100,"개발품 TRY-OUT 일정 계획서 (J1100-06)",Member,"Member",H12,text
J1100-06,J-1100,"개발품 TRY-OUT 일정 계획서 (J1100-06)",성명,"성 명",L12,text
J1100-06,J-1100,"개발품 TRY-OUT 일정 계획서 (J1100-06)",품명번,"품 명(번)",C6,text
J1100-06,J-1100,"개발품 TRY-OUT 일정 계획서 (J1100-06)",품명번,"품 명(번)",G6,text
J1100-06,J-1100,"개발품 TRY-OUT 일정 계획서 (J1100-06)",품명번,"품 명(번)",K6,text
J1100-06,J-1100,"개발품 TRY-OUT 일정 계획서 (J1100-06)",고객,"고 객",C3,text
J1100-06,J-1100,"개발품 TRY-OUT 일정 계획서 (J1100-06)",차종,"차 종",I3,text
J1100-06,J-1100,"개발품 TRY-OUT 일정 계획서 (J1100-06)",예상소요량,"예상소요량",C4,text
J1100-06,J-1100,"개발품 TRY-OUT 일정 계획서 (J1100-06)",양산예정일,"양산예정일",I4,date
J1100-07,J-1100,"개발품 TRY-OUT 완료 보고서 (J1100-07)",ISIR초도품승인,"I.S.I.R(초도품 승인)",B66,text
J1100-07,J-1100,"개발품 TRY-OUT 완료 보고서 (J1100-07)",첨부서류,"첨부서류",T57,text
J1100-07,J-1100,"개발품 TRY-OUT 완료 보고서 (J1100-07)",일자,"일 자",A19,text
J1100-07,J-1100,"개발품 TRY-OUT 완료 보고서 (J1100-07)",업무추진내용,"업 무 추 진 내 용",E19,text
J1100-07,J-1100,"개발품 TRY-OUT 완료 보고서 (J1100-07)",비고,"비 고",T19,text
J1100-07,J-1100,"개발품 TRY-OUT 완료 보고서 (J1100-07)",소속,"소 속",E12,text
J1100-07,J-1100,"개발품 TRY-OUT 완료 보고서 (J1100-07)",직위,"직 위",H12,text
J1100-07,J-1100,"개발품 TRY-OUT 완료 보고서 (J1100-07)",성명,"성 명",J12,text
J1100-07,J-1100,"개발품 TRY-OUT 완료 보고서 (J1100-07)",확인,"확 인",M12,text
J1100-07,J-1100,"개발품 TRY-OUT 완료 보고서 (J1100-07)",소속,"소 속",O12,text
J1100-07,J-1100,"개발품 TRY-OUT 완료 보고서 (J1100-07)",직위,"직 위",R12,text
J1100-07,J-1100,"개발품 TRY-OUT 완료 보고서 (J1100-07)",성명,"성 명",T12,text
J1100-07,J-1100,"개발품 TRY-OUT 완료 보고서 (J1100-07)",확인,"확 인",W12,text
J1100-07,J-1100,"개발품 TRY-OUT 완료 보고서 (J1100-07)",예상소요량,"예상소요량",E7,text
J1100-07,J-1100,"개발품 TRY-OUT 완료 보고서 (J1100-07)",양산예정일,"양산예정일",Q7,date
J1100-07,J-1100,"개발품 TRY-OUT 완료 보고서 (J1100-07)",품명번,"품 명(번)",E9,text
J1100-07,J-1100,"개발품 TRY-OUT 완료 보고서 (J1100-07)",품명번,"품 명(번)",L9,text
J1100-07,J-1100,"개발품 TRY-OUT 완료 보고서 (J1100-07)",품명번,"품 명(번)",R9,text
J1100-07,J-1100,"개발품 TRY-OUT 완료 보고서 (J1100-07)",보고일자,"보고일자",E5,date
J1100-07,J-1100,"개발품 TRY-OUT 완료 보고서 (J1100-07)",작성부서,"작성부서",Q5,text
J1100-07,J-1100,"개발품 TRY-OUT 완료 보고서 (J1100-07)",고객,"고 객",E6,text
J1100-07,J-1100,"개발품 TRY-OUT 완료 보고서 (J1100-07)",차종,"차 종",Q6,text
J1100-07,J-1100,"개발품 TRY-OUT 완료 보고서 (J1100-07)",검토,"검 토",U2,text
J1100-07,J-1100,"개발품 TRY-OUT 완료 보고서 (J1100-07)",승인,"승 인",W2,text
J1100-08,J-1100,"납입용기 설정서 (J1100-08)",가로,"가 로",K17,text
J1100-08,J-1100,"납입용기 설정서 (J1100-08)",세로,"세 로",K18,text
J1100-08,J-1100,"납입용기 설정서 (J1100-08)",적입단수,"적입단수",K19,text
J1100-08,J-1100,"납입용기 설정서 (J1100-08)",전산입력,"전산 입력",X3,text
J1100-08,J-1100,"납입용기 설정서 (J1100-08)",품질팀장,"품질팀장",V3,text
J1100-08,J-1100,"납입용기 설정서 (J1100-08)",검토,"검 토",M3,text
J1100-08,J-1100,"납입용기 설정서 (J1100-08)",승인,"승 인",O3,text
J1100-08,J-1100,"납입용기 설정서 (J1100-08)",영업팀장,"영업팀장",R3,text
J1100-08,J-1100,"납입용기 설정서 (J1100-08)",생산팀장,"생산팀장",T3,text
J1100-09,J-1100,"제조타당성 확인서 (J1100-09)",생산팀,"생산팀",W34,text
J1100-09,J-1100,"제조타당성 확인서 (J1100-09)",구매팀,"구매팀",I34,text
J1100-09,J-1100,"제조타당성 확인서 (J1100-09)",영업팀,"영업팀",I35,text
J1100-09,J-1100,"제조타당성 확인서 (J1100-09)",양산시점,"양산 시점",F6,text
J1100-09,J-1100,"제조타당성 확인서 (J1100-09)",작성일자,"작성 일자",F4,date
J1100-09,J-1100,"제조타당성 확인서 (J1100-09)",작성자,"작 성 자",V4,text
J1100-09,J-1100,"제조타당성 확인서 (J1100-09)",고객명,"고 객 명",F5,text
J1100-09,J-1100,"제조타당성 확인서 (J1100-09)",품번,"품 번",V5,text
J1100-09,J-1100,"제조타당성 확인서 (J1100-09)",품질보증팀,"품질보증팀",W35,text
J1100-09,J-1100,"제조타당성 확인서 (J1100-09)",생산기술팀,"생산기술팀",I36,text
J1100-09,J-1100,"제조타당성 확인서 (J1100-09)",품질보증팀,"품질보증팀",S36,text
J1100-09,J-1100,"제조타당성 확인서 (J1100-09)",1고객요구사항,"1.고객요구사항",A8,textarea
J1100-09,J-1100,"제조타당성 확인서 (J1100-09)",내용검토,"내용 검토",L8,textarea
J1100-09,J-1100,"제조타당성 확인서 (J1100-09)",내용검토결과,"내용 검토 결과",V8,textarea
J1100-09,J-1100,"제조타당성 확인서 (J1100-09)",품명,"품 명",V6,text
J1100-10,J-1100,"제품 법_규제 요구사항 목록표 (J1100-10)",품번,"품 번",E4,text
J1100-10,J-1100,"제품 법_규제 요구사항 목록표 (J1100-10)",품명,"품 명",P4,text
J1100-10,J-1100,"제품 법_규제 요구사항 목록표 (J1100-10)",고객사,"고객사",AA4,text
J1100-10,J-1100,"제품 법_규제 요구사항 목록표 (J1100-10)",구분,"구 분",B7,text
J1100-10,J-1100,"제품 법_규제 요구사항 목록표 (J1100-10)",품명,"품 명",E7,text
J1100-10,J-1100,"제품 법_규제 요구사항 목록표 (J1100-10)",품번또는재료규격,"품번 또는 재료 규격",K7,text
J1100-10,J-1100,"제품 법_규제 요구사항 목록표 (J1100-10)",제조사,"제조사",Q7,text
J1100-10,J-1100,"제품 법_규제 요구사항 목록표 (J1100-10)",환경자료,"환경 자료",V7,text
J1100-10,J-1100,"제품 법_규제 요구사항 목록표 (J1100-10)",MSDS,"MSDS",Z7,text
J1100-10,J-1100,"제품 법_규제 요구사항 목록표 (J1100-10)",고객요구사항,"고객 요구사항",AD7,textarea
J1100-10,J-1100,"제품 법_규제 요구사항 목록표 (J1100-10)",작성일자,"작성 일자",E5,date
J1100-10,J-1100,"제품 법_규제 요구사항 목록표 (J1100-10)",작성자,"작 성 자",P5,text
J1100-10,J-1100,"제품 법_규제 요구사항 목록표 (J1100-10)",개정No,"개정 No",AA5,text
J1100-11,J-1100,"PM 및 MDT 선정기준 (J1100-11)",제품기능이해공정기능이해,"제품기능 이해, 공정기능 이해",AL40,text
J1100-11,J-1100,"PM 및 MDT 선정기준 (J1100-11)",평가내용,"평가 내용",AL31,textarea
J1100-11,J-1100,"PM 및 MDT 선정기준 (J1100-11)",프로젝트명차종,"프로젝트명(차종)",V29,text
J1100-11,J-1100,"PM 및 MDT 선정기준 (J1100-11)",품번,"품 번",AL29,text
J1100-11,J-1100,"PM 및 MDT 선정기준 (J1100-11)",고객사,"고 객 사",F29,text
J1100-11,J-1100,"PM 및 MDT 선정기준 (J1100-11)",성명,"성 명",AN25,text
J1100-11,J-1100,"PM 및 MDT 선정기준 (J1100-11)",검토,"검 토",AQ25,text
J1100-11,J-1100,"PM 및 MDT 선정기준 (J1100-11)",승인,"승 인",AT25,text
J1100-11,J-1100,"PM 및 MDT 선정기준 (J1100-11)",승인,"승 인",AT2,text
J1100-11,J-1100,"PM 및 MDT 선정기준 (J1100-11)",검토,"검 토",AQ2,text
J1100-11,J-1100,"PM 및 MDT 선정기준 (J1100-11)",성명,"성 명",AN2,text
J1100-11,J-1100,"PM 및 MDT 선정기준 (J1100-11)",경험,"경 험",M14,text
J1100-11,J-1100,"PM 및 MDT 선정기준 (J1100-11)",지식,"지 식",M16,text
J1100-11,J-1100,"PM 및 MDT 선정기준 (J1100-11)",업무부하,"업무 부하",M18,text
J1100-11,J-1100,"PM 및 MDT 선정기준 (J1100-11)",품번,"품 번",AC6,text
J1100-11,J-1100,"PM 및 MDT 선정기준 (J1100-11)",프로젝트명,"프로젝트명",Q6,text
J1100-11,J-1100,"PM 및 MDT 선정기준 (J1100-11)",고객명,"고객명",E6,text
J1100-12,J-1100,"에스켈레이션 기준 (J1100-12)",개정일,"개정일",AJ2,date
J1100-12,J-1100,"에스켈레이션 기준 (J1100-12)",개정내용,"개정 내용",AO2,textarea
J1100-12,J-1100,"에스켈레이션 기준 (J1100-12)",작성,"작 성",AX2,text
J1100-12,J-1100,"에스켈레이션 기준 (J1100-12)",검토,"검 토",BA2,text
J1100-12,J-1100,"에스켈레이션 기준 (J1100-12)",승인,"승 인",BD2,text
J1100-12,J-1100,"에스켈레이션 기준 (J1100-12)",업무흐름도,"업무 흐름도",A5,text
J1100-13,J-1100,"양산이관기준 (J1100-13)",이관대상,"이관대상",B8,text
J1100-13,J-1100,"양산이관기준 (J1100-13)",현상태,"현 상태",E8,text
J1100-13,J-1100,"양산이관기준 (J1100-13)",문제,"문제",K8,text
J1100-13,J-1100,"양산이관기준 (J1100-13)",개선대책,"개선대책",O8,textarea
J1100-13,J-1100,"양산이관기준 (J1100-13)",완료예정일,"완료예정일",T8,date
J1100-13,J-1100,"양산이관기준 (J1100-13)",생산,"생산",V8,text
J1100-13,J-1100,"양산이관기준 (J1100-13)",품질,"품질",Y8,text
J1100-13,J-1100,"양산이관기준 (J1100-13)",비고,"비고",AA8,text
J1100-13,J-1100,"양산이관기준 (J1100-13)",작성부서,"작성부서",AA5,text
J1100-13,J-1100,"양산이관기준 (J1100-13)",고객명,"고객명",C5,text
J1100-13,J-1100,"양산이관기준 (J1100-13)",차종,"차 종",H5,text
J1100-13,J-1100,"양산이관기준 (J1100-13)",품번,"품 번",M5,text
J1100-13,J-1100,"양산이관기준 (J1100-13)",품명,"품 명",S5,text
J1100-13,J-1100,"양산이관기준 (J1100-13)",개정일,"개정일",M2,date
J1100-13,J-1100,"양산이관기준 (J1100-13)",개정근거,"개정근거",P2,text
J1100-13,J-1100,"양산이관기준 (J1100-13)",개정내용,"개정내용",S2,textarea
J1100-13,J-1100,"양산이관기준 (J1100-13)",검토,"검 토",Y2,text
J1100-13,J-1100,"양산이관기준 (J1100-13)",승인,"승 인",AA2,text
J1100-09,J-1100,"제조타당성 확인서 (J1100-09) (구버젼)",,"○",A20,text
J1100-09,J-1100,"제조타당성 확인서 (J1100-09) (구버젼)",,"-",D20,text
J1101-01,J-1101,"공정 FMEA SHEET (J1101-01)_구버젼",잠재적고장형태,"잠재적 고장형태",E12,text
J1101-01,J-1101,"공정 FMEA SHEET (J1101-01)_구버젼",고장의잠재적영향,"고장의 잠재적 영향",I12,text
J1101-01,J-1101,"공정 FMEA SHEET (J1101-01)_구버젼",고장의잠재적원인메커니즘,"고장의 잠재적 원인/메커니즘",O12,textarea
J1101-01,J-1101,"공정 FMEA SHEET (J1101-01)_구버젼",공정의기능,"공정의 기능",B12,text
J1101-01,J-1101,"공정 FMEA SHEET (J1101-01)_구버젼",검토,"검 토",AM5,text
J1101-01,J-1101,"공정 FMEA SHEET (J1101-01)_구버젼",FMEANO,"FMEA NO",E4,text
J1101-01,J-1101,"공정 FMEA SHEET (J1101-01)_구버젼",공정책임자,"공정 책임자",N4,text
J1101-01,J-1101,"공정 FMEA SHEET (J1101-01)_구버젼",승인,"승 인",AR5,text
J1101-01,J-1101,"공정 FMEA SHEET (J1101-01)_구버젼",적용차종,"적용차종",E5,text
J1101-01,J-1101,"공정 FMEA SHEET (J1101-01)_구버젼",완료예정일,"완료 예정일",N5,date
J1101-01,J-1101,"공정 FMEA SHEET (J1101-01)_구버젼",1,"1",U5,text
J1101-01,J-1101,"공정 FMEA SHEET (J1101-01)_구버젼",주요개정내용,"주요개정내용",Z5,textarea
J1101-01,J-1101,"공정 FMEA SHEET (J1101-01)_구버젼",작성,"작 성",AH5,text
J1101-01,J-1101,"공정 FMEA SHEET (J1101-01)_구버젼",양산적용일,"양산 적용일",E6,date
J1101-01,J-1101,"공정 FMEA SHEET (J1101-01)_구버젼",상호기능팀원,"상호 기능팀원",N6,text
J1101-01,J-1101,"공정 FMEA SHEET (J1101-01)_구버젼",2,"2",U6,text
J1101-01,J-1101,"공정 FMEA SHEET (J1101-01)_구버젼",품명,"품 명",E8,text
J1101-01,J-1101,"공정 FMEA SHEET (J1101-01)_구버젼",품번,"품 번",E7,text
J1101-01,J-1101,"공정 FMEA SHEET (J1101-01)_구버젼",2,"2",S7,text
J1101-01,J-1101,"공정 FMEA SHEET (J1101-01)_구버젼",권고조치사항공정특성검증,"권고조치 사항 (공정특성 검증)",AF12,textarea
J1101-01,J-1101,"공정 FMEA SHEET (J1101-01)_구버젼",책임완료예정일,"책임 / 완료예정일",AK12,date
J1101-01,J-1101,"공정 FMEA SHEET (J1101-01)_구버젼",조치내용,"조치내용",AO12,textarea
J1101-01,J-1101,"공정 FMEA SHEET (J1101-01)_구버젼",예방Prevention,"예방 (Prevention)",T12,text
J1101-01,J-1101,"공정 FMEA SHEET (J1101-01)_구버젼",검출Detection,"검출 (Detection)",Y12,text
J1102-01,J-1102,"관리계획서 1판 표지 (J1102-01 갑)",업체명,"업체명 :",D2,text
J1102-01,J-1102,"관리계획서 1판 표지 (J1102-01 갑)",차종,"차 종",G3,text
J1102-01,J-1102,"관리계획서 1판 표지 (J1102-01 갑)",제정일자,"제정일자 :",T3,date
J1102-01,J-1102,"관리계획서 1판 표지 (J1102-01 갑)",개정사유,"개정사유",M4,text
J1102-01,J-1102,"관리계획서 1판 표지 (J1102-01 갑)",단계,"단 계",B5,text
J1102-01,J-1102,"관리계획서 1판 표지 (J1102-01 갑)",부품명품명,"부품명/품명",G5,text
J1102-01,J-1102,"관리계획서 1판 표지 (J1102-01 갑)",부번품번,"부번 / 품번",G7,text
J1102-01,J-1102,"관리계획서 1판 표지 (J1102-01 갑)",작성,"작 성",S6,text
J1102-01,J-1102,"관리계획서 1판 표지 (J1102-01 갑)",검토,"검 토",U6,text
J1102-01,J-1102,"관리계획서 1판 표지 (J1102-01 갑)",승인,"승 인",W6,text
J1102-01,J-1102,"관리계획서 1판 표지 (J1102-01 갑)",업체코드,"업체코드",D11,text
J1102-01,J-1102,"관리계획서 1판 표지 (J1102-01 갑)",고객품질승인일자요구시,"고객품질 승인/일자(요구시)",O11,date
J1102-01,J-1102,"관리계획서 1판 표지 (J1102-01 갑)",기타승인일자요구시,"기타승인/일자(요구시)",V11,date
J1102-01,J-1102,"관리계획서 1판 표지 (J1102-01 갑)",상호기능팀원,"상호기능팀원",G9,text
J1102-01,J-1102,"관리계획서 (J1102-01 을)_구본",업체명,"업체명 :",C2,text
J1102-01,J-1102,"관리계획서 (J1102-01 을)_구본",부품명품명,"부품명 / 품명 :",E3,text
J1103-01,J-1103,"작업표준서 (J1103-01-필라넥)",NO,"NO",A7,text
J1103-01,J-1103,"작업표준서 (J1103-01-필라넥)",관리항목,"관리항목",C7,text
J1103-01,J-1103,"작업표준서 (J1103-01-필라넥)",조건,"조 건",G7,text
J1103-01,J-1103,"작업표준서 (J1103-01-필라넥)",확인방법,"확인방법",K7,text
J1103-01,J-1103,"작업표준서 (J1103-01-필라넥)",관리주기,"관리주기",N7,text
J1103-01,J-1103,"작업표준서 (J1103-01-필라넥)",관리도구,"관리도구",Q7,text
J1103-01,J-1103,"작업표준서 (J1103-01-필라넥)",NO,"NO",Y7,text
J1103-01,J-1103,"작업표준서 (J1103-01-필라넥)",검사항목,"검사항목",AA7,textarea
J1103-01,J-1103,"작업표준서 (J1103-01-필라넥)",판단기준,"판단기준",AE7,text
J1103-01,J-1103,"작업표준서 (J1103-01-필라넥)",확인방법,"확인방법",AI7,text
J1103-01,J-1103,"작업표준서 (J1103-01-필라넥)",관리주기,"관리주기",AL7,text
J1103-01,J-1103,"작업표준서 (J1103-01-필라넥)",관리도구,"관리도구",AO7,text
J1103-01,J-1103,"작업표준서 (J1103-01-필라넥)",NO,"NO",A33,text
J1103-01,J-1103,"작업표준서 (J1103-01-필라넥)",금형및공구명,"금형 및 공구명",C33,text
J1103-01,J-1103,"작업표준서 (J1103-01-필라넥)",관리규격,"관리규격",I33,text
J1103-01,J-1103,"작업표준서 (J1103-01-필라넥)",확인방법,"확인방법",N33,text
J1103-01,J-1103,"작업표준서 (J1103-01-필라넥)",주기,"주 기",Q33,text
J1103-01,J-1103,"작업표준서 (J1103-01-필라넥)",관리도구,"관리 도구",T33,text
J1103-01,J-1103,"작업표준서 (J1103-01-필라넥)",도식화,"도 식 화",C12,text
J1103-01,J-1103,"작업표준서 (J1103-01-필라넥)",도식화,"도 식 화",AA12,text
J1103-01,J-1103,"작업표준서 (J1103-01-필라넥)",작업순서,"작 업 순 서",A18,text
J1103-01,J-1103,"작업표준서 (J1103-01-필라넥)",안전,"안 전",M18,text
J1103-01,J-1103,"작업표준서 (J1103-01-필라넥)",부적합및이상조치절차,"부적합 및 이상조치 절차",Y18,text
J1103-01,J-1103,"작업표준서 (J1103-01-필라넥)",중요부적합유형,"중요 부적합 유형",AK18,text
J1103-01,J-1103,"작업표준서 (J1103-01-필라넥)",NO,"NO",Y33,text
J1103-01,J-1103,"작업표준서 (J1103-01-필라넥)",개정일,"개정일",AA33,date
J1103-01,J-1103,"작업표준서 (J1103-01-필라넥)",개정내용,"개정 내용",AG33,textarea
J1103-01,J-1103,"작업표준서 (J1103-01-필라넥)",확인,"확인",AS33,text
J1103-01,J-1103,"작업표준서 (J1103-01-필라넥)",적용품번,"적용 품번",R1,text
J1103-01,J-1103,"작업표준서 (J1103-01-필라넥)",적용품명,"적용 품명",R2,text
J1103-01,J-1103,"작업표준서 (J1103-01-필라넥)",적용차종,"적용 차종",R3,text
J1103-01,J-1103,"작업표준서 (J1103-01-필라넥)",작성,"작 성",AK2,text
J1103-01,J-1103,"작업표준서 (J1103-01-필라넥)",공정명,"공 정 명",AC1,text
J1103-01,J-1103,"작업표준서 (J1103-01-필라넥)",설비명,"설 비 명",AC2,text
J1103-01,J-1103,"작업표준서 (J1103-01-필라넥)",작성일,"작 성 일",AC3,date
J1103-01,J-1103,"작업표준서 (J1103-01-인발,조관)",공정NO,"공정NO",R1,text
J1103-01,J-1103,"작업표준서 (J1103-01-인발,조관)",책임자,"책임자",AC1,text
J1103-01,J-1103,"작업표준서 (J1103-01-인발,조관)",작성일,"작성일",R3,date
J1103-01,J-1103,"작업표준서 (J1103-01-인발,조관)",설비명,"설비명",Y3,text
J1103-01,J-1103,"작업표준서 (J1103-01-인발,조관)",공정명,"공정명",R2,text
J1103-01,J-1103,"작업표준서 (J1103-01-인발,조관)",설비명,"설비명",AC2,text
J1103-01,J-1103,"작업표준서 (J1103-01-인발,조관)",작성,"작 성",AK2,text
J1103-01,J-1103,"작업표준서 (J1103-01-인발,조관)",관리도구,"관리도구",AO7,text
J1103-01,J-1103,"작업표준서 (J1103-01-인발,조관)",NO,"NO",Y7,text
J1103-01,J-1103,"작업표준서 (J1103-01-인발,조관)",검사항목,"검사항목",AA7,textarea
J1103-01,J-1103,"작업표준서 (J1103-01-인발,조관)",판단기준,"판단기준",AE7,text
J1103-01,J-1103,"작업표준서 (J1103-01-인발,조관)",확인방법,"확인방법",AI7,text
J1103-01,J-1103,"작업표준서 (J1103-01-인발,조관)",관리주기,"관리주기",AL7,text
J1103-01,J-1103,"작업표준서 (J1103-01-인발,조관)",NO,"NO",A7,text
J1103-01,J-1103,"작업표준서 (J1103-01-인발,조관)",관리항목,"관리항목",C7,text
J1103-01,J-1103,"작업표준서 (J1103-01-인발,조관)",조건,"조 건",G7,text
J1103-01,J-1103,"작업표준서 (J1103-01-인발,조관)",확인방법,"확인방법",K7,text
J1103-01,J-1103,"작업표준서 (J1103-01-인발,조관)",관리주기,"관리주기",N7,text
J1103-01,J-1103,"작업표준서 (J1103-01-인발,조관)",관리도구,"관리도구",Q7,text
J1103-01,J-1103,"작업표준서 (J1103-01-인발,조관)",작업순서,"작 업 순 서",A18,text
J1103-01,J-1103,"작업표준서 (J1103-01-인발,조관)",안전,"안 전",M18,text
J1103-01,J-1103,"작업표준서 (J1103-01-인발,조관)",도식화,"도 식 화",C12,text
J1103-01,J-1103,"작업표준서 (J1103-01-인발,조관)",도식화,"도 식 화",AA12,text
J1103-01,J-1103,"작업표준서 (J1103-01-인발,조관)",작업순서도,"작 업 순 서 도",Y18,text
J1103-01,J-1103,"작업표준서 (J1103-01-인발,조관)",개정내용,"개정 내용",AG33,textarea
J1103-01,J-1103,"작업표준서 (J1103-01-인발,조관)",확인,"확인",AS33,text
J1103-01,J-1103,"작업표준서 (J1103-01-인발,조관)",NO,"NO",A33,text
J1103-01,J-1103,"작업표준서 (J1103-01-인발,조관)",금형및공구명,"금형 및 공구명",C33,text
J1103-01,J-1103,"작업표준서 (J1103-01-인발,조관)",관리규격,"관리규격",I33,text
J1103-01,J-1103,"작업표준서 (J1103-01-인발,조관)",확인방법,"확인방법",N33,text
J1103-01,J-1103,"작업표준서 (J1103-01-인발,조관)",주기,"주 기",Q33,text
J1103-01,J-1103,"작업표준서 (J1103-01-인발,조관)",관리도구,"관리 도구",T33,text
J1103-01,J-1103,"작업표준서 (J1103-01-인발,조관)",NO,"NO",Y33,text
J1103-01,J-1103,"작업표준서 (J1103-01-인발,조관)",개정일,"개정일",AA33,date
J1103-01,J-1103,"작업표준서 (J1103-01-쇼바용접_2)",000작업조건,"000 작업 조건",Y19,text
J1103-01,J-1103,"작업표준서 (J1103-01-쇼바용접_2)",3,"3",AA28,text
J1103-01,J-1103,"작업표준서 (J1103-01-쇼바용접_2)",승인,"승 인",AT26,text
J1103-01,J-1103,"작업표준서 (J1103-01-쇼바용접_2)",2,"2",AA27,text
J1103-01,J-1103,"작업표준서 (J1103-01-쇼바용접_2)",1,"1",AA26,text
J1103-01,J-1103,"작업표준서 (J1103-01-쇼바용접_2)",개정사유,"개정사유",AE26,text
J1103-01,J-1103,"작업표준서 (J1103-01-쇼바용접_2)",작성,"작 성",AN26,text
J1103-01,J-1103,"작업표준서 (J1103-01-쇼바용접_2)",검토,"검 토",AQ26,text
J1103-01,J-1103,"작업표준서 (J1103-01-쇼바용접_2)",000작업조건,"000 작업 조건",A19,text
J1103-01,J-1103,"작업표준서 (J1103-01-쇼바용접_2)",제품형상,"제품 형상",A7,text
J1103-01,J-1103,"작업표준서 (J1103-01-쇼바용접_2)",조건확인위치,"조건 확인 위치",M7,text
J1103-01,J-1103,"작업표준서 (J1103-01-쇼바용접_2)",작업순서및방법,"작업 순서 및 방법",Y7,text
J1103-01,J-1103,"작업표준서 (J1103-01-쇼바용접_2)",승인,"승 인",AT2,text
J1103-01,J-1103,"작업표준서 (J1103-01-쇼바용접_2)",검토,"검 토",AQ2,text
J1103-01,J-1103,"작업표준서 (J1103-01-쇼바용접_2)",작성,"작 성",AN2,text
J1103-01,J-1103,"작업표준서 (J1103-01-쇼바용접_2)",차종,"차 종",D3,text
J1103-01,J-1103,"작업표준서 (J1103-01-쇼바용접_2)",공정번호,"공정번호",AB4,text
J1103-01,J-1103,"작업표준서 (J1103-01-쇼바용접_2)",부자재,"부자재",AJ4,text
J1103-01,J-1103,"작업표준서 (J1103-01-쇼바용접_2)",설비명,"설비명",AR4,text
J1103-01,J-1103,"작업표준서 (J1103-01-쇼바용접_2)",품명,"품 명",D4,text
J1103-01,J-1103,"작업표준서 (J1103-01-쇼바용접_2)",설비NO,"설비NO",L4,text
J1103-01,J-1103,"작업표준서 (J1103-01-쇼바용접_2)",공정명,"공정명",T4,text
J3100-01,J-3100,"4M 변경 의뢰서   (J3100-01)",MIP,"MIP",K1,text
J3100-01,J-3100,"4M 변경 의뢰서   (J3100-01)",LP,"LP",K2,text
J3100-01,J-3100,"4M 변경 의뢰서   (J3100-01)",승인,"승인",AF3,text
J3100-01,J-3100,"4M 변경 의뢰서   (J3100-01)",검토,"검 토",AC3,text
J3100-01,J-3100,"4M 변경 의뢰서   (J3100-01)",작성,"작 성",Z3,text
J3100-01,J-3100,"4M 변경 의뢰서   (J3100-01)",작성일,"작성일 :",AB1,text
J3100-01,J-3100,"4M 변경 의뢰서   (J3100-01)",성명,"성 명",U3,text
J3100-01,J-3100,"4M 변경 의뢰서   (J3100-01)",품번,"품 번",Q4,text
J3100-01,J-3100,"4M 변경 의뢰서   (J3100-01)",변경내용,"변경내용",C6,textarea
J3100-01,J-3100,"4M 변경 의뢰서   (J3100-01)",변경사유,"변경사유",C10,text
J3100-01,J-3100,"4M 변경 의뢰서   (J3100-01)",업체부서,"업체 / 부서",E3,text
J3100-01,J-3100,"4M 변경 의뢰서   (J3100-01)",소속,"소 속",M3,text
J3100-01,J-3100,"4M 변경 의뢰서   (J3100-01)",품명,"품 명",E4,text
J3100-01,J-3100,"4M 변경 의뢰서   (J3100-01)",변경전,"변 경 전",B15,text
J3100-01,J-3100,"4M 변경 의뢰서   (J3100-01)",변경후,"변 경 후",K15,text
J3100-01,J-3100,"4M 변경 의뢰서   (J3100-01)",품질특성,"품질 특성",T15,text
J3100-01,J-3100,"4M 변경 의뢰서   (J3100-01)",첨부자료,"첨부자료",AC15,text
J3100-01,J-3100,"4M 변경 의뢰서   (J3100-01)",1생산설비의세팅일정,"1. 생산설비의 세팅일정",N19,text
J3100-01,J-3100,"4M 변경 의뢰서   (J3100-01)",3초도품양산개시일정,"3. 초도품 양산 개시 일정",N21,text
J3100-01,J-3100,"4M 변경 의뢰서   (J3100-01)",4품질확인완료일정,"4. 품질확인 완료 일정",N22,text
J3100-01,J-3100,"4M 변경 의뢰서   (J3100-01)",5초도품최초납품예정일,"5. 초도품 최초 납품 예정일",N23,date
J3100-01,J-3100,"4M 변경 의뢰서   (J3100-01)",담당부서담당자,"담당부서 / 담당자",S19,text
J3100-01,J-3100,"4M 변경 의뢰서   (J3100-01)",작성,"작 성",Z26,text
J3100-01,J-3100,"4M 변경 의뢰서   (J3100-01)",검토,"검 토",AC26,text
J3100-01,J-3100,"4M 변경 의뢰서   (J3100-01)",승인,"승인",AF26,text
J3100-01,J-3100,"4M 변경 의뢰서   (J3100-01)",2시험검사성적서,"2.시험/검사 성적서",AF31,text
J3100-01,J-3100,"4M 변경 의뢰서   (J3100-01)",1승인,"1.승 인",W29,text
J3100-01,J-3100,"4M 변경 의뢰서   (J3100-01)",2조건부승인,"2.조건부 승 인",W32,text
J3100-01,J-3100,"4M 변경 의뢰서   (J3100-01)",3관리계획서,"3.관리 계획서",AF32,text
J3100-01,J-3100,"4M 변경 의뢰서   (J3100-01)",4공정능력조사서,"4.공정능력 조사서",AF33,text
J3100-01,J-3100,"4M 변경 의뢰서   (J3100-01)",5작업표준서,"5.작업 표준서",AF34,text
J3100-01,J-3100,"4M 변경 의뢰서   (J3100-01)",6제조공정도,"6.제조 공정도",AF35,text
J3100-01,J-3100,"4M 변경 의뢰서   (J3100-01)",3불가,"3.불 가",W35,text
J3100-01,J-3100,"4M 변경 의뢰서   (J3100-01)",4재검토,"4.재검토",W38,text
J3100-01,J-3100,"4M 변경 의뢰서   (J3100-01)",7SAMPLE,"7.SAMPLE",AF36,text
J3100-01,J-3100,"4M 변경 의뢰서   (J3100-01)",7SAMPLE,"7.SAMPLE",Y37,text
J3100-01,J-3100,"4M 변경 의뢰서   (J3100-01)",1검사기준서,"1.검사 기준서",AF30,text
J3100-02,J-3100,"사양변경접수대장 (J3100-02)",고객승인,"고객승인",AN5,text
J3100-02,J-3100,"사양변경접수대장 (J3100-02)",적용일,"적용일",AQ5,date
J3100-02,J-3100,"사양변경접수대장 (J3100-02)",비고,"비 고",AT5,text
J3100-02,J-3100,"사양변경접수대장 (J3100-02)",순,"순",A5,text
J3100-02,J-3100,"사양변경접수대장 (J3100-02)",고객명,"고객명",C5,text
J3100-02,J-3100,"사양변경접수대장 (J3100-02)",접수일자,"접수일자",G5,date
J3100-02,J-3100,"사양변경접수대장 (J3100-02)",차종,"차 종",K5,text
J3100-02,J-3100,"사양변경접수대장 (J3100-02)",품번,"품 번",N5,text
J3100-02,J-3100,"사양변경접수대장 (J3100-02)",품명,"품 명",S5,text
J3100-02,J-3100,"사양변경접수대장 (J3100-02)",사양변경내용,"사양변경 내용",X5,textarea
J3100-03,J-3100,"4M 변경 관리대장 (J3100-03)_신양식",비고,"비고",AB6,text
J3100-03,J-3100,"4M 변경 관리대장 (J3100-03)_신양식",검토,"검 토",Z2,text
J3100-03,J-3100,"4M 변경 관리대장 (J3100-03)_신양식",승인,"승인",AB2,text
J3100-05,J-3100,"변경점 관리 계획 대비 실적(J3100-05)",검토,"검 토",AI2,text
J3100-05,J-3100,"변경점 관리 계획 대비 실적(J3100-05)",승인,"승 인",AL2,text
J3100-05,J-3100,"변경점 관리 계획 대비 실적(J3100-05)",품명,"품명",F8,text
J3100-05,J-3100,"변경점 관리 계획 대비 실적(J3100-05)",품번,"품번",H8,text
J3100-05,J-3100,"변경점 관리 계획 대비 실적(J3100-05)",4,"4",B14,text
J3100-05,J-3100,"변경점 관리 계획 대비 실적(J3100-05)",비고,"비고",AK8,text
J3100-05,J-3100,"변경점 관리 계획 대비 실적(J3100-05)",1,"1",B8,text
J3100-05,J-3100,"변경점 관리 계획 대비 실적(J3100-05)",2,"2",B10,text
J3100-05,J-3100,"변경점 관리 계획 대비 실적(J3100-05)",3,"3",B12,text
J3100-05,J-3100,"변경점 관리 계획 대비 실적(J3100-05)",5,"5",B16,text
J3100-05,J-3100,"변경점 관리 계획 대비 실적(J3100-05)",6,"6",B18,text
J3100-05,J-3100,"변경점 관리 계획 대비 실적(J3100-05)",7,"7",B20,text
J3100-06,J-3100,"변경점 점검 조직도(J3100-06)",전무,"전무",O7,text
J3100-06,J-3100,"변경점 점검 조직도(J3100-06)",상무,"상무",O14,text
J3100-07,J-3100,"4M 변경점 관리 점검 C SHEET(J3100-07)",승인,"승 인",AF3,text
J3100-07,J-3100,"4M 변경점 관리 점검 C SHEET(J3100-07)",서명,"서명",U7,text
J3100-07,J-3100,"4M 변경점 관리 점검 C SHEET(J3100-07)",작성일,"작성일:",AB1,text
J3100-07,J-3100,"4M 변경점 관리 점검 C SHEET(J3100-07)",작성,"작 성",Z3,text
J3100-07,J-3100,"4M 변경점 관리 점검 C SHEET(J3100-07)",검토,"검 토",AC3,text
J3100-07,J-3100,"4M 변경점 관리 점검 C SHEET(J3100-07)",생산,"생산",F9,text
J3100-07,J-3100,"4M 변경점 관리 점검 C SHEET(J3100-07)",총괄,"총괄",F8,text
J3100-07,J-3100,"4M 변경점 관리 점검 C SHEET(J3100-07)",성명,"성명",K8,text
J3100-07,J-3100,"4M 변경점 관리 점검 C SHEET(J3100-07)",서명,"서명",P8,text
J3100-07,J-3100,"4M 변경점 관리 점검 C SHEET(J3100-07)",생산기술,"생산기술",F11,text
J3100-07,J-3100,"4M 변경점 관리 점검 C SHEET(J3100-07)",영업자재관리,"영업/자재관리",F10,text
J3100-07,J-3100,"4M 변경점 관리 점검 C SHEET(J3100-07)",표준시트류정합성점검,"표준/시트류 정합성 점검",Q17,text
J3100-07,J-3100,"4M 변경점 관리 점검 C SHEET(J3100-07)",확인자,"확인자",AE17,text
J3100-07,J-3100,"4M 변경점 관리 점검 C SHEET(J3100-07)",개발품질관리,"개발,품질관리",F12,text
J3100-07,J-3100,"4M 변경점 관리 점검 C SHEET(J3100-07)",EO변경점검,"E.O변경 점검",Q21,text
J3100-07,J-3100,"4M 변경점 관리 점검 C SHEET(J3100-07)",자격인증된작업자의변경,"- 자격인증된 작업자의 변경",Q23,text
J3100-07,J-3100,"4M 변경점 관리 점검 C SHEET(J3100-07)",작업편성의변경,"- 작업편성의 변경",Q25,text
J3100-07,J-3100,"4M 변경점 관리 점검 C SHEET(J3100-07)",신규설비or신규Line적용,"- 신규설비 or 신규 Line 적용",Q30,text
J3100-07,J-3100,"4M 변경점 관리 점검 C SHEET(J3100-07)",기존설비의이동,"- 기존설비의 이동",Q31,text
J3100-07,J-3100,"4M 변경점 관리 점검 C SHEET(J3100-07)",설비증설,"- 설비 증설",Q32,text
J3100-07,J-3100,"4M 변경점 관리 점검 C SHEET(J3100-07)",장기유휴설비사용,"- 장기 유휴설비 사용",Q33,text
J3100-07,J-3100,"4M 변경점 관리 점검 C SHEET(J3100-07)",원소재및부자재공급변경없음,"- 원소재 및 부자재 공급변경 없음",Q39,text
J3100-07,J-3100,"4M 변경점 관리 점검 C SHEET(J3100-07)",원소재및부자재공급변경없음,"- 원소재 및 부자재 공급변경 없음",E40,text
J3100-07,J-3100,"4M 변경점 관리 점검 C SHEET(J3100-07)",신공법적용또는제조공법변경,"- 신공법 적용 또는 제조공법 변경",Q44,text
J3100-07,J-3100,"4M 변경점 관리 점검 C SHEET(J3100-07)",신공법적용또는제조공법변경,"- 신공법 적용 또는 제조공법 변경",E45,text
J3100-07,J-3100,"4M 변경점 관리 점검 C SHEET(J3100-07)",작업조건의변경,"- 작업조건의 변경",Q46,text
J3100-07,J-3100,"4M 변경점 관리 점검 C SHEET(J3100-07)",납품방법의변경,"- 납품 방법의 변경",E49,text
J3100-07,J-3100,"4M 변경점 관리 점검 C SHEET(J3100-07)",시험검사방법의변경,"- 시험, 검사방법의 변경",Q47,text
J3100-07,J-3100,"4M 변경점 관리 점검 C SHEET(J3100-07)",납품방법의변경,"- 납품 방법의 변경",Q48,text
J3100-03,J-3100,"4M 변경 관리대장 (J3100-03)",개정일,"개정일",AY1,date
J3100-03,J-3100,"4M 변경 관리대장 (J3100-03)",비고,"비 고",BE6,text
J3100-03,J-3100,"4M 변경 관리대장 (J3100-03)",초도품납품일,"초도품 납품일",BA6,date
J3100-03,J-3100,"4M 변경 관리대장 (J3100-03)",고객,"고객",AW6,text
J3100-03,J-3100,"4M 변경 관리대장 (J3100-03)",내부,"내부",AS6,text
J3100-03,J-3100,"4M 변경 관리대장 (J3100-03)",고객승인일,"고객승인일",AO6,date
J3100-03,J-3100,"4M 변경 관리대장 (J3100-03)",내부승인일,"내부승인일",AK6,date
J3100-03,J-3100,"4M 변경 관리대장 (J3100-03)",검토결과,"검토결과",AH6,textarea
J3100-03,J-3100,"4M 변경 관리대장 (J3100-03)",변경내용,"변경 내용",AC6,textarea
J3100-03,J-3100,"4M 변경 관리대장 (J3100-03)",EONO,"EO NO",X6,text
J3100-03,J-3100,"4M 변경 관리대장 (J3100-03)",순,"순",A6,text
J3100-03,J-3100,"4M 변경 관리대장 (J3100-03)",고객명,"고객명",C6,text
J3100-03,J-3100,"4M 변경 관리대장 (J3100-03)",접수일자,"접수일자",G6,date
J3100-03,J-3100,"4M 변경 관리대장 (J3100-03)",차종,"차 종",K6,text
J3100-03,J-3100,"4M 변경 관리대장 (J3100-03)",품번,"품 번",N6,text
J3100-03,J-3100,"4M 변경 관리대장 (J3100-03)",품명,"품 명",S6,text
J4100-01,J-4100,"도면관리대장 (J4100-01)",도면폐기자,"도면 폐기자",X34,text
J4100-01,J-4100,"도면관리대장 (J4100-01)",고객사담당자명,"고객사 담당자명",G33,text
J4100-01,J-4100,"도면관리대장 (J4100-01)",도면폐기일자,"도면 폐기 일자",X33,date
J4100-01,J-4100,"도면관리대장 (J4100-01)",도면EONO,"도면 EO.NO",X28,text
J4100-01,J-4100,"도면관리대장 (J4100-01)",품번,"품 번",G25,text
J4100-01,J-4100,"도면관리대장 (J4100-01)",접수일,"접 수 일",X25,date
J4100-01,J-4100,"도면관리대장 (J4100-01)",접수자,"접 수 자",X26,text
J4100-01,J-4100,"도면관리대장 (J4100-01)",도면변경사유,"도면 변경 사유",X30,text
J4100-01,J-4100,"도면관리대장 (J4100-01)",고객사명,"고객사명",G31,text
J4100-01,J-4100,"도면관리대장 (J4100-01)",차종,"차 종",G29,text
J4100-01,J-4100,"도면관리대장 (J4100-01)",도면관리번호,"도면 관리 번호",X29,text
J4100-01,J-4100,"도면관리대장 (J4100-01)",품명,"품 명",G27,text
J4100-01,J-4100,"도면관리대장 (J4100-01)",도면DATA,"도면 DATA",X27,text
J4100-01,J-4100,"도면관리대장 (J4100-01)",고객사명,"고객사명",G21,text
J4100-01,J-4100,"도면관리대장 (J4100-01)",도면DATA,"도면 DATA",X17,text
J4100-01,J-4100,"도면관리대장 (J4100-01)",도면EONO,"도면 EO.NO",X18,text
J4100-01,J-4100,"도면관리대장 (J4100-01)",품번,"품 번",G15,text
J4100-01,J-4100,"도면관리대장 (J4100-01)",고객사담당자명,"고객사 담당자명",G13,text
J4100-01,J-4100,"도면관리대장 (J4100-01)",NO,"NO",A5,text
J4100-01,J-4100,"도면관리대장 (J4100-01)",차종,"차 종",G19,text
J4100-01,J-4100,"도면관리대장 (J4100-01)",고객사담당자명,"고객사 담당자명",G23,text
J4100-01,J-4100,"도면관리대장 (J4100-01)",품명,"품 명",G17,text
J4100-01,J-4100,"도면관리대장 (J4100-01)",품번,"품 번",G5,text
J4100-01,J-4100,"도면관리대장 (J4100-01)",품명,"품 명",G7,text
J4100-01,J-4100,"도면관리대장 (J4100-01)",사업부명,"사업부명",AR1,text
J4100-01,J-4100,"도면관리대장 (J4100-01)",부서명,"부서명",AR2,text
J4100-01,J-4100,"도면관리대장 (J4100-01)",작성자,"작성자",AR3,text
J4100-01,J-4100,"도면관리대장 (J4100-01)",도면EONO,"도면 EO.NO",X8,text
J4100-01,J-4100,"도면관리대장 (J4100-01)",도면관리번호,"도면 관리 번호",X9,text
J4100-01,J-4100,"도면관리대장 (J4100-01)",차종,"차 종",G9,text
J4100-01,J-4100,"도면관리대장 (J4100-01)",고객사명,"고객사명",G11,text
J4100-01,J-4100,"도면관리대장 (J4100-01)",도면폐기일자,"도면 폐기 일자",X13,date
J4100-01,J-4100,"도면관리대장 (J4100-01)",접수일,"접 수 일",X15,date
J4100-01,J-4100,"도면관리대장 (J4100-01)",접수자,"접 수 자",X16,text
J4100-01,J-4100,"도면관리대장 (J4100-01)",도면관리번호,"도면 관리 번호",X19,text
J4100-01,J-4100,"도면관리대장 (J4100-01)",도면변경사유,"도면 변경 사유",X20,text
J4100-01,J-4100,"도면관리대장 (J4100-01)",도면폐기자,"도면 폐기자",X24,text
J4100-01,J-4100,"도면관리대장 (J4100-01)",도면폐기자,"도면 폐기자",X14,text
J4100-01,J-4100,"도면관리대장 (J4100-01)",도면폐기일자,"도면 폐기 일자",X23,date
J4100-01,J-4100,"도면관리대장 (J4100-01)",도면변경사유,"도면 변경 사유",X10,text
J4100-01,J-4100,"도면관리대장 (J4100-01)",REV2,"REV.2",AL5,text
J4100-01,J-4100,"도면관리대장 (J4100-01)",REV3,"REV.3",AS5,text
J4100-01,J-4100,"도면관리대장 (J4100-01)",도면DATA,"도면 DATA",X7,text
J4100-01,J-4100,"도면관리대장 (J4100-01)",접수일,"접 수 일",X5,date
J4100-01,J-4100,"도면관리대장 (J4100-01)",REV1,"REV.1",AE5,text
J4100-01,J-4100,"도면관리대장 (J4100-01)",접수자,"접 수 자",X6,text
J4200-01,J-4200,"도면 일치성 점검 체크시트(J4200-01)",4,"4",B12,text
J4200-01,J-4200,"도면 일치성 점검 체크시트(J4200-01)",,"①",O6,text
J4200-01,J-4200,"도면 일치성 점검 체크시트(J4200-01)",,"②",R6,text
J4200-01,J-4200,"도면 일치성 점검 체크시트(J4200-01)",품번,"품 번",E6,text
J4200-01,J-4200,"도면 일치성 점검 체크시트(J4200-01)",품명,"품 명",J6,text
J4200-01,J-4200,"도면 일치성 점검 체크시트(J4200-01)",1,"1",B6,text
J4200-01,J-4200,"도면 일치성 점검 체크시트(J4200-01)",2,"2",B8,text
J4200-01,J-4200,"도면 일치성 점검 체크시트(J4200-01)",3,"3",B10,text
J4200-01,J-4200,"도면 일치성 점검 체크시트(J4200-01)",5,"5",B14,text
J4200-01,J-4200,"도면 일치성 점검 체크시트(J4200-01)",6,"6",B16,text
J4200-01,J-4200,"도면 일치성 점검 체크시트(J4200-01)",7,"7",B18,text
J4200-01,J-4200,"도면 일치성 점검 체크시트(J4200-01)",,"③",U6,text
J4200-01,J-4200,"도면 일치성 점검 체크시트(J4200-01)",,"④",X6,text
J4200-01,J-4200,"도면 일치성 점검 체크시트(J4200-01)",비고,"비 고",AO6,text
K1100-02,K-1100,"원소재 생산 의뢰서(K1100-02)",요청사항,"요청사항",P16,textarea
K1100-02,K-1100,"원소재 생산 의뢰서(K1100-02)",요청사항,"요청사항",N18,textarea
K1100-10,K-1100,"원재료 법_규제 요구사항 목록표 (K1100-10)",작성일자,"작성 일자",E4,date
K1100-10,K-1100,"원재료 법_규제 요구사항 목록표 (K1100-10)",작성자,"작 성 자",P4,text
K1100-10,K-1100,"원재료 법_규제 요구사항 목록표 (K1100-10)",개정No,"개정 No",AA4,text
K1100-10,K-1100,"원재료 법_규제 요구사항 목록표 (K1100-10)",구분,"구 분",B6,text
K1100-10,K-1100,"원재료 법_규제 요구사항 목록표 (K1100-10)",품명,"품 명",E6,text
K1100-10,K-1100,"원재료 법_규제 요구사항 목록표 (K1100-10)",품번또는재료규격,"품번 또는 재료 규격",K6,text
K1100-10,K-1100,"원재료 법_규제 요구사항 목록표 (K1100-10)",제조사,"제조사",Q6,text
K1100-10,K-1100,"원재료 법_규제 요구사항 목록표 (K1100-10)",환경자료,"환경 자료",V6,text
K1100-10,K-1100,"원재료 법_규제 요구사항 목록표 (K1100-10)",MSDS,"MSDS",Z6,text
K1100-10,K-1100,"원재료 법_규제 요구사항 목록표 (K1100-10)",고객요구사항,"고객 요구사항",AD6,textarea
K1200-01,K-1200,"①협력업체 등록대장 (K1200-01)",NO,"NO",A6,text
K1200-01,K-1200,"①협력업체 등록대장 (K1200-01)",등록일자,"등록일자",B6,date
K1200-01,K-1200,"①협력업체 등록대장 (K1200-01)",생산거래품목,"생산/거래품목",G6,text
K1200-02,K-1200,"②승인 자재 목록 (AVL. AML) (K1200-02)",분류,"분 류",A7,text
K1200-02,K-1200,"②승인 자재 목록 (AVL. AML) (K1200-02)",업체명,"업체명",E7,text
K1200-02,K-1200,"②승인 자재 목록 (AVL. AML) (K1200-02)",공급제품명,"공급 제품명",J7,text
K1200-02,K-1200,"②승인 자재 목록 (AVL. AML) (K1200-02)",품번,"품 번",O7,text
K1200-02,K-1200,"②승인 자재 목록 (AVL. AML) (K1200-02)",품질리스크,"품질 리스크",T7,text
K1200-02,K-1200,"②승인 자재 목록 (AVL. AML) (K1200-02)",납기리스크,"납기 리스크",W7,text
K1200-02,K-1200,"②승인 자재 목록 (AVL. AML) (K1200-02)",QMS인증,"QMS 인증",Z7,text
K1200-02,K-1200,"②승인 자재 목록 (AVL. AML) (K1200-02)",22년,"22년",AE7,text
K1200-02,K-1200,"②승인 자재 목록 (AVL. AML) (K1200-02)",23년,"23년",AG7,text
K1200-02,K-1200,"②승인 자재 목록 (AVL. AML) (K1200-02)",납기,"납기",AM7,text
K1200-02,K-1200,"②승인 자재 목록 (AVL. AML) (K1200-02)",품질,"품질",AO7,text
K1200-02,K-1200,"②승인 자재 목록 (AVL. AML) (K1200-02)",납기,"납기",AQ7,text
K1200-02,K-1200,"②승인 자재 목록 (AVL. AML) (K1200-02)",품질,"품질",AS7,text
K1200-02,K-1200,"②승인 자재 목록 (AVL. AML) (K1200-02)",납기,"납기",AU7,text
K1200-02,K-1200,"②승인 자재 목록 (AVL. AML) (K1200-02)",24년,"24년",AI7,text
K1200-02,K-1200,"②승인 자재 목록 (AVL. AML) (K1200-02)",품질,"품질",AK7,text
K1200-02,K-1200,"②승인 자재 목록 (AVL. AML) (K1200-02)",승인,"승 인",AT2,text
K1200-02,K-1200,"②승인 자재 목록 (AVL. AML) (K1200-02)",검토,"검 토",AQ2,text
K1200-02,K-1200,"②승인 자재 목록 (AVL. AML) (K1200-02)",작성,"작 성",AN2,text
K1200-03,K-1200,"③협력업체 사후 평가 계획서 (K1200-03)",12,"12",B28,text
K1200-03,K-1200,"③협력업체 사후 평가 계획서 (K1200-03)",13,"13",B30,text
K1200-03,K-1200,"③협력업체 사후 평가 계획서 (K1200-03)",10,"10",B24,text
K1200-03,K-1200,"③협력업체 사후 평가 계획서 (K1200-03)",11,"11",B26,text
K1200-03,K-1200,"③협력업체 사후 평가 계획서 (K1200-03)",8,"8",B20,text
K1200-03,K-1200,"③협력업체 사후 평가 계획서 (K1200-03)",9,"9",B22,text
K1200-03,K-1200,"③협력업체 사후 평가 계획서 (K1200-03)",6,"6",B16,text
K1200-03,K-1200,"③협력업체 사후 평가 계획서 (K1200-03)",7,"7",B18,text
K1200-03,K-1200,"③협력업체 사후 평가 계획서 (K1200-03)",4,"4",B12,text
K1200-03,K-1200,"③협력업체 사후 평가 계획서 (K1200-03)",5,"5",B14,text
K1200-03,K-1200,"③협력업체 사후 평가 계획서 (K1200-03)",2,"2",B8,text
K1200-03,K-1200,"③협력업체 사후 평가 계획서 (K1200-03)",3,"3",B10,text
K1200-03,K-1200,"③협력업체 사후 평가 계획서 (K1200-03)",1,"1",B6,text
K1200-03,K-1200,"③협력업체 사후 평가 계획서 (K1200-03)",등급,"등 급",D6,text
K1200-03,K-1200,"③협력업체 사후 평가 계획서 (K1200-03)",평가주기,"평가주기",E6,text
K1200-03,K-1200,"③협력업체 사후 평가 계획서 (K1200-03)",비고,"비 고",S6,text
K1200-03,K-1200,"③협력업체 사후 평가 계획서 (K1200-03)",작성,"작 성",O2,text
K1200-03,K-1200,"③협력업체 사후 평가 계획서 (K1200-03)",검토,"검 토",Q2,text
K1200-04,K-1200,"④업체 실태 조사서 (K1200-04)",업종업태,"업종 / 업태",V5,text
K1200-04,K-1200,"④업체 실태 조사서 (K1200-04)",거래처,"거래처",Q11,text
K1200-04,K-1200,"④업체 실태 조사서 (K1200-04)",의존율,"의존율",U11,text
K1200-04,K-1200,"④업체 실태 조사서 (K1200-04)",거래품목,"거래 품목",Y11,text
K1200-04,K-1200,"④업체 실태 조사서 (K1200-04)",경영방침,"경영방침",J17,text
K1200-04,K-1200,"④업체 실태 조사서 (K1200-04)",품질방침,"품질방침",J20,text
K1200-04,K-1200,"④업체 실태 조사서 (K1200-04)",본사,"본 사",F6,text
K1200-04,K-1200,"④업체 실태 조사서 (K1200-04)",공장,"공 장",F7,text
K1200-04,K-1200,"④업체 실태 조사서 (K1200-04)",사무실,"사무실",F8,text
K1200-04,K-1200,"④업체 실태 조사서 (K1200-04)",대표자,"대표자",F5,text
K1200-04,K-1200,"④업체 실태 조사서 (K1200-04)",사업자등록번호,"사업자등록번호",V4,text
K1200-04,K-1200,"④업체 실태 조사서 (K1200-04)",회사명,"회사명",F4,text
K1200-04,K-1200,"④업체 실태 조사서 (K1200-04)",기타사항납기단가,"기타 사항 (납기 & 단가)",F26,textarea
K1200-04,K-1200,"④업체 실태 조사서 (K1200-04)",조사결과,"조사 결과",F29,textarea
K1200-04,K-1200,"④업체 실태 조사서 (K1200-04)",전문기술력,"전문기술력",J23,text
K1200-04,K-1200,"④업체 실태 조사서 (K1200-04)",첨부자료,"첨부 자료",A35,text
K1200-04,K-1200,"④업체 실태 조사서 (K1200-04)",비고,"비 고",AD40,text
K1200-04,K-1200,"④업체 실태 조사서 (K1200-04)",순,"순",A40,text
K1200-04,K-1200,"④업체 실태 조사서 (K1200-04)",설비명,"설 비 명",C40,text
K1200-04,K-1200,"④업체 실태 조사서 (K1200-04)",규격,"규 격",L40,text
K1200-04,K-1200,"④업체 실태 조사서 (K1200-04)",수량,"수 량",U40,text
K1200-04,K-1200,"④업체 실태 조사서 (K1200-04)",제조처,"제조처",X40,text
K1200-04,K-1200,"④업체 실태 조사서 (K1200-04)",비고,"비 고",AD56,text
K1200-04,K-1200,"④업체 실태 조사서 (K1200-04)",순,"순",A56,text
K1200-04,K-1200,"④업체 실태 조사서 (K1200-04)",계측기명,"계측기명",C56,text
K1200-04,K-1200,"④업체 실태 조사서 (K1200-04)",규격,"규 격",L56,text
K1200-04,K-1200,"④업체 실태 조사서 (K1200-04)",수량,"수 량",U56,text
K1200-04,K-1200,"④업체 실태 조사서 (K1200-04)",제조처,"제조처",X56,text
K1200-05,K-1200,"⑤협력업체 체제 평가표 (K1200-05)",구매팀,"구매팀",AF32,text
K1200-05,K-1200,"⑤협력업체 체제 평가표 (K1200-05)",100,"100",AC33,text
K1200-05,K-1200,"⑤협력업체 체제 평가표 (K1200-05)",구매팀,"구매팀",AF28,text
K1200-05,K-1200,"⑤협력업체 체제 평가표 (K1200-05)",구매팀,"구매팀",AF29,text
K1200-05,K-1200,"⑤협력업체 체제 평가표 (K1200-05)",구매팀,"구매팀",AF31,text
K1200-05,K-1200,"⑤협력업체 체제 평가표 (K1200-05)",구매팀,"구매팀",AF30,text
K1200-05,K-1200,"⑤협력업체 체제 평가표 (K1200-05)",구매팀,"구매팀",AF26,text
K1200-05,K-1200,"⑤협력업체 체제 평가표 (K1200-05)",구매팀,"구매팀",AF27,text
K1200-05,K-1200,"⑤협력업체 체제 평가표 (K1200-05)",개발팀,"개발팀",AF24,text
K1200-05,K-1200,"⑤협력업체 체제 평가표 (K1200-05)",개발팀,"개발팀",AF25,text
K1200-05,K-1200,"⑤협력업체 체제 평가표 (K1200-05)",개발팀,"개발팀",AF22,text
K1200-05,K-1200,"⑤협력업체 체제 평가표 (K1200-05)",개발팀,"개발팀",AF23,text
K1200-05,K-1200,"⑤협력업체 체제 평가표 (K1200-05)",품질보증,"품질보증",AF19,text
K1200-05,K-1200,"⑤협력업체 체제 평가표 (K1200-05)",품질보증,"품질보증",AF20,text
K1200-05,K-1200,"⑤협력업체 체제 평가표 (K1200-05)",품질보증,"품질보증",AF21,text
K1200-05,K-1200,"⑤협력업체 체제 평가표 (K1200-05)",품질보증,"품질보증",AF16,text
K1200-05,K-1200,"⑤협력업체 체제 평가표 (K1200-05)",품질보증,"품질보증",AF17,text
K1200-05,K-1200,"⑤협력업체 체제 평가표 (K1200-05)",품질보증,"품질보증",AF18,text
K1200-05,K-1200,"⑤협력업체 체제 평가표 (K1200-05)",품질보증,"품질보증",AF13,text
K1200-05,K-1200,"⑤협력업체 체제 평가표 (K1200-05)",품질보증,"품질보증",AF14,text
K1200-05,K-1200,"⑤협력업체 체제 평가표 (K1200-05)",품질보증,"품질보증",AF15,text
K1200-05,K-1200,"⑤협력업체 체제 평가표 (K1200-05)",평가업체명,"평가 업체명",E5,text
K1200-05,K-1200,"⑤협력업체 체제 평가표 (K1200-05)",평가일자,"평가 일자",W5,date
K1200-05,K-1200,"⑤협력업체 체제 평가표 (K1200-05)",소속,"소 속",E7,text
K1200-05,K-1200,"⑤협력업체 체제 평가표 (K1200-05)",품질보증,"품질보증",F34,text
K1200-05,K-1200,"⑤협력업체 체제 평가표 (K1200-05)",개발,"개발",F37,text
K1200-05,K-1200,"⑤협력업체 체제 평가표 (K1200-05)",구매,"구매",F40,text
K1200-05,K-1200,"⑤협력업체 체제 평가표 (K1200-05)",직위,"직 위",L7,text
K1200-05,K-1200,"⑤협력업체 체제 평가표 (K1200-05)",성명,"성 명",S7,text
K1200-05,K-1200,"⑤협력업체 체제 평가표 (K1200-05)",서명,"서 명",Z7,text
K1200-06,K-1200,"협력사 월별 모니터링 (K1200-06)",1,"1",B5,text
K1200-06,K-1200,"협력사 월별 모니터링 (K1200-06)",2,"2",B13,text
K1200-06,K-1200,"협력사 월별 모니터링 (K1200-06)",3,"3",B21,text
K1200-01,K-1200,"①협력업체 등록대장 (K1200-01) (2)",NO,"NO",A6,text
K1200-01,K-1200,"①협력업체 등록대장 (K1200-01) (2)",등록일자,"등록일자",B6,date
K1200-03,K-1200,"협력업체 체제 평가표(가공업체) (K1200-03)_A",평가업체,"평가업체",C5,text
K1200-03,K-1200,"협력업체 체제 평가표(가공업체) (K1200-03)_A",평가기간,"평가기간",H5,text
K1200-03,K-1200,"협력업체 체제 평가표(가공업체) (K1200-03)_A",부서명,"부 서 명",C6,text
K1200-03,K-1200,"협력업체 체제 평가표(가공업체) (K1200-03)_A",평가자,"평 가 자",H6,text
K1200-03,K-1200,"협력업체 체제 평가표(금형,지그업체) (K1200-03)",평가업체,"평가업체",C5,text
K1200-03,K-1200,"협력업체 체제 평가표(금형,지그업체) (K1200-03)",평가기간,"평가기간",H5,text
K1200-03,K-1200,"협력업체 체제 평가표(금형,지그업체) (K1200-03)",부서명,"부 서 명",C6,text
K1200-03,K-1200,"협력업체 체제 평가표(금형,지그업체) (K1200-03)",평가자,"평 가 자",H6,text
K1200-04,K-1200,"협력업체 실적 평가표 (K1200-04)",총평점,"총 평 점",K22,text
K1200-04,K-1200,"협력업체 실적 평가표 (K1200-04)",120점까지평가자,"1～20점 까지 평가자",K18,text
K1200-04,K-1200,"협력업체 실적 평가표 (K1200-04)",임의평가,"임의평가",F20,text
K1200-04,K-1200,"협력업체 실적 평가표 (K1200-04)",합격율10,"합격율(%)×10",K10,text
K1200-04,K-1200,"협력업체 실적 평가표 (K1200-04)",발생빈도10,"발생빈도(%)×10",K12,text
K1200-04,K-1200,"협력업체 실적 평가표 (K1200-04)",회신율10,"회신율(%)×10",K13,text
K1200-04,K-1200,"협력업체 실적 평가표 (K1200-04)",발생빈도10,"발생빈도(%)×10",K11,text
K1200-04,K-1200,"협력업체 실적 평가표 (K1200-04)",납기준수율20,"납기준수율(%)×20",K8,text
K1200-04,K-1200,"협력업체 실적 평가표 (K1200-04)",수량착오율20,"수량착오율(%)×20",K9,text
K1200-04,K-1200,"협력업체 실적 평가표 (K1200-04)",대상기간,"대상기간",G5,text
K1200-04,K-1200,"협력업체 실적 평가표 (K1200-04)",평가자,"평 가 자",G6,text
K1200-04,K-1200,"협력업체 실적 평가표 (K1200-04)",작성,"작 성",G2,text
K1200-04,K-1200,"협력업체 실적 평가표 (K1200-04)",검토,"검 토",I2,text
K1200-04,K-1200,"협력업체 실적 평가표 (K1200-04)",승인,"승 인",K2,text
K1200-04,K-1200,"협력업체 실적 평가표 (K1200-04)",평가자임의평가,"평가자 임의평가",K16,text
K1200-04,K-1200,"타사업부 실적,체제 평가 계획서 (K1200-04-01)",작성,"작 성",G2,text
K1200-04,K-1200,"타사업부 실적,체제 평가 계획서 (K1200-04-01)",검토,"검 토",I2,text
K1200-04,K-1200,"타사업부 실적,체제 평가 계획서 (K1200-04-01)",승인,"승 인",K2,text
K1200-04,K-1200,"타사업부 실적,체제 평가 계획서 (K1200-04-01)",대상기간,"대상 기간",G5,text
K1200-04,K-1200,"타사업부 실적,체제 평가 계획서 (K1200-04-01)",평가자,"평 가 자",G6,text
K1200-04,K-1200,"타사업부 실적,체제 평가 계획서 (K1200-04-01)",납기준수율20,"납기준수율(%)×20",K8,text
K1200-04,K-1200,"타사업부 실적,체제 평가 계획서 (K1200-04-01)",수량착오율20,"수량착오율(%)×20",K9,text
K1200-04,K-1200,"타사업부 실적,체제 평가 계획서 (K1200-04-01)",합격율10,"합격율(%)×10",K10,text
K1200-04,K-1200,"타사업부 실적,체제 평가 계획서 (K1200-04-01)",발생빈도10,"발생빈도(%)×10",K11,text
K1200-04,K-1200,"타사업부 실적,체제 평가 계획서 (K1200-04-01)",발생빈도10,"발생빈도(%)×10",K12,text
K1200-04,K-1200,"타사업부 실적,체제 평가 계획서 (K1200-04-01)",총무부서월평가결과,"총무부서 월 평가결과",K14,textarea
K1200-04,K-1200,"타사업부 실적,체제 평가 계획서 (K1200-04-01)",총평점,"총 평 점",K20,text
K1200-01,K-1200,"①협력업체 등록대장 (K1200-01) (3)",ISO90012015,"ISO 9001:2015",H18,text
K1200-01,K-1200,"①협력업체 등록대장 (K1200-01) (3)",20260720,"2026-07-20",I18,text
K1200-01,K-1200,"①협력업체 등록대장 (K1200-01) (3)",6,"6",A18,text
K1200-01,K-1200,"①협력업체 등록대장 (K1200-01) (3)",20080811,"2008.08.11",B18,text
K1200-01,K-1200,"①협력업체 등록대장 (K1200-01) (3)",조관파이프,"조관 파이프",G18,text
K2100-05,K-2100,"장기 재고 점검대장 (K2100-05)",재평가자,"재평가자",E44,text
K2100-05,K-2100,"장기 재고 점검대장 (K2100-05)",승인,"승인",AE43,text
K2100-05,K-2100,"장기 재고 점검대장 (K2100-05)",평가자,"평가자",AB43,text
K2100-05,K-2100,"장기 재고 점검대장 (K2100-05)",평가자의견,"평가자 의견",M42,text
K2100-05,K-2100,"장기 재고 점검대장 (K2100-05)",시정조치일,"시정조치일",E42,date
K2100-05,K-2100,"장기 재고 점검대장 (K2100-05)",재평가일,"재평가일",E43,date
K2100-05,K-2100,"장기 재고 점검대장 (K2100-05)",재고목록일치성,"재고 목록 일치성",J35,text
K2100-05,K-2100,"장기 재고 점검대장 (K2100-05)",별도식별표식상태,"별도 식별표식 상태",R35,text
K2100-05,K-2100,"장기 재고 점검대장 (K2100-05)",사용기능상유해한결함,"사용/기능상 유해한 결함",Z35,text
K2100-05,K-2100,"장기 재고 점검대장 (K2100-05)",점검품번,"점검 품번",D35,text
K2100-05,K-2100,"장기 재고 점검대장 (K2100-05)",평가결과,"평가 결과",N28,textarea
K2100-05,K-2100,"장기 재고 점검대장 (K2100-05)",0점대부분부적합매우심각함,"0점:대부분 부적합(매우 심각함)",N32,text
K2100-05,K-2100,"장기 재고 점검대장 (K2100-05)",전월점수,"전월 점수",N29,text
K2100-05,K-2100,"장기 재고 점검대장 (K2100-05)",수분및녹발생등오염원은없는가,"수분 및 녹발생등 오염원은 없는가?",N10,text
K2100-05,K-2100,"장기 재고 점검대장 (K2100-05)",평가자,"평가자",AB3,text
K2100-05,K-2100,"장기 재고 점검대장 (K2100-05)",점검품명품번,"점검 품명 / 품번",N6,text
K2100-05,K-2100,"장기 재고 점검대장 (K2100-05)",평가일자,"평가일자",AB1,date
K2100-05,K-2100,"장기 재고 점검대장 (K2100-05)",평가팀,"평가팀",AB2,text
K2100-05,K-2100,"장기 재고 점검대장 (K2100-05)",자재는지정위치에있는가,"자재는 지정 위치에 있는가?",N26,text
K2100-05,K-2100,"장기 재고 점검대장 (K2100-05)",외관및형상이변형된것은없는가,"외관 및 형상이 변형된것은 없는가?",N12,text
K2100-05,K-2100,"장기 재고 점검대장 (K2100-05)",포장누락및파손된부분은없는가,"포장누락 및 파손된 부분은 없는가?",N16,text
K2100-08,K-2100,"소모품 월소요량 및 안전재고 (K2100-08)",질소병,"질소(병)",AF52,text
K2100-08,K-2100,"소모품 월소요량 및 안전재고 (K2100-08)",objectObject,"[object Object]",AC57,text
K2100-08,K-2100,"소모품 월소요량 및 안전재고 (K2100-08)",objectObject,"[object Object]",AC58,text
K2100-08,K-2100,"소모품 월소요량 및 안전재고 (K2100-08)",objectObject,"[object Object]",AC56,text
K2100-08,K-2100,"소모품 월소요량 및 안전재고 (K2100-08)",소계,"소 계",I55,text
K2100-08,K-2100,"소모품 월소요량 및 안전재고 (K2100-08)",용접팁개,"용접팁(개)",AC55,text
K2100-08,K-2100,"소모품 월소요량 및 안전재고 (K2100-08)",와이어통,"와이어(통)",AF53,text
K2100-08,K-2100,"소모품 월소요량 및 안전재고 (K2100-08)",용접팁개,"용접팁(개)",AF54,text
K2100-08,K-2100,"소모품 월소요량 및 안전재고 (K2100-08)",12월,"12월",E51,text
K2100-08,K-2100,"소모품 월소요량 및 안전재고 (K2100-08)",알곤병,"알곤(병)",AF51,text
K2100-08,K-2100,"소모품 월소요량 및 안전재고 (K2100-08)",알곤병,"알곤(병)",AF47,text
K2100-08,K-2100,"소모품 월소요량 및 안전재고 (K2100-08)",질소병,"질소(병)",AF48,text
K2100-08,K-2100,"소모품 월소요량 및 안전재고 (K2100-08)",와이어통,"와이어(통)",AF49,text
K2100-08,K-2100,"소모품 월소요량 및 안전재고 (K2100-08)",용접팁개,"용접팁(개)",AF50,text
K2100-08,K-2100,"소모품 월소요량 및 안전재고 (K2100-08)",질소병,"질소(병)",AF40,text
K2100-08,K-2100,"소모품 월소요량 및 안전재고 (K2100-08)",와이어통,"와이어(통)",AF41,text
K2100-08,K-2100,"소모품 월소요량 및 안전재고 (K2100-08)",용접팁개,"용접팁(개)",AF42,text
K2100-08,K-2100,"소모품 월소요량 및 안전재고 (K2100-08)",11월,"11월",E47,text
K2100-08,K-2100,"소모품 월소요량 및 안전재고 (K2100-08)",알곤병,"알곤(병)",AF43,text
K2100-08,K-2100,"소모품 월소요량 및 안전재고 (K2100-08)",질소병,"질소(병)",AF44,text
K2100-08,K-2100,"소모품 월소요량 및 안전재고 (K2100-08)",와이어통,"와이어(통)",AF45,text
K2100-08,K-2100,"소모품 월소요량 및 안전재고 (K2100-08)",용접팁개,"용접팁(개)",AF46,text
K2100-08,K-2100,"소모품 월소요량 및 안전재고 (K2100-08)",10월,"10월",E43,text
K2100-08,K-2100,"소모품 월소요량 및 안전재고 (K2100-08)",질소병,"질소(병)",AF36,text
K2100-08,K-2100,"소모품 월소요량 및 안전재고 (K2100-08)",와이어통,"와이어(통)",AF37,text
K2100-08,K-2100,"소모품 월소요량 및 안전재고 (K2100-08)",용접팁개,"용접팁(개)",AF38,text
K2100-08,K-2100,"소모품 월소요량 및 안전재고 (K2100-08)",8월,"8월",E35,text
K2100-08,K-2100,"소모품 월소요량 및 안전재고 (K2100-08)",9월,"9월",E39,text
K2100-08,K-2100,"소모품 월소요량 및 안전재고 (K2100-08)",알곤병,"알곤(병)",AF35,text
K2100-08,K-2100,"소모품 월소요량 및 안전재고 (K2100-08)",알곤병,"알곤(병)",AF39,text
K2100-08,K-2100,"소모품 월소요량 및 안전재고 (K2100-08)",알곤병,"알곤(병)",AF27,text
K2100-08,K-2100,"소모품 월소요량 및 안전재고 (K2100-08)",질소병,"질소(병)",AF28,text
K2100-08,K-2100,"소모품 월소요량 및 안전재고 (K2100-08)",와이어통,"와이어(통)",AF29,text
K2100-08,K-2100,"소모품 월소요량 및 안전재고 (K2100-08)",용접팁개,"용접팁(개)",AF30,text
K2100-08,K-2100,"소모품 월소요량 및 안전재고 (K2100-08)",질소병,"질소(병)",AF32,text
K2100-08,K-2100,"소모품 월소요량 및 안전재고 (K2100-08)",와이어통,"와이어(통)",AF33,text
K2100-08,K-2100,"소모품 월소요량 및 안전재고 (K2100-08)",용접팁개,"용접팁(개)",AF34,text
K2100-08,K-2100,"소모품 월소요량 및 안전재고 (K2100-08)",6월,"6월",E27,text
K2100-08,K-2100,"소모품 월소요량 및 안전재고 (K2100-08)",알곤병,"알곤(병)",AF31,text
K2100-08,K-2100,"소모품 월소요량 및 안전재고 (K2100-08)",7월,"7월",E31,text
K2100-08,K-2100,"소모품 월소요량 및 안전재고 (K2100-08)",알곤병,"알곤(병)",AF23,text
K2100-08,K-2100,"소모품 월소요량 및 안전재고 (K2100-08)",4월,"4월",E19,text
K2100-08,K-2100,"소모품 월소요량 및 안전재고 (K2100-08)",질소병,"질소(병)",AF24,text
K2100-08,K-2100,"소모품 월소요량 및 안전재고 (K2100-08)",와이어통,"와이어(통)",AF25,text
K2100-08,K-2100,"소모품 월소요량 및 안전재고 (K2100-08)",용접팁개,"용접팁(개)",AF26,text
K2100-08,K-2100,"소모품 월소요량 및 안전재고 (K2100-08)",5월,"5월",E23,text
K2100-08,K-2100,"소모품 월소요량 및 안전재고 (K2100-08)",질소병,"질소(병)",AF16,text
K2100-08,K-2100,"소모품 월소요량 및 안전재고 (K2100-08)",질소병,"질소(병)",AF20,text
K2100-08,K-2100,"소모품 월소요량 및 안전재고 (K2100-08)",와이어통,"와이어(통)",AF21,text
K2100-08,K-2100,"소모품 월소요량 및 안전재고 (K2100-08)",용접팁개,"용접팁(개)",AF22,text
K2100-08,K-2100,"소모품 월소요량 및 안전재고 (K2100-08)",3월,"3월",E15,text
K2100-08,K-2100,"소모품 월소요량 및 안전재고 (K2100-08)",알곤병,"알곤(병)",AF15,text
K2100-08,K-2100,"소모품 월소요량 및 안전재고 (K2100-08)",와이어통,"와이어(통)",AF17,text
K2100-08,K-2100,"소모품 월소요량 및 안전재고 (K2100-08)",용접팁개,"용접팁(개)",AF18,text
K2100-08,K-2100,"소모품 월소요량 및 안전재고 (K2100-08)",알곤병,"알곤(병)",AF19,text
K2100-08,K-2100,"소모품 월소요량 및 안전재고 (K2100-08)",OK,"OK",AI19,text
K2100-08,K-2100,"소모품 월소요량 및 안전재고 (K2100-08)",알곤병,"알곤(병)",AF11,text
K2100-08,K-2100,"소모품 월소요량 및 안전재고 (K2100-08)",질소병,"질소(병)",AF12,text
K2100-08,K-2100,"소모품 월소요량 및 안전재고 (K2100-08)",와이어통,"와이어(통)",AF13,text
K2100-08,K-2100,"소모품 월소요량 및 안전재고 (K2100-08)",2월,"2월",E11,text
K2100-08,K-2100,"소모품 월소요량 및 안전재고 (K2100-08)",용접팁개,"용접팁(개)",AF14,text
K2100-08,K-2100,"소모품 월소요량 및 안전재고 (K2100-08)",와이어통,"와이어(통)",AF9,text
K2100-08,K-2100,"소모품 월소요량 및 안전재고 (K2100-08)",용접팁개,"용접팁(개)",AF10,text
K2100-08,K-2100,"소모품 월소요량 및 안전재고 (K2100-08)",알곤병,"알곤(병)",AF7,text
K2100-08,K-2100,"소모품 월소요량 및 안전재고 (K2100-08)",질소병,"질소(병)",AF8,text
K2100-08,K-2100,"소모품 월소요량 및 안전재고 (K2100-08)",1월,"1월",E7,text
K2100-08,K-2100,"소모품 월소요량 및 안전재고 (K2100-08)",소모품유형,"소모품 유형",I5,text
K2100-09,K-2100,"소모품 사양 및 공급처 지정 현황 (K2100-09)",비고,"비 고",AQ5,text
K2100-09,K-2100,"소모품 사양 및 공급처 지정 현황 (K2100-09)",공급사및연락처,"공급사 및 연락처",Y5,text
K2100-09,K-2100,"소모품 사양 및 공급처 지정 현황 (K2100-09)",공급소요일,"공급 소요일",AH5,date
K2100-09,K-2100,"소모품 사양 및 공급처 지정 현황 (K2100-09)",구분,"구 분",B5,text
K2100-09,K-2100,"소모품 사양 및 공급처 지정 현황 (K2100-09)",소모품사진,"소모품 사진",G5,text
K2100-09,K-2100,"소모품 사양 및 공급처 지정 현황 (K2100-09)",사양,"사 양",P5,text
K2100-04,K-2100,"재고조사표 (K2100-04)",작성기준일,"작성기준일 :",C4,text
K2100-04,K-2100,"재고조사표 (K2100-04)",0000실사중량,"00/00 실사중량",J35,text
K2100-06,K-2100,"선입선출 관리 기준서 (K2100-06)",도식화,"도 식 화",C22,text
K2100-06,K-2100,"선입선출 관리 기준서 (K2100-06)",담당부서,"담당 부서",AQ16,text
K2100-06,K-2100,"선입선출 관리 기준서 (K2100-06)",순,"순",A16,text
K2100-06,K-2100,"선입선출 관리 기준서 (K2100-06)",시기,"시 기",C16,text
K2100-06,K-2100,"선입선출 관리 기준서 (K2100-06)",장소,"장 소",I16,text
K2100-06,K-2100,"선입선출 관리 기준서 (K2100-06)",선입선출관리기준,"선입선출 관리기준",O16,text
K2100-05,K-2100,"장기 재고 점검대장 (K2100-05)_구본",1월,"1월",U8,text
K2100-05,K-2100,"장기 재고 점검대장 (K2100-05)_구본",2월,"2월",W8,text
K2100-05,K-2100,"장기 재고 점검대장 (K2100-05)_구본",3월,"3월",Y8,text
K2100-05,K-2100,"장기 재고 점검대장 (K2100-05)_구본",4월,"4월",AA8,text
K2100-05,K-2100,"장기 재고 점검대장 (K2100-05)_구본",5월,"5월",AC8,text
K2100-05,K-2100,"장기 재고 점검대장 (K2100-05)_구본",12월,"12월",AQ8,text
K2100-05,K-2100,"장기 재고 점검대장 (K2100-05)_구본",비고,"비 고",AS8,text
K2100-05,K-2100,"장기 재고 점검대장 (K2100-05)_구본",7월,"7월",AG8,text
K2100-05,K-2100,"장기 재고 점검대장 (K2100-05)_구본",8월,"8월",AI8,text
K2100-05,K-2100,"장기 재고 점검대장 (K2100-05)_구본",9월,"9월",AK8,text
K2100-05,K-2100,"장기 재고 점검대장 (K2100-05)_구본",10월,"10월",AM8,text
K2100-05,K-2100,"장기 재고 점검대장 (K2100-05)_구본",11월,"11월",AO8,text
K2100-05,K-2100,"장기 재고 점검대장 (K2100-05)_구본",외관에녹발생은없는가,"외관에 녹발생은 없는가?",U9,text
K2100-05,K-2100,"장기 재고 점검대장 (K2100-05)_구본",6월,"6월",AE8,text
K2100-05,K-2100,"장기 재고 점검대장 (K2100-05)_구본",3,"3",A11,text
K2100-05,K-2100,"장기 재고 점검대장 (K2100-05)_구본",방청관리상태는양호한가,"방청 관리 상태는 양호한가?",U11,text
K2100-05,K-2100,"장기 재고 점검대장 (K2100-05)_구본",적재방식은기준에부합하는가,"적재 방식은 기준에 부합하는가?",U13,text
K2100-05,K-2100,"장기 재고 점검대장 (K2100-05)_구본",장기재고점검대상품목,"장기재고 점검대상 품목",E17,text
K2100-05,K-2100,"장기 재고 점검대장 (K2100-05)_구본",팀장확인,"팀장 확인",U16,text
K2100-05,K-2100,"장기 재고 점검대장 (K2100-05)_구본",점검자확인,"점검자 확인",U15,text
K2100-05,K-2100,"장기 재고 점검대장 (K2100-05)_구본",11월,"11월",AO32,text
K2100-05,K-2100,"장기 재고 점검대장 (K2100-05)_구본",12월,"12월",AQ32,text
K2100-05,K-2100,"장기 재고 점검대장 (K2100-05)_구본",비고,"비 고",AS32,text
K2100-05,K-2100,"장기 재고 점검대장 (K2100-05)_구본",외관에녹발생은없는가,"외관에 녹발생은 없는가?",U33,text
K2100-05,K-2100,"장기 재고 점검대장 (K2100-05)_구본",1월,"1월",U32,text
K2100-05,K-2100,"장기 재고 점검대장 (K2100-05)_구본",2월,"2월",W32,text
K2100-05,K-2100,"장기 재고 점검대장 (K2100-05)_구본",3월,"3월",Y32,text
K2100-05,K-2100,"장기 재고 점검대장 (K2100-05)_구본",4월,"4월",AA32,text
K2100-05,K-2100,"장기 재고 점검대장 (K2100-05)_구본",8월,"8월",AI32,text
K2100-05,K-2100,"장기 재고 점검대장 (K2100-05)_구본",9월,"9월",AK32,text
K2100-05,K-2100,"장기 재고 점검대장 (K2100-05)_구본",10월,"10월",AM32,text
K2100-05,K-2100,"장기 재고 점검대장 (K2100-05)_구본",5월,"5월",AC32,text
K2100-05,K-2100,"장기 재고 점검대장 (K2100-05)_구본",6월,"6월",AE32,text
K2100-05,K-2100,"장기 재고 점검대장 (K2100-05)_구본",7월,"7월",AG32,text
K2100-05,K-2100,"장기 재고 점검대장 (K2100-05)_구본",3,"3",A35,text
K2100-05,K-2100,"장기 재고 점검대장 (K2100-05)_구본",방청관리상태는양호한가,"방청 관리 상태는 양호한가?",U35,text
K2100-05,K-2100,"장기 재고 점검대장 (K2100-05)_구본",적재방식은기준에부합하는가,"적재 방식은 기준에 부합하는가?",U37,text
K2100-05,K-2100,"장기 재고 점검대장 (K2100-05)_구본",장기재고점검대상품목,"장기재고 점검대상 품목",E41,text
K2100-05,K-2100,"장기 재고 점검대장 (K2100-05)_구본",팀장확인,"팀장 확인",U40,text
K2100-05,K-2100,"장기 재고 점검대장 (K2100-05)_구본",점검자확인,"점검자 확인",U39,text
L1100-21,L-1100,"설비 데이터 빽업 기준서 (L1100-21)",설비LAYOUT,"설비 LAY-OUT",A5,text
L1100-21,L-1100,"설비 데이터 빽업 기준서 (L1100-21)",구분,"구 분",A23,text
L1100-21,L-1100,"설비 데이터 빽업 기준서 (L1100-21)",설비명,"설 비 명",C23,text
L1100-21,L-1100,"설비 데이터 빽업 기준서 (L1100-21)",빽업항목,"빽업 항목",H23,text
L1100-21,L-1100,"설비 데이터 빽업 기준서 (L1100-21)",구분,"구 분",P23,text
L1100-21,L-1100,"설비 데이터 빽업 기준서 (L1100-21)",설비명,"설 비 명",R23,text
L1100-21,L-1100,"설비 데이터 빽업 기준서 (L1100-21)",빽업항목,"빽업 항목",W23,text
L1100-22,L-1100,"설비 데이터 빽업 관리대장 (L1100-22)",월일,"월 일",Z34,date
L1100-22,L-1100,"설비 데이터 빽업 관리대장 (L1100-22)",빽업자,"빽업자",F35,text
L1100-22,L-1100,"설비 데이터 빽업 관리대장 (L1100-22)",월일,"월 일",R35,date
L1100-22,L-1100,"설비 데이터 빽업 관리대장 (L1100-22)",월일,"월 일",V35,date
L1100-22,L-1100,"설비 데이터 빽업 관리대장 (L1100-22)",특이사항,"특이 사항",F36,textarea
L1100-22,L-1100,"설비 데이터 빽업 관리대장 (L1100-22)",월일,"월 일",J28,date
L1100-22,L-1100,"설비 데이터 빽업 관리대장 (L1100-22)",특이사항,"특이 사항",F29,textarea
L1100-22,L-1100,"설비 데이터 빽업 관리대장 (L1100-22)",월일,"월 일",J35,date
L1100-22,L-1100,"설비 데이터 빽업 관리대장 (L1100-22)",월일,"월 일",N35,date
L1100-22,L-1100,"설비 데이터 빽업 관리대장 (L1100-22)",월일,"월 일",N27,date
L1100-22,L-1100,"설비 데이터 빽업 관리대장 (L1100-22)",빽업자,"빽업자",F28,text
L1100-22,L-1100,"설비 데이터 빽업 관리대장 (L1100-22)",월일,"월 일",Z20,date
L1100-22,L-1100,"설비 데이터 빽업 관리대장 (L1100-22)",빽업자,"빽업자",F21,text
L1100-22,L-1100,"설비 데이터 빽업 관리대장 (L1100-22)",월일,"월 일",J21,date
L1100-22,L-1100,"설비 데이터 빽업 관리대장 (L1100-22)",월일,"월 일",N21,date
L1100-22,L-1100,"설비 데이터 빽업 관리대장 (L1100-22)",월일,"월 일",R21,date
L1100-22,L-1100,"설비 데이터 빽업 관리대장 (L1100-22)",월일,"월 일",V21,date
L1100-22,L-1100,"설비 데이터 빽업 관리대장 (L1100-22)",특이사항,"특이 사항",F22,textarea
L1100-22,L-1100,"설비 데이터 빽업 관리대장 (L1100-22)",월일,"월 일",R14,date
L1100-22,L-1100,"설비 데이터 빽업 관리대장 (L1100-22)",월일,"월 일",V14,date
L1100-22,L-1100,"설비 데이터 빽업 관리대장 (L1100-22)",특이사항,"특이 사항",F15,textarea
L1100-22,L-1100,"설비 데이터 빽업 관리대장 (L1100-22)",월일,"월 일",Z13,date
L1100-22,L-1100,"설비 데이터 빽업 관리대장 (L1100-22)",빽업자,"빽업자",F14,text
L1100-22,L-1100,"설비 데이터 빽업 관리대장 (L1100-22)",월일,"월 일",J14,date
L1100-22,L-1100,"설비 데이터 빽업 관리대장 (L1100-22)",월일,"월 일",N14,date
L1100-22,L-1100,"설비 데이터 빽업 관리대장 (L1100-22)",특이사항,"특이 사항",F8,textarea
L1100-22,L-1100,"설비 데이터 빽업 관리대장 (L1100-22)",빽업자,"빽업자",F7,text
L1100-22,L-1100,"설비 데이터 빽업 관리대장 (L1100-22)",월일,"월 일",J7,date
L1100-22,L-1100,"설비 데이터 빽업 관리대장 (L1100-22)",월일,"월 일",N7,date
L1100-22,L-1100,"설비 데이터 빽업 관리대장 (L1100-22)",월일,"월 일",R7,date
L1100-22,L-1100,"설비 데이터 빽업 관리대장 (L1100-22)",월일,"월 일",V7,date
L1100-22,L-1100,"설비 데이터 빽업 관리대장 (L1100-22)",월일,"월 일",Z7,date
L1100-23,L-1100,"설비관리 기준서 (L1100-23)",설비업체,"설비업체",AD3,text
L1100-23,L-1100,"설비관리 기준서 (L1100-23)",설비등급,"설비등급",AA3,text
L1100-23,L-1100,"설비관리 기준서 (L1100-23)",설비명,"설비명",V3,text
L1100-23,L-1100,"설비관리 기준서 (L1100-23)",범례,"범 례",AG2,text
L1100-23,L-1100,"설비관리 기준서 (L1100-23)",설비도식화,"설비 도식화",A5,text
L1100-23,L-1100,"설비관리 기준서 (L1100-23)",승인,"승 인",AT2,text
L1100-23,L-1100,"설비관리 기준서 (L1100-23)",검토,"검 토",AQ2,text
L1100-23,L-1100,"설비관리 기준서 (L1100-23)",작성,"작 성",AN2,text
L1100-23,L-1100,"설비관리 기준서 (L1100-23)",설비일산점검체크시트,"설비일산점검체크시트",AT5,text
L1100-23,L-1100,"설비관리 기준서 (L1100-23)",연간설비보전계획및실적표,"연간설비 보전계획 및 실적표",AT15,text
L1100-23,L-1100,"설비관리 기준서 (L1100-23)",NO,"NO",T26,text
L1100-23,L-1100,"설비관리 기준서 (L1100-23)",개정일자,"개정일자",V26,date
L1100-23,L-1100,"설비관리 기준서 (L1100-23)",개정사유,"개정 사유",AA26,text
L1100-23,L-1100,"설비관리 기준서 (L1100-23)",작성,"작 성",AN26,text
L1100-23,L-1100,"설비관리 기준서 (L1100-23)",검토,"검 토",AQ26,text
L1100-23,L-1100,"설비관리 기준서 (L1100-23)",승인,"승 인",AT26,text
L1100-23,L-1100,"설비관리 기준서 (L1100-23)",8,"8",T19,text
L1100-23,L-1100,"설비관리 기준서 (L1100-23)",9,"9",T21,text
L1100-23,L-1100,"설비관리 기준서 (L1100-23)",10,"10",T23,text
L1100-23,L-1100,"설비관리 기준서 (L1100-23)",6,"6",T15,text
L1100-23,L-1100,"설비관리 기준서 (L1100-23)",7,"7",T17,text
L1100-23,L-1100,"설비관리 기준서 (L1100-23)",4,"4",T11,text
L1100-23,L-1100,"설비관리 기준서 (L1100-23)",5,"5",T13,text
L1100-23,L-1100,"설비관리 기준서 (L1100-23)",1,"1",T5,text
L1100-23,L-1100,"설비관리 기준서 (L1100-23)",규격,"규 격",Z5,text
L1100-23,L-1100,"설비관리 기준서 (L1100-23)",점검방법,"점검방법",AH5,text
L1100-23,L-1100,"설비관리 기준서 (L1100-23)",2,"2",T7,text
L1100-23,L-1100,"설비관리 기준서 (L1100-23)",3,"3",T9,text
L1100-20,L-1100,"F_P 이상발생 점검 체크시트 (L1100-20)",원점,"원점",G41,text
L1100-20,L-1100,"F_P 이상발생 점검 체크시트 (L1100-20)",Tip,"Tip",G40,text
L1100-20,L-1100,"F_P 이상발생 점검 체크시트 (L1100-20)",유량,"유량",G39,text
L1100-20,L-1100,"F_P 이상발생 점검 체크시트 (L1100-20)",전류,"전류",G38,text
L1100-20,L-1100,"F_P 이상발생 점검 체크시트 (L1100-20)",전압,"전압",G37,text
L1100-20,L-1100,"F_P 이상발생 점검 체크시트 (L1100-20)",작동상태,"작동상태",N37,text
L1100-20,L-1100,"F_P 이상발생 점검 체크시트 (L1100-20)",조건변경값,"조건 변경 값",U37,text
L1100-20,L-1100,"F_P 이상발생 점검 체크시트 (L1100-20)",작동상태,"작동상태",AC37,text
L1100-20,L-1100,"F_P 이상발생 점검 체크시트 (L1100-20)",원점,"원점",G33,text
L1100-20,L-1100,"F_P 이상발생 점검 체크시트 (L1100-20)",Tip,"Tip",G32,text
L1100-20,L-1100,"F_P 이상발생 점검 체크시트 (L1100-20)",유량,"유량",G31,text
L1100-20,L-1100,"F_P 이상발생 점검 체크시트 (L1100-20)",전류,"전류",G30,text
L1100-20,L-1100,"F_P 이상발생 점검 체크시트 (L1100-20)",전압,"전압",G29,text
L1100-20,L-1100,"F_P 이상발생 점검 체크시트 (L1100-20)",작동상태,"작동상태",N29,text
L1100-20,L-1100,"F_P 이상발생 점검 체크시트 (L1100-20)",조건변경값,"조건 변경 값",U29,text
L1100-20,L-1100,"F_P 이상발생 점검 체크시트 (L1100-20)",작동상태,"작동상태",AC29,text
L1100-20,L-1100,"F_P 이상발생 점검 체크시트 (L1100-20)",원점,"원점",B21,text
L1100-20,L-1100,"F_P 이상발생 점검 체크시트 (L1100-20)",300개,"300개",F21,text
L1100-02,L-1100,"설비제작 진행 체크리스트 (L1100-02)",연락처,"연 락 처",T4,text
L1100-02,L-1100,"설비제작 진행 체크리스트 (L1100-02)",계약명,"계 약 명",D3,text
L1100-02,L-1100,"설비제작 진행 체크리스트 (L1100-02)",제작기간,"제 작 기 간",T3,text
L1100-02,L-1100,"설비제작 진행 체크리스트 (L1100-02)",제조사,"제 조 사",D4,text
L1100-02,L-1100,"설비제작 진행 체크리스트 (L1100-02)",대표자,"대 표 자",J4,text
L1100-02,L-1100,"설비제작 진행 체크리스트 (L1100-02)",발주처,"발 주 처",D5,text
L1100-02,L-1100,"설비제작 진행 체크리스트 (L1100-02)",담당자,"담 당 자",J5,text
L1100-02,L-1100,"설비제작 진행 체크리스트 (L1100-02)",주소,"주 소",T5,text
L1100-03,L-1100,"입회검수 체크시트 (L1100-03)",지적사항,"지 적 사 항",C5,text
L1100-03,L-1100,"입회검수 체크시트 (L1100-03)",대책,"대 책",N5,text
L1100-03,L-1100,"입회검수 체크시트 (L1100-03)",비고,"비 고",AD5,text
L1100-04,L-1100,"설비 TRY-OUT 결과 보고서 (L1100-04)",제작처,"제 작 처",P3,text
L1100-04,L-1100,"설비 TRY-OUT 결과 보고서 (L1100-04)",설치장소,"설치장소",X3,text
L1100-04,L-1100,"설비 TRY-OUT 결과 보고서 (L1100-04)",작성자,"작 성 자",P4,text
L1100-04,L-1100,"설비 TRY-OUT 결과 보고서 (L1100-04)",작업자,"작업자",X4,text
L1100-05,L-1100,"납품 및 시운전(검수) 확인서 (L1100-05)",상호법인명,"상 호 (법 인 명)",D5,text
L1100-05,L-1100,"납품 및 시운전(검수) 확인서 (L1100-05)",사업자등록번호,"사업자등록번호",H5,text
L1100-05,L-1100,"납품 및 시운전(검수) 확인서 (L1100-05)",성명대표이사,"성 명 (대표이사)",D7,text
L1100-05,L-1100,"납품 및 시운전(검수) 확인서 (L1100-05)",전화번호,"전 화 번 호",H7,text
L1100-05,L-1100,"납품 및 시운전(검수) 확인서 (L1100-05)",사업장소재지,"사업장 소재지",D9,text
L1100-05,L-1100,"납품 및 시운전(검수) 확인서 (L1100-05)",공급일자,"공급일자",A13,date
L1100-05,L-1100,"납품 및 시운전(검수) 확인서 (L1100-05)",품목,"품 목",C13,text
L1100-05,L-1100,"납품 및 시운전(검수) 확인서 (L1100-05)",규격,"규 격",E13,text
L1100-05,L-1100,"납품 및 시운전(검수) 확인서 (L1100-05)",수량,"수량",G13,text
L1100-05,L-1100,"납품 및 시운전(검수) 확인서 (L1100-05)",금액,"금액",H13,text
L1100-05,L-1100,"납품 및 시운전(검수) 확인서 (L1100-05)",계VAT미포함,"계(V.A.T미포함)",H17,text
L1100-05,L-1100,"납품 및 시운전(검수) 확인서 (L1100-05)",사진,"사 진",A22,text
L1100-05,L-1100,"납품 및 시운전(검수) 확인서 (L1100-05)",관련사업부서,"관련사업부서",M60,text
L1100-05,L-1100,"납품 및 시운전(검수) 확인서 (L1100-05)",이사,"이 사",P60,text
L1100-06,L-1100,"설비고장 조치 보고서 (L1100-06)",특기사항,"특기사항",C36,textarea
L1100-06,L-1100,"설비고장 조치 보고서 (L1100-06)",유사설비수평전개,"유사설비 수평전개",G34,text
L1100-06,L-1100,"설비고장 조치 보고서 (L1100-06)",설비면,"설 비 면",G28,text
L1100-06,L-1100,"설비고장 조치 보고서 (L1100-06)",누가,"누가",Z28,text
L1100-06,L-1100,"설비고장 조치 보고서 (L1100-06)",언제,"언제",AC28,text
L1100-06,L-1100,"설비고장 조치 보고서 (L1100-06)",완료유무,"완료유무",AE28,text
L1100-06,L-1100,"설비고장 조치 보고서 (L1100-06)",관리면,"관 리 면",G31,text
L1100-06,L-1100,"설비고장 조치 보고서 (L1100-06)",조치내용,"조치내용",C17,textarea
L1100-06,L-1100,"설비고장 조치 보고서 (L1100-06)",어떻게,"어떻게",G11,text
L1100-06,L-1100,"설비고장 조치 보고서 (L1100-06)",결과는,"결과는",G14,textarea
L1100-06,L-1100,"설비고장 조치 보고서 (L1100-06)",DT,"D / T",G7,text
L1100-06,L-1100,"설비고장 조치 보고서 (L1100-06)",무엇이,"무엇이",G8,text
L1100-06,L-1100,"설비고장 조치 보고서 (L1100-06)",현상도스케치,"현상도 (現狀圖) / 스케치",U8,text
L1100-06,L-1100,"설비고장 조치 보고서 (L1100-06)",조치일,"조 치 일",G6,date
L1100-06,L-1100,"설비고장 조치 보고서 (L1100-06)",조치업체,"조치업체",U6,text
L1100-06,L-1100,"설비고장 조치 보고서 (L1100-06)",설비명,"설 비 명",G3,text
L1100-06,L-1100,"설비고장 조치 보고서 (L1100-06)",해당사업부,"해당사업부",U3,text
L1100-06,L-1100,"설비고장 조치 보고서 (L1100-06)",설비번호,"설비번호",G4,text
L1100-06,L-1100,"설비고장 조치 보고서 (L1100-06)",부품명,"부 품 명",U4,text
L1100-06,L-1100,"설비고장 조치 보고서 (L1100-06)",발생일,"발 생 일",G5,date
L1100-06,L-1100,"설비고장 조치 보고서 (L1100-06)",조치자,"조 치 자",U5,text
L1100-07,L-1100,"설비 일상 점검표 (L1100-07)",4,"4",B12,text
L1100-07,L-1100,"설비 일상 점검표 (L1100-07)",육안,"육안",N12,text
L1100-07,L-1100,"설비 일상 점검표 (L1100-07)",3,"3",B10,text
L1100-07,L-1100,"설비 일상 점검표 (L1100-07)",육안,"육안",N10,text
L1100-07,L-1100,"설비 일상 점검표 (L1100-07)",2,"2",B8,text
L1100-07,L-1100,"설비 일상 점검표 (L1100-07)",육안,"육안",N8,text
L1100-07,L-1100,"설비 일상 점검표 (L1100-07)",1,"1",B6,text
L1100-07,L-1100,"설비 일상 점검표 (L1100-07)",판단기준,"판단기준",G6,text
L1100-07,L-1100,"설비 일상 점검표 (L1100-07)",육안,"육안",N6,text
L1100-07,L-1100,"설비 일상 점검표 (L1100-07)",점검항목별상세도식화,"점검 항목별 상세 도식화",AK3,text
L1100-07,L-1100,"설비 일상 점검표 (L1100-07)",점검항목별상세도식화,"점검 항목별 상세 도식화",AC4,text
L1100-07,L-1100,"설비 일상 점검표 (L1100-07)",설비명,"설비명",E1,text
L1100-07,L-1100,"설비 일상 점검표 (L1100-07)",설비일상점검표년월,"설비 일상 점검표 ( 년 월)",AG1,text
L1100-07,L-1100,"설비 일상 점검표 (L1100-07)",설비번호,"설비번호",E2,text
L1100-10,L-1100,"제조설비 관리대장 (L1100-10)_갑지",비고,"비 고",AS4,text
L1100-10,L-1100,"제조설비 관리대장 (L1100-10)_갑지",NO,"NO",A4,text
L1100-10,L-1100,"제조설비 관리대장 (L1100-10)_갑지",공정,"공정",C4,text
L1100-10,L-1100,"제조설비 관리대장 (L1100-10)_갑지",설비번호,"설비번호",E4,text
L1100-10,L-1100,"제조설비 관리대장 (L1100-10)_갑지",설비명,"설비명",J4,text
L1100-10,L-1100,"제조설비 관리대장 (L1100-10)_갑지",구입가격,"구입가격",T4,text
L1100-10,L-1100,"제조설비 관리대장 (L1100-10)_갑지",제작구입일자,"제작/구입일자",Y4,date
L1100-10,L-1100,"제조설비 관리대장 (L1100-10)_갑지",제조사,"제조사",AE4,text
L1100-10,L-1100,"제조설비 관리대장 (L1100-10)_갑지",전기용량,"전기용량",AJ4,text
L1100-10,L-1100,"제조설비 관리대장 (L1100-10)_갑지",설비개조이력,"설비개조이력",AN4,text
L1100-10,L-1100,"제조설비 관리대장 (L1100-10)_을지",설비번호,"설비번호",G3,text
L1100-10,L-1100,"제조설비 관리대장 (L1100-10)_을지",설비유형,"설비유형",V3,text
L1100-10,L-1100,"제조설비 관리대장 (L1100-10)_을지",설비명,"설비명",G4,text
L1100-10,L-1100,"제조설비 관리대장 (L1100-10)_을지",제작구입일자,"제작/구입일자",V4,date
L1100-10,L-1100,"제조설비 관리대장 (L1100-10)_을지",제조회사및형식,"제조회사 및 형식",G5,text
L1100-10,L-1100,"제조설비 관리대장 (L1100-10)_을지",구입가격,"구입가격",V5,text
L1100-10,L-1100,"제조설비 관리대장 (L1100-10)_을지",생산제품규격,"생산제품 규격",G6,text
L1100-10,L-1100,"제조설비 관리대장 (L1100-10)_을지",생산속도,"생산속도",G7,text
L1100-10,L-1100,"제조설비 관리대장 (L1100-10)_을지",주모터용량,"주모터 용량",G8,text
L1100-10,L-1100,"제조설비 관리대장 (L1100-10)_을지",총전기용량,"총 전기용량",G9,text
L1100-10,L-1100,"제조설비 관리대장 (L1100-10)_을지",총중량,"총 중량",G10,text
L1100-10,L-1100,"제조설비 관리대장 (L1100-10)_을지",모형또는약도사진,"모형 또는 약도 (사진)",A12,text
L1100-10,L-1100,"제조설비 관리대장 (L1100-10)_을지",기술자료,"기술자료",V12,text
L1100-10,L-1100,"제조설비 관리대장 (L1100-10)_을지",년월일,"년,월,일",A25,date
L1100-10,L-1100,"제조설비 관리대장 (L1100-10)_을지",개조부명칭,"개조부 명칭",F25,text
L1100-10,L-1100,"제조설비 관리대장 (L1100-10)_을지",개조내용,"개조내용",M25,textarea
L1100-10,L-1100,"제조설비 관리대장 (L1100-10)_을지",금액,"금 액",Y25,text
L1100-11,L-1100,"년간 예방보전 계획서 (L1100-11)",NO,"NO",A6,text
L1100-11,L-1100,"년간 예방보전 계획서 (L1100-11)",설비명,"설 비 명",B6,text
L1100-11,L-1100,"년간 예방보전 계획서 (L1100-11)",설비번호,"설비번호",C6,text
L1100-11,L-1100,"년간 예방보전 계획서 (L1100-11)",점검주기,"점검주기",D6,text
L1100-12,L-1100,"월간설비 정기 점검 계획서 (L1100-12)",이상발생및조치사항,"이상발생 및 조치사항",F5,textarea
L1100-13,L-1100,"테마별 설비점기점검 계획서 (L1100-13) 갑지",공압,"공압",I14,text
L1100-13,L-1100,"테마별 설비점기점검 계획서 (L1100-13) 갑지",에어라인점검노후누출,"에어라인 점검 (노후, 누출)",K14,text
L1100-14,L-1100,"중요설비 체크리스트 (L1100-14)",수출포장반,"수출포장반",B28,text
L1100-14,L-1100,"중요설비 체크리스트 (L1100-14)",B,"B",AF27,text
L1100-14,L-1100,"중요설비 체크리스트 (L1100-14)",쇼트기1호기,"쇼트기 1호기",D28,text
L1100-14,L-1100,"중요설비 체크리스트 (L1100-14)",TPCTSPSH01,"TPC-TSP-SH01",M28,text
L1100-14,L-1100,"중요설비 체크리스트 (L1100-14)",30,"30",AB28,text
L1100-14,L-1100,"중요설비 체크리스트 (L1100-14)",B,"B",AD28,text
L1100-14,L-1100,"중요설비 체크리스트 (L1100-14)",B,"B",AF26,text
L1100-14,L-1100,"중요설비 체크리스트 (L1100-14)",B,"B",AF24,text
L1100-14,L-1100,"중요설비 체크리스트 (L1100-14)",30,"30",AB25,text
L1100-14,L-1100,"중요설비 체크리스트 (L1100-14)",B,"B",AF25,text
L1100-14,L-1100,"중요설비 체크리스트 (L1100-14)",B,"B",AF22,text
L1100-14,L-1100,"중요설비 체크리스트 (L1100-14)",B,"B",AF23,text
L1100-14,L-1100,"중요설비 체크리스트 (L1100-14)",B,"B",AF20,text
L1100-14,L-1100,"중요설비 체크리스트 (L1100-14)",31,"31",AB21,text
L1100-14,L-1100,"중요설비 체크리스트 (L1100-14)",B,"B",AF21,text
L1100-14,L-1100,"중요설비 체크리스트 (L1100-14)",B,"B",AF19,text
L1100-14,L-1100,"중요설비 체크리스트 (L1100-14)",영향이없음,"영향이 없음",AG13,text
L1100-16,L-1100,"스페어파트 관리대장 (L1100-16)",메이커,"메이커",D50,text
L1100-16,L-1100,"스페어파트 관리대장 (L1100-16)",발주수량,"발주수량",G50,text
L1100-16,L-1100,"스페어파트 관리대장 (L1100-16)",발주처,"발주처",K50,text
L1100-16,L-1100,"스페어파트 관리대장 (L1100-16)",비고,"비 고",M50,text
L1100-16,L-1100,"스페어파트 관리대장 (L1100-16)",담당자메일,"담당자 메일",K27,date
L1100-16,L-1100,"스페어파트 관리대장 (L1100-16)",비고,"비 고",N27,text
L1100-16,L-1100,"스페어파트 관리대장 (L1100-16)",NO,"NO",A27,text
L1100-16,L-1100,"스페어파트 관리대장 (L1100-16)",업체명,"업 체 명",B27,text
L1100-16,L-1100,"스페어파트 관리대장 (L1100-16)",취급품목,"취급품목",C27,text
L1100-16,L-1100,"스페어파트 관리대장 (L1100-16)",담당자,"담 당 자",D27,text
L1100-16,L-1100,"스페어파트 관리대장 (L1100-16)",연락처,"연 락 처",I27,text
L1100-16,L-1100,"스페어파트 관리대장 (L1100-16)",보관위치,"보 관 위 치",L4,text
L1100-16,L-1100,"스페어파트 관리대장 (L1100-16)",비고,"비 고",M4,text
L1100-17,L-1100,"고정자산 폐기 품의서 (L1100-17)",부서및공정명,"부서 및 공정명",E40,text
L1100-17,L-1100,"고정자산 폐기 품의서 (L1100-17)",철거일,"철거일",E41,date
L1100-17,L-1100,"고정자산 폐기 품의서 (L1100-17)",비고,"비 고",E42,text
L1100-17,L-1100,"고정자산 폐기 품의서 (L1100-17)",설비명,"설 비 명",E38,text
L1100-17,L-1100,"고정자산 폐기 품의서 (L1100-17)",설비번호,"설비번호",E39,text
L1100-17,L-1100,"고정자산 폐기 품의서 (L1100-17)",최초입고일자,"최 초 입고일자",B6,date
L1100-17,L-1100,"고정자산 폐기 품의서 (L1100-17)",처리방법,"처리방법",J6,text
L1100-17,L-1100,"고정자산 폐기 품의서 (L1100-17)",현잔존가,"현 잔존가",L6,text
L1100-17,L-1100,"고정자산 폐기 품의서 (L1100-17)",비고,"비 고",O6,text
L1100-18,L-1100,"풀프로프 설비 점검 일지 (L1100-18)",측정항목,"측정항목",G5,text
L1100-18,L-1100,"풀프로프 설비 점검 일지 (L1100-18)",통전전류및통전시간,"통전전류 및 통전시간",C33,text
L1100-18,L-1100,"풀프로프 설비 점검 일지 (L1100-18)",메인에어압력,"메인에어압력",C29,text
L1100-18,L-1100,"풀프로프 설비 점검 일지 (L1100-18)",가압력,"가압력",C31,text
L1100-18,L-1100,"풀프로프 설비 점검 일지 (L1100-18)",냉각수온도,"냉각수 온도",C27,text
L1100-18,L-1100,"풀프로프 설비 점검 일지 (L1100-18)",비고,"비 고",I27,text
L1100-18,L-1100,"풀프로프 설비 점검 일지 (L1100-18)",사업부,"사 업 부",A24,text
L1100-18,L-1100,"풀프로프 설비 점검 일지 (L1100-18)",라인명,"라 인 명",C24,text
L1100-18,L-1100,"풀프로프 설비 점검 일지 (L1100-18)",설비명,"설 비 명",F24,text
L1100-18,L-1100,"풀프로프 설비 점검 일지 (L1100-18)",설비번호,"설비번호",C5,text
L1100-18,L-1100,"풀프로프 설비 점검 일지 (L1100-18)",설비명,"설비명",E5,text
L1100-19,L-1100,"설비 이관 교육결과 보고서 (L1100-19)",교육사진,"교 육 사 진",A28,text
L1100-19,L-1100,"설비 이관 교육결과 보고서 (L1100-19)",교육내용,"교육내용 :",A14,textarea
L1100-19,L-1100,"설비 이관 교육결과 보고서 (L1100-19)",직위,"직위",R9,text
L1100-19,L-1100,"설비 이관 교육결과 보고서 (L1100-19)",성명,"성 명",U9,text
L1100-19,L-1100,"설비 이관 교육결과 보고서 (L1100-19)",교육목적,"교육목적",D6,text
L1100-19,L-1100,"설비 이관 교육결과 보고서 (L1100-19)",교육명,"교 육 명",D7,text
L1100-19,L-1100,"설비 이관 교육결과 보고서 (L1100-19)",소속,"소속",D9,text
L1100-19,L-1100,"설비 이관 교육결과 보고서 (L1100-19)",직위,"직위",H9,text
L1100-19,L-1100,"설비 이관 교육결과 보고서 (L1100-19)",성명,"성 명",K9,text
L1100-19,L-1100,"설비 이관 교육결과 보고서 (L1100-19)",소속,"소속",N9,text
L1100-19,L-1100,"설비 이관 교육결과 보고서 (L1100-19)",강사명,"강사명",T5,text
L1100-19,L-1100,"설비 이관 교육결과 보고서 (L1100-19)",소속,"소 속",D4,text
L1100-19,L-1100,"설비 이관 교육결과 보고서 (L1100-19)",직위,"직 위",L4,text
L1100-19,L-1100,"설비 이관 교육결과 보고서 (L1100-19)",작성자,"작성자",T4,text
L1100-19,L-1100,"설비 이관 교육결과 보고서 (L1100-19)",교육장소,"교육장소",D5,text
L1100-19,L-1100,"설비 이관 교육결과 보고서 (L1100-19)",교육일자,"교육일자",L5,date
L1100-08,L-1100,"설비 리스트 (L1100-08)",제작구입일자,"제작/구입일자",Z4,date
L1100-08,L-1100,"설비 리스트 (L1100-08)",제조사,"제조사",AF4,text
L1100-08,L-1100,"설비 리스트 (L1100-08)",전기용량,"전기용량",AK4,text
L1100-08,L-1100,"설비 리스트 (L1100-08)",설비개조이력,"설비개조이력",AO4,text
L1100-08,L-1100,"설비 리스트 (L1100-08)",비고,"비 고",AT4,text
L1100-08,L-1100,"설비 리스트 (L1100-08)",NO,"NO",A4,text
L1100-08,L-1100,"설비 리스트 (L1100-08)",공정,"공정",C4,text
L1100-08,L-1100,"설비 리스트 (L1100-08)",설비번호,"설비번호",E4,text
L1100-08,L-1100,"설비 리스트 (L1100-08)",설비명,"설비명",J4,text
L1100-08,L-1100,"설비 리스트 (L1100-08)",구입가격,"구입가격",U4,text
L1200-02,L-1200,"치공구 이력카드(L1200-02)",특이사항작성란,"특이사항 작성란",A29,textarea
L1200-02,L-1200,"치공구 이력카드(L1200-02)",11,"11",AI22,text
L1200-02,L-1200,"치공구 이력카드(L1200-02)",8,"8",AI19,text
L1200-02,L-1200,"치공구 이력카드(L1200-02)",9,"9",AI20,text
L1200-02,L-1200,"치공구 이력카드(L1200-02)",금형약도,"금 형 약 도",A10,text
L1200-02,L-1200,"치공구 이력카드(L1200-02)",12,"12",AI23,text
L1200-02,L-1200,"치공구 이력카드(L1200-02)",13,"13",AI24,text
L1200-02,L-1200,"치공구 이력카드(L1200-02)",10,"10",AI21,text
L1200-02,L-1200,"치공구 이력카드(L1200-02)",4,"4",AI15,text
L1200-02,L-1200,"치공구 이력카드(L1200-02)",16,"16",AI27,text
L1200-02,L-1200,"치공구 이력카드(L1200-02)",14,"14",AI25,text
L1200-02,L-1200,"치공구 이력카드(L1200-02)",15,"15",AI26,text
L1200-02,L-1200,"치공구 이력카드(L1200-02)",6,"6",AI17,text
L1200-02,L-1200,"치공구 이력카드(L1200-02)",7,"7",AI18,text
L1200-02,L-1200,"치공구 이력카드(L1200-02)",1,"1",AI12,text
L1200-02,L-1200,"치공구 이력카드(L1200-02)",이력파손교환,"이력(파손/교환)",AP12,text
L1200-02,L-1200,"치공구 이력카드(L1200-02)",수량,"수량",AY12,text
L1200-02,L-1200,"치공구 이력카드(L1200-02)",5,"5",AI16,text
L1200-02,L-1200,"치공구 이력카드(L1200-02)",2,"2",AI13,text
L1200-02,L-1200,"치공구 이력카드(L1200-02)",3,"3",AI14,text
L1200-02,L-1200,"치공구 이력카드(L1200-02)",3,"3",AI8,text
L1200-02,L-1200,"치공구 이력카드(L1200-02)",재질,"재 질",G7,text
L1200-02,L-1200,"치공구 이력카드(L1200-02)",제작처,"제 작 처",Y7,text
L1200-02,L-1200,"치공구 이력카드(L1200-02)",2,"2",AI7,text
L1200-02,L-1200,"치공구 이력카드(L1200-02)",MODEL,"MODEL",G4,text
L1200-02,L-1200,"치공구 이력카드(L1200-02)",공정명,"공 정 명",Y4,text
L1200-02,L-1200,"치공구 이력카드(L1200-02)",사용장비,"사용장비",AM4,text
L1200-02,L-1200,"치공구 이력카드(L1200-02)",규격,"규 격",Y5,text
L1200-02,L-1200,"치공구 이력카드(L1200-02)",1,"1",AI6,text
L1200-02,L-1200,"치공구 이력카드(L1200-02)",이관일,"이관일",AP6,date
L1200-02,L-1200,"치공구 이력카드(L1200-02)",비고,"비 고",AU6,text
L1200-03,L-1200,"지그 관리대장(L1200-03)",대여공증일,"대여/공증일",J6,date
L1200-03,L-1200,"지그 관리대장(L1200-03)",비고,"비 고",K6,text
L1200-03,L-1200,"지그 관리대장(L1200-03)",순,"순",A6,text
L1200-03,L-1200,"지그 관리대장(L1200-03)",자산관리번호,"자산관리번호",B6,text
L1200-03,L-1200,"지그 관리대장(L1200-03)",차종,"차 종",C6,text
L1200-05,L-1200,"지그 및 치공구 검사 성적서(L1200-05)",비고,"비 고",C33,text
L1200-05,L-1200,"지그 및 치공구 검사 성적서(L1200-05)",순,"순",A22,text
L1200-05,L-1200,"지그 및 치공구 검사 성적서(L1200-05)",검사항목,"검 사 항 목",C22,text
L1200-05,L-1200,"지그 및 치공구 검사 성적서(L1200-05)",검사기준,"검 사 기 준",M22,text
L1200-05,L-1200,"지그 및 치공구 검사 성적서(L1200-05)",측정치,"측정치",W22,text
L1200-05,L-1200,"지그 및 치공구 검사 성적서(L1200-05)",판정,"판 정",AC22,text
L1200-05,L-1200,"지그 및 치공구 검사 성적서(L1200-05)",관리번호,"관리번호",E6,text
L1200-05,L-1200,"지그 및 치공구 검사 성적서(L1200-05)",측정일,"측정일",P6,date
L1200-05,L-1200,"지그 및 치공구 검사 성적서(L1200-05)",측정자,"측정자",AA6,text
L1200-05,L-1200,"지그 및 치공구 검사 성적서(L1200-05)",제작처,"제작처",E5,text
L1200-05,L-1200,"지그 및 치공구 검사 성적서(L1200-05)",측정의뢰일,"측정의뢰일",P5,date
L1200-05,L-1200,"지그 및 치공구 검사 성적서(L1200-05)",측정의뢰자,"측정의뢰자",AA5,text
L1200-05,L-1200,"지그 및 치공구 검사 성적서(L1200-05)",품명,"품 명",E4,text
L1200-05,L-1200,"지그 및 치공구 검사 성적서(L1200-05)",적용공정명,"적용공정명",P4,text
L1200-05,L-1200,"지그 및 치공구 검사 성적서(L1200-05)",규격,"규격",AA4,text
L1200-06,L-1200,"CF 점검기준서(L1200-06)",확인방법,"확인방법",D5,text
L1200-06,L-1200,"CF 점검기준서(L1200-06)",비고,"비 고",A12,text
L1200-06,L-1200,"CF 점검기준서(L1200-06)",제정일자,"제정 일자",O10,date
L1200-11,L-1200,"지그 및 금형 보관 위치 식별표(L1200-11)",위치번호,"위치 번호",AE21,text
L1200-11,L-1200,"지그 및 금형 보관 위치 식별표(L1200-11)",관리번호,"관리 번호",AO21,text
L1200-11,L-1200,"지그 및 금형 보관 위치 식별표(L1200-11)",품명,"품 명",K24,text
L1200-11,L-1200,"지그 및 금형 보관 위치 식별표(L1200-11)",품명,"품 명",Z24,text
L1200-11,L-1200,"지그 및 금형 보관 위치 식별표(L1200-11)",품명,"품 명",AO24,text
L1200-11,L-1200,"지그 및 금형 보관 위치 식별표(L1200-11)",관리번호,"관리 번호",Z21,text
L1200-11,L-1200,"지그 및 금형 보관 위치 식별표(L1200-11)",위치번호,"위치 번호",A21,text
L1200-11,L-1200,"지그 및 금형 보관 위치 식별표(L1200-11)",관리번호,"관리 번호",K21,text
L1200-11,L-1200,"지그 및 금형 보관 위치 식별표(L1200-11)",위치번호,"위치 번호",P21,text
L1200-11,L-1200,"지그 및 금형 보관 위치 식별표(L1200-11)",위치번호,"위치 번호",H19,text
L1200-11,L-1200,"지그 및 금형 보관 위치 식별표(L1200-11)",위치번호,"위치 번호",W19,text
L1200-11,L-1200,"지그 및 금형 보관 위치 식별표(L1200-11)",위치번호,"위치 번호",AL19,text
L1200-11,L-1200,"지그 및 금형 보관 위치 식별표(L1200-11)",위치번호,"위치 번호",AE13,text
L1200-11,L-1200,"지그 및 금형 보관 위치 식별표(L1200-11)",관리번호,"관리 번호",AO13,text
L1200-11,L-1200,"지그 및 금형 보관 위치 식별표(L1200-11)",품명,"품 명",K16,text
L1200-11,L-1200,"지그 및 금형 보관 위치 식별표(L1200-11)",품명,"품 명",Z16,text
L1200-11,L-1200,"지그 및 금형 보관 위치 식별표(L1200-11)",품명,"품 명",AO16,text
L1200-11,L-1200,"지그 및 금형 보관 위치 식별표(L1200-11)",관리번호,"관리 번호",Z13,text
L1200-11,L-1200,"지그 및 금형 보관 위치 식별표(L1200-11)",위치번호,"위치 번호",A13,text
L1200-11,L-1200,"지그 및 금형 보관 위치 식별표(L1200-11)",관리번호,"관리 번호",K13,text
L1200-11,L-1200,"지그 및 금형 보관 위치 식별표(L1200-11)",위치번호,"위치 번호",P13,text
L1200-11,L-1200,"지그 및 금형 보관 위치 식별표(L1200-11)",위치번호,"위치 번호",AL11,text
L1200-11,L-1200,"지그 및 금형 보관 위치 식별표(L1200-11)",지그보관대,"지그 보관대",D4,text
L1200-11,L-1200,"지그 및 금형 보관 위치 식별표(L1200-11)",위치번호,"위치 번호",H11,text
L1200-11,L-1200,"지그 및 금형 보관 위치 식별표(L1200-11)",위치번호,"위치 번호",W11,text
L2100-10,L-2100,"수입검사 기준서(L2100-10-쇼바04)",규격,"규 격",J23,text
L2100-10,L-2100,"수입검사 기준서(L2100-10-쇼바04)",측정도구,"측정도구",Y23,text
L2100-10,L-2100,"수입검사 기준서(L2100-10-쇼바04)",규격,"규 격",AB23,text
L2100-10,L-2100,"수입검사 기준서(L2100-10-쇼바04)",재질,"재 질",G24,text
L2100-10,L-2100,"수입검사 기준서(L2100-10-쇼바04)",원소재검증,"원소재 검증",G25,text
L2100-10,L-2100,"수입검사 기준서(L2100-10-쇼바04)",중금속규제,"중금속 규제",G26,text
L2100-10,L-2100,"수입검사 기준서(L2100-10-쇼바04)",품명,"품 명",G12,text
L2100-10,L-2100,"수입검사 기준서(L2100-10-쇼바04)",공급업체,"공급업체",Y12,text
L2100-10,L-2100,"수입검사 기준서(L2100-10-쇼바04)",부품도,"부 품 도",A14,text
L2100-10,L-2100,"수입검사 기준서(L2100-10-쇼바04)",재질,"재 질",AC5,text
L2100-10,L-2100,"수입검사 기준서(L2100-10-쇼바04)",구분,"구분",C5,text
L2100-10,L-2100,"수입검사 기준서(L2100-10-쇼바04)",사양,"사 양",E5,text
L2100-10,L-2100,"수입검사 기준서(L2100-10-쇼바04)",품번,"품 번",G5,text
L2100-10,L-2100,"수입검사 기준서(L2100-10-쇼바04)",외경,"외경",K5,text
L2100-10,L-2100,"수입검사 기준서(L2100-10-쇼바04)",외관,"외 관",G23,text
L2100-10,L-2100,"수입검사 기준서(L2100-10-쇼바04)",내경,"내경",Q5,text
L2100-10,L-2100,"수입검사 기준서(L2100-10-쇼바04)",두께,"두께",W5,text
L2100-10,L-2100,"수입검사 기준서(L2100-10-쇼바04)",절단길이,"절단 길이",Y5,text
L2100-06,L-2100,"출하 검사 절차서(L2100-06-쇼바19)",정,"정",J5,text
L2100-06,L-2100,"출하 검사 절차서(L2100-06-쇼바19)",직책,"직 책",N5,text
L2100-06,L-2100,"출하 검사 절차서(L2100-06-쇼바19)",연락처,"연 락 처",Q5,text
L2100-06,L-2100,"출하 검사 절차서(L2100-06-쇼바19)",부,"부",J7,text
L2100-02,L-2100,"코일인수 검사일지(L2100-02-조)",비고,"비고",AB9,text
L2100-02,L-2100,"코일인수 검사일지(L2100-02-조)",폭05mm,"폭 (±0.5mm)",U9,text
L2100-02,L-2100,"코일인수 검사일지(L2100-02-조)",조수Kg,"조수 (Kg)",P9,text
L2100-02,L-2100,"코일인수 검사일지(L2100-02-조)",입고일자,"입고 일자",B9,date
L2100-02,L-2100,"코일인수 검사일지(L2100-02-조)",검사일자,"검사 일자",D9,date
L2100-02,L-2100,"코일인수 검사일지(L2100-02-조)",LOTNO,"LOT NO.",F9,text
L2100-02,L-2100,"코일인수 검사일지(L2100-02-조)",강종재질,"강종 (재질)",I9,text
L2100-02,L-2100,"코일인수 검사일지(L2100-02-조)",두께mm,"두께 (mm)",L9,text
L2100-02,L-2100,"코일인수 검사일지(L2100-02-조)",폭mm,"폭 (mm)",N9,text
L2100-03,L-2100,"인수검사성적서(L2100-03-조)",품명,"품 명",G4,text
L2100-03,L-2100,"인수검사성적서(L2100-03-조)",mm,"mm",U6,text
L2100-03,L-2100,"인수검사성적서(L2100-03-조)",로트번호,"로트 번호",AO7,text
L2100-03,L-2100,"인수검사성적서(L2100-03-조)",mm,"mm",U7,text
L2100-03,L-2100,"인수검사성적서(L2100-03-조)",X3,"X3",AQ11,text
L2100-03,L-2100,"인수검사성적서(L2100-03-조)",판정,"판정",AV11,text
L2100-03,L-2100,"인수검사성적서(L2100-03-조)",,"±",AG13,text
L2100-03,L-2100,"인수검사성적서(L2100-03-조)",X1,"X1",AG11,text
L2100-03,L-2100,"인수검사성적서(L2100-03-조)",X2,"X2",AL11,text
L2100-03,L-2100,"인수검사성적서(L2100-03-조)",,"±",AG15,text
L2100-03,L-2100,"인수검사성적서(L2100-03-조)",05,"± 0.5",AG14,text
L2100-03,L-2100,"인수검사성적서(L2100-03-조)",이상,"이상",AG17,text
L2100-03,L-2100,"인수검사성적서(L2100-03-조)",05,"± 0.5",AG16,text
L2100-03,L-2100,"인수검사성적서(L2100-03-조)",종합판정,"종 합 판 정",AS29,text
L2100-04,L-2100,"초품검사 및 불량폐기내역(L2100-04-조6)",반장,"반장",J2,text
L2100-04,L-2100,"초품검사 및 불량폐기내역(L2100-04-조6)",직장장,"직장장",L2,text
L2100-04,L-2100,"초품검사 및 불량폐기내역(L2100-04-조6)",번째pipe양품,"번째 pipe양품",P9,text
L2100-04,L-2100,"초품검사 및 불량폐기내역(L2100-04-조6)",번째pipe양품,"번째 pipe양품",P10,text
L2100-04,L-2100,"초품검사 및 불량폐기내역(L2100-04-조6)",번째pipe양품,"번째 pipe양품",P11,text
L2100-04,L-2100,"초품검사 및 불량폐기내역(L2100-04-조6)",번째pipe양품,"번째 pipe양품",P12,text
L2100-04,L-2100,"초품검사 및 불량폐기내역(L2100-04-조6)",번째pipe양품,"번째 pipe양품",P13,text
L2100-04,L-2100,"초품검사 및 불량폐기내역(L2100-04-조6)",번째pipe양품,"번째 pipe양품",P14,text
L2100-04,L-2100,"초품검사 및 불량폐기내역(L2100-04-조6)",번째pipe양품,"번째 pipe양품",P15,text
L2100-04,L-2100,"초품검사 및 불량폐기내역(L2100-04-조6)",번째pipe양품,"번째 pipe양품",P16,text
L2100-04,L-2100,"초품검사 및 불량폐기내역(L2100-04-조6)",번째pipe양품,"번째 pipe양품",P17,text
L2100-04,L-2100,"초품검사 및 불량폐기내역(L2100-04-조6)",번째pipe양품,"번째 pipe양품",P18,text
L2100-04,L-2100,"초품검사 및 불량폐기내역(L2100-04-조6)",특기사항,"특 기 사 항",B19,text
L2100-04,L-2100,"초품검사 및 불량폐기내역(L2100-04-조6)",코일연결부,"코일연결부",I27,text
L2100-04,L-2100,"초품검사 및 불량폐기내역(L2100-04-조6)",초품폐기1항폐기합계,"초품폐기 (1항 폐기 합계)",K27,text
L2100-04,L-2100,"초품검사 및 불량폐기내역(L2100-04-조6)",기타,"기 타",M27,text
L2100-04,L-2100,"초품검사 및 불량폐기내역(L2100-04-조6)",합계,"합계",O27,text
L2100-05,L-2100,"조관공정 순회검사일지(L2100-05-조)",표면흠내외경스크래치,"표면흠, 내-외경 스크래치",H61,text
L2100-05,L-2100,"조관공정 순회검사일지(L2100-05-조)",포장방법및단위,"포장방법 및 단위",H63,text
L2100-05,L-2100,"조관공정 순회검사일지(L2100-05-조)",길이,"길이",H57,text
L2100-05,L-2100,"조관공정 순회검사일지(L2100-05-조)",절단면,"절단면",H59,text
L2100-05,L-2100,"조관공정 순회검사일지(L2100-05-조)",외관,"외관",H66,text
L2100-05,L-2100,"조관공정 순회검사일지(L2100-05-조)",123단롤직진도,"1/2/3단롤 (직진도)",H53,text
L2100-05,L-2100,"조관공정 순회검사일지(L2100-05-조)",코일감도,"코일감도",H49,text
L2100-05,L-2100,"조관공정 순회검사일지(L2100-05-조)",주파수,"주파수",H51,text
L2100-05,L-2100,"조관공정 순회검사일지(L2100-05-조)",상하롤좌우롤축간거리,"상•하롤 / 좌•우롤 축간거리",H45,text
L2100-05,L-2100,"조관공정 순회검사일지(L2100-05-조)",ECT검출코일내경,"ECT 검출 코일 내경",H47,text
L2100-05,L-2100,"조관공정 순회검사일지(L2100-05-조)",조관유온도,"조관유 온도",H39,text
L2100-05,L-2100,"조관공정 순회검사일지(L2100-05-조)",조관유PH,"조관유 PH",H41,text
L2100-05,L-2100,"조관공정 순회검사일지(L2100-05-조)",조관유농도,"조관유 농도",H43,text
L2100-05,L-2100,"조관공정 순회검사일지(L2100-05-조)",용접부두께,"용접부 두께",H32,text
L2100-05,L-2100,"조관공정 순회검사일지(L2100-05-조)",내경바이트,"내경 바이트",H35,text
L2100-05,L-2100,"조관공정 순회검사일지(L2100-05-조)",외경바이트,"외경 바이트",H37,text
L2100-05,L-2100,"조관공정 순회검사일지(L2100-05-조)",속도,"속도",H30,text
L2100-05,L-2100,"조관공정 순회검사일지(L2100-05-조)",용접코일내경,"용접 코일 내경",H26,text
L2100-05,L-2100,"조관공정 순회검사일지(L2100-05-조)",임피더외경,"임피더 외경",H27,text
L2100-05,L-2100,"조관공정 순회검사일지(L2100-05-조)",파워,"파워",H31,text
L2100-05,L-2100,"조관공정 순회검사일지(L2100-05-조)",전류,"전류",H28,text
L2100-05,L-2100,"조관공정 순회검사일지(L2100-05-조)",전압,"전압",H29,text
L2100-05,L-2100,"조관공정 순회검사일지(L2100-05-조)",상하롤축간거리,"상•하롤 축간거리",H20,text
L2100-05,L-2100,"조관공정 순회검사일지(L2100-05-조)",좌우롤축간거리,"좌•우롤 축간거리",H23,text
L2100-05,L-2100,"조관공정 순회검사일지(L2100-05-조)",규격,"규격",H8,text
L2100-05,L-2100,"조관공정 순회검사일지(L2100-05-조)",라벨폭두께,"라벨, 폭, 두께",H10,text
L2100-05,L-2100,"조관공정 순회검사일지(L2100-05-조)",폭,"폭",H14,text
L2100-05,L-2100,"조관공정 순회검사일지(L2100-05-조)",두께,"두께",H16,text
L2100-05,L-2100,"조관공정 순회검사일지(L2100-05-조)",SKELP표면측면,"SKELP 표면, 측면",H12,text
L2100-05,L-2100,"조관공정 순회검사일지(L2100-05-조)",SKELP표면측면,"SKELP 표면, 측면",H18,text
L2100-01,L-2100,"수입검사표준 (L2100-01-인)",26mm,"2~6mm",M9,text
L2100-05,L-2100,"수출포장반 공정순회(L2100-05-수)",이미해,"이미해",B43,text
L2100-05,L-2100,"수출포장반 공정순회(L2100-05-수)",류경화,"류경화",K31,text
L2100-05,L-2100,"수출포장반 공정순회(L2100-05-수)",이미해,"이미해",C37,text
L2100-05,L-2100,"수출포장반 공정순회(L2100-05-수)",자동검사기,"자동 검사기",K37,text
L2100-05,L-2100,"수출포장반 공정순회(L2100-05-수)",면취4호기,"면취 4호기",C24,text
L2100-05,L-2100,"수출포장반 공정순회(L2100-05-수)",면취8호기,"면취 8호기",K24,text
L2100-05,L-2100,"수출포장반 공정순회(L2100-05-수)",오미경,"오미경",C31,text
L2100-05,L-2100,"수출포장반 공정순회(L2100-05-수)",면취2호기,"면취 2호기",C12,text
L2100-05,L-2100,"수출포장반 공정순회(L2100-05-수)",면취6호기,"면취 6호기",K12,text
L2100-05,L-2100,"수출포장반 공정순회(L2100-05-수)",면취1호기,"면취 1호기",C6,text
L2100-05,L-2100,"수출포장반 공정순회(L2100-05-수)",면취5호기,"면취 5호기",K6,text
L2100-05,L-2100,"수출포장반 공정순회(L2100-05-수)",면취3호기,"면취 3호기",C18,text
L2100-05,L-2100,"수출포장반 공정순회(L2100-05-수)",면취7호기,"면취 7호기",K18,text
L2100-03,L-2100,"수입검사 성적서(L2100-03-필가)",품명,"품 명",F4,text
L2100-03,L-2100,"수입검사 성적서(L2100-03-필가)",규격,"규 격",U4,text
L2100-03,L-2100,"수입검사 성적서(L2100-03-필가)",공급자,"공급자",F5,text
L2100-03,L-2100,"수입검사 성적서(L2100-03-필가)",발행번호,"발행 번호",U5,text
L2100-03,L-2100,"수입검사 성적서(L2100-03-필가)",작성,"작성",C2,text
L2100-03,L-2100,"수입검사 성적서(L2100-03-필가)",검토,"검토",F2,text
L2100-03,L-2100,"수입검사 성적서(L2100-03-필가)",승인,"승인",I2,text
L2100-03,L-2100,"수입검사 성적서(L2100-03-필가)",작성,"작성",V2,text
L2100-03,L-2100,"수입검사 성적서(L2100-03-필가)",검토,"검토",Y2,text
L2100-03,L-2100,"수입검사 성적서(L2100-03-필가)",승인,"승인",AB2,text
L2100-03,L-2100,"수입검사 성적서(L2100-03-필가)",합격수량,"합격 수량(本)",P10,text
L2100-03,L-2100,"수입검사 성적서(L2100-03-필가)",불량수량,"불량 수량(本)",W10,text
L2100-03,L-2100,"수입검사 성적서(L2100-03-필가)",코일NO,"코일 NO",F6,text
L2100-03,L-2100,"수입검사 성적서(L2100-03-필가)",생산날짜,"생산 날짜",U6,date
L2100-03,L-2100,"수입검사 성적서(L2100-03-필가)",출하수량,"출하수량",U7,text
L2100-03,L-2100,"수입검사 성적서(L2100-03-필가)",유해한흠및버없을것,"유해한흠 및 버 없을것",L14,text
L2100-03,L-2100,"수입검사 성적서(L2100-03-필가)",X2,"X2",O14,text
L2100-03,L-2100,"수입검사 성적서(L2100-03-필가)",X3,"X3",R14,text
L2100-03,L-2100,"수입검사 성적서(L2100-03-필가)",X4,"X4",U14,text
L2100-03,L-2100,"수입검사 성적서(L2100-03-필가)",외경015,"① 외경 (Φ ±0.15)",L15,text
L2100-03,L-2100,"수입검사 성적서(L2100-03-필가)",두께008,"② 두께 ( ±0.08)",L16,text
L2100-03,L-2100,"수입검사 성적서(L2100-03-필가)",X5,"X5",X14,text
L2100-03,L-2100,"수입검사 성적서(L2100-03-필가)",판정,"판 정",AA14,text
L2100-03,L-2100,"수입검사 성적서(L2100-03-필가)",X4,"X4",U19,text
L2100-03,L-2100,"수입검사 성적서(L2100-03-필가)",X5,"X5",X19,text
L2100-03,L-2100,"수입검사 성적서(L2100-03-필가)",판정,"판 정",AA19,text
L2100-03,L-2100,"수입검사 성적서(L2100-03-필가)",외경015,"① 외경 (Φ ±0.15)",L20,text
L2100-03,L-2100,"수입검사 성적서(L2100-03-필가)",유해한흠및버없을것,"유해한흠 및 버 없을것",L19,text
L2100-03,L-2100,"수입검사 성적서(L2100-03-필가)",X2,"X2",O19,text
L2100-03,L-2100,"수입검사 성적서(L2100-03-필가)",X3,"X3",R19,text
L2100-03,L-2100,"수입검사 성적서(L2100-03-필가)",두께008,"② 두께 ( ±0.08)",L21,text
L2100-04,L-2100,"면취 자주검사(L2100-04-필가1)",라인명,"★ 라인명 :",E4,text
L2100-04,L-2100,"면취 자주검사(L2100-04-필가1)",년,"년",S4,text
L2100-04,L-2100,"면취 자주검사(L2100-04-필가1)",차종,"차 종",F5,text
L2100-04,L-2100,"면취 자주검사(L2100-04-필가1)",품번,"품 번",AD5,text
L2100-04,L-2100,"면취 자주검사(L2100-04-필가1)",공정명,"공정명",J6,text
L2100-04,L-2100,"면취 자주검사(L2100-04-필가1)",품명,"품 명",V5,text
L2100-04,L-2100,"면취 자주검사(L2100-04-필가1)",관리감독자확인,"관리감독자 확인",N27,text
L2100-04,L-2100,"면취 자주검사(L2100-04-필가1)",일자,"일 자",A29,text
L2100-04,L-2100,"면취 자주검사(L2100-04-필가1)",특기사항,"특 기 사 항",F29,text
L2100-04,L-2100,"면취 자주검사(L2100-04-필가1)",일자,"일 자",W29,text
L2100-04,L-2100,"면취 자주검사(L2100-04-필가1)",특기사항,"특 기 사 항",AB29,text
L2100-04,L-2100,"자동절단 자주검사(L2100-04-필가2)",차종,"차종",G5,text
L2100-04,L-2100,"자동절단 자주검사(L2100-04-필가2)",작업자,"작업자",K5,text
L2100-04,L-2100,"자동절단 자주검사(L2100-04-필가2)",설비명,"설비명",P5,text
L2100-04,L-2100,"자동절단 자주검사(L2100-04-필가2)",차종,"차종",U5,text
L2100-04,L-2100,"자동절단 자주검사(L2100-04-필가2)",작업자,"작업자",Y5,text
L2100-04,L-2100,"자동절단 자주검사(L2100-04-필가2)",제품명,"제품명",N8,text
L2100-04,L-2100,"다단확관 자주검사(L2100-04-필가5)",검사5회기준,"※검사5회 기준",D22,text
L2100-04,L-2100,"다단확관 고노게이지 자주검사(L2100-04-필가8)",전조내경공차005,"전조 내경 (공차±0.05)",D4,text
L2100-04,L-2100,"다단확관 스폿용접 풀프로프 점검(L2100-04-필가9)",가압력,"가압력",AD8,text
L2100-04,L-2100,"다단확관 스폿용접 풀프로프 점검(L2100-04-필가9)",통전전류,"통전전류",AD9,text
L2100-04,L-2100,"다단확관 스폿용접 풀프로프 점검(L2100-04-필가9)",통전시간,"통전시간",AD10,text
L2100-04,L-2100,"다단확관 스폿용접 풀프로프 점검(L2100-04-필가9)",공정명,"공 정 명",W4,text
L2100-04,L-2100,"다단확관 스폿용접 풀프로프 점검(L2100-04-필가9)",팁교환주기,"팁교환주기",AD11,text
L2100-04,L-2100,"다단확관 스폿용접 풀프로프 점검(L2100-04-필가9)",냉각수순환온도,"냉각수 순환온도",AD12,text
L2100-04,L-2100,"다단확관 스폿용접 풀프로프 점검(L2100-04-필가9)",14일,"14일",AG25,date
L2100-04,L-2100,"다단확관 스폿용접 풀프로프 점검(L2100-04-필가9)",15일,"15일",AI25,date
L2100-04,L-2100,"다단확관 스폿용접 풀프로프 점검(L2100-04-필가9)",16일,"16일",AK25,date
L2100-04,L-2100,"다단확관 스폿용접 풀프로프 점검(L2100-04-필가9)",5일,"5일",O25,date
L2100-04,L-2100,"다단확관 스폿용접 풀프로프 점검(L2100-04-필가9)",6일,"6일",Q25,date
L2100-04,L-2100,"다단확관 스폿용접 풀프로프 점검(L2100-04-필가9)",7일,"7일",S25,date
L2100-04,L-2100,"다단확관 스폿용접 풀프로프 점검(L2100-04-필가9)",8일,"8일",U25,date
L2100-04,L-2100,"다단확관 스폿용접 풀프로프 점검(L2100-04-필가9)",9일,"9일",W25,date
L2100-04,L-2100,"다단확관 스폿용접 풀프로프 점검(L2100-04-필가9)",10일,"10일",Y25,date
L2100-04,L-2100,"다단확관 스폿용접 풀프로프 점검(L2100-04-필가9)",통전전류,"통전전류",G26,text
L2100-04,L-2100,"다단확관 스폿용접 풀프로프 점검(L2100-04-필가9)",11일,"11일",AA25,date
L2100-04,L-2100,"다단확관 스폿용접 풀프로프 점검(L2100-04-필가9)",12일,"12일",AC25,date
L2100-04,L-2100,"다단확관 스폿용접 풀프로프 점검(L2100-04-필가9)",13일,"13일",AE25,date
L2100-04,L-2100,"다단확관 스폿용접 풀프로프 점검(L2100-04-필가9)",가압력,"가압력",G25,text
L2100-04,L-2100,"다단확관 스폿용접 풀프로프 점검(L2100-04-필가9)",2일,"2일",I25,date
L2100-04,L-2100,"다단확관 스폿용접 풀프로프 점검(L2100-04-필가9)",3일,"3일",K25,date
L2100-04,L-2100,"다단확관 스폿용접 풀프로프 점검(L2100-04-필가9)",4일,"4일",M25,date
L2100-04,L-2100,"다단확관 스폿용접 풀프로프 점검(L2100-04-필가9)",팁교환주기,"팁교환주기",G28,text
L2100-04,L-2100,"다단확관 스폿용접 풀프로프 점검(L2100-04-필가9)",통전시간,"통전시간",G27,text
L2100-04,L-2100,"다단확관 스폿용접 풀프로프 점검(L2100-04-필가9)",냉각수온도,"냉각수 온도",G29,text
L2100-04,L-2100,"다단확관 스폿용접 풀프로프 점검(L2100-04-필가9)",31일,"31일",AK31,date
L2100-04,L-2100,"다단확관 스폿용접 풀프로프 점검(L2100-04-필가9)",30일,"30일",AG32,date
L2100-04,L-2100,"다단확관 스폿용접 풀프로프 점검(L2100-04-필가9)",31일,"31일",AI32,date
L2100-04,L-2100,"다단확관 스폿용접 풀프로프 점검(L2100-04-필가9)",21일,"21일",O32,date
L2100-04,L-2100,"다단확관 스폿용접 풀프로프 점검(L2100-04-필가9)",22일,"22일",Q32,date
L2100-04,L-2100,"다단확관 스폿용접 풀프로프 점검(L2100-04-필가9)",23일,"23일",S32,date
L2100-04,L-2100,"다단확관 스폿용접 풀프로프 점검(L2100-04-필가9)",24일,"24일",U32,date
L2100-04,L-2100,"다단확관 스폿용접 풀프로프 점검(L2100-04-필가9)",25일,"25일",W32,date
L2100-04,L-2100,"다단확관 스폿용접 풀프로프 점검(L2100-04-필가9)",26일,"26일",Y32,date
L2100-04,L-2100,"다단확관 스폿용접 풀프로프 점검(L2100-04-필가9)",통전전류,"통전전류",G33,text
L2100-04,L-2100,"다단확관 스폿용접 풀프로프 점검(L2100-04-필가9)",27일,"27일",AA32,date
L2100-04,L-2100,"다단확관 스폿용접 풀프로프 점검(L2100-04-필가9)",28일,"28일",AC32,date
L2100-04,L-2100,"다단확관 스폿용접 풀프로프 점검(L2100-04-필가9)",29일,"29일",AE32,date
L2100-04,L-2100,"다단확관 스폿용접 풀프로프 점검(L2100-04-필가9)",가압력,"가압력",G32,text
L2100-04,L-2100,"다단확관 스폿용접 풀프로프 점검(L2100-04-필가9)",18일,"18일",I32,date
L2100-04,L-2100,"다단확관 스폿용접 풀프로프 점검(L2100-04-필가9)",19일,"19일",K32,date
L2100-04,L-2100,"다단확관 스폿용접 풀프로프 점검(L2100-04-필가9)",20일,"20일",M32,date
L2100-04,L-2100,"다단확관 스폿용접 풀프로프 점검(L2100-04-필가9)",팁교환주기,"팁교환주기",G35,text
L2100-04,L-2100,"다단확관 스폿용접 풀프로프 점검(L2100-04-필가9)",통전시간,"통전시간",G34,text
L2100-04,L-2100,"다단확관 스폿용접 풀프로프 점검(L2100-04-필가9)",특이사항,"특이사항",B39,textarea
L2100-04,L-2100,"다단확관 스폿용접 풀프로프 점검(L2100-04-필가9)",냉각수온도,"냉각수 온도",G36,text
L2100-04,L-2100,"다단확관 스폿용접 자주검사(L2100-04-필가10)",라인명,"★ 라인명 :",E4,text
L2100-04,L-2100,"다단확관 스폿용접 자주검사(L2100-04-필가10)",년,"년",S4,text
L2100-04,L-2100,"다단확관 스폿용접 자주검사(L2100-04-필가10)",차종,"차 종",F5,text
L2100-04,L-2100,"다단확관 스폿용접 자주검사(L2100-04-필가10)",품번,"품 번",AD5,text
L2100-04,L-2100,"다단확관 스폿용접 자주검사(L2100-04-필가10)",공정명,"공정명",J6,text
L2100-04,L-2100,"다단확관 스폿용접 자주검사(L2100-04-필가10)",공정명,"공정명",N5,text
L2100-04,L-2100,"다단확관 스폿용접 자주검사(L2100-04-필가10)",품명,"품 명",V5,text
L2100-04,L-2100,"다단확관 스폿용접 자주검사(L2100-04-필가10)",관리감독자확인,"관리감독자 확인",N36,text
L2100-04,L-2100,"다단확관 스폿용접 자주검사(L2100-04-필가10)",일자,"일 자",A38,text
L2100-04,L-2100,"다단확관 스폿용접 자주검사(L2100-04-필가10)",특기사항,"특 기 사 항",F38,text
L2100-04,L-2100,"다단확관 스폿용접 자주검사(L2100-04-필가10)",일자,"일 자",W38,text
L2100-04,L-2100,"다단확관 스폿용접 자주검사(L2100-04-필가10)",특기사항,"특 기 사 항",AB38,text
L2100-04,L-2100,"확관1호기 검사 마스터 체크(L2100-04-필가11)",라인명,"★ 라인명 :",E4,text
L2100-04,L-2100,"확관1호기 검사 마스터 체크(L2100-04-필가11)",년,"년",S4,text
L2100-04,L-2100,"확관1호기 검사 마스터 체크(L2100-04-필가11)",공정명,"공정명",J6,text
L2100-04,L-2100,"확관1호기 검사 마스터 체크(L2100-04-필가11)",관리감독자확인,"관리감독자 확인",N15,text
L2100-04,L-2100,"확관1호기 검사 마스터 체크(L2100-04-필가11)",일자,"일 자",A17,text
L2100-04,L-2100,"확관1호기 검사 마스터 체크(L2100-04-필가11)",특기사항,"특 기 사 항",F17,text
L2100-04,L-2100,"확관1호기 검사 마스터 체크(L2100-04-필가11)",일자,"일 자",W17,text
L2100-04,L-2100,"확관1호기 검사 마스터 체크(L2100-04-필가11)",특기사항,"특 기 사 항",AB17,text
L2100-04,L-2100,"자동화 확관 검사 마스터 체크(L2100-04-필가11)",년,"년",S4,text
L2100-04,L-2100,"자동화 확관 검사 마스터 체크(L2100-04-필가11)",공정명,"공정명",J6,text
L2100-04,L-2100,"자동화 확관 검사 마스터 체크(L2100-04-필가11)",관리감독자확인,"관리감독자 확인",N11,text
L2100-04,L-2100,"자동화 확관 검사 마스터 체크(L2100-04-필가11)",일자,"일 자",A13,text
L2100-04,L-2100,"자동화 확관 검사 마스터 체크(L2100-04-필가11)",특기사항,"특 기 사 항",F13,text
L2100-04,L-2100,"자동화 확관 검사 마스터 체크(L2100-04-필가11)",일자,"일 자",W13,text
L2100-04,L-2100,"자동화 확관 검사 마스터 체크(L2100-04-필가11)",특기사항,"특 기 사 항",AB13,text
L2100-04,L-2100,"M2XX 리크 마스터체크(L2100-04-필가11)",3회,"3회",U5,text
L2100-04,L-2100,"M2XX 리크 마스터체크(L2100-04-필가11)",비고,"비고",X5,text
L2100-04,L-2100,"M2XX 리크 마스터체크(L2100-04-필가11)",SEC,"SEC",O8,text
L2100-04,L-2100,"M2XX 리크 마스터체크(L2100-04-필가11)",kpa,"kpa",O5,text
L2100-04,L-2100,"M2XX 리크 마스터체크(L2100-04-필가11)",2회,"2회",R5,text
L2100-04,L-2100,"M2XX 리크 마스터체크(L2100-04-필가11)",순,"순",A5,text
L2100-04,L-2100,"M2XX 리크 마스터체크(L2100-04-필가11)",차종,"차종",C5,text
L2100-04,L-2100,"M2XX 리크 마스터체크(L2100-04-필가11)",OX,"O, X",O11,text
L2100-04,L-2100,"M2XX 리크 마스터체크(L2100-04-필가11)",순,"순",A17,text
L2100-04,L-2100,"M2XX 리크 마스터체크(L2100-04-필가11)",차종,"차종",C17,text
L2100-04,L-2100,"M2XX 리크 마스터체크(L2100-04-필가11)",kpa,"kpa",O17,text
L2100-04,L-2100,"M2XX 리크 마스터체크(L2100-04-필가11)",2회,"2회",R17,text
L2100-04,L-2100,"M2XX 리크 마스터체크(L2100-04-필가11)",3회,"3회",U17,text
L2100-04,L-2100,"M2XX 리크 마스터체크(L2100-04-필가11)",비고,"비고",X17,text
L2100-04,L-2100,"M2XX 리크 마스터체크(L2100-04-필가11)",SEC,"SEC",O20,text
L2100-04,L-2100,"M2XX 리크 마스터체크(L2100-04-필가11)",OX,"O, X",O23,text
L2100-04,L-2100,"M2XX 리크 마스터체크(L2100-04-필가11)",2회,"2회",R29,text
L2100-04,L-2100,"M2XX 리크 마스터체크(L2100-04-필가11)",OX,"O, X",O35,text
L2100-04,L-2100,"M2XX 리크 마스터체크(L2100-04-필가11)",3회,"3회",U29,text
L2100-04,L-2100,"M2XX 리크 마스터체크(L2100-04-필가11)",비고,"비고",X29,text
L2100-04,L-2100,"M2XX 리크 마스터체크(L2100-04-필가11)",SEC,"SEC",O32,text
L2100-04,L-2100,"M2XX 리크 마스터체크(L2100-04-필가11)",순,"순",A29,text
L2100-04,L-2100,"M2XX 리크 마스터체크(L2100-04-필가11)",차종,"차종",C29,text
L2100-04,L-2100,"M2XX 리크 마스터체크(L2100-04-필가11)",kpa,"kpa",O29,text
L2100-04,L-2100,"자동화 다단확관 초품(L2100-04-필가12)",차종,"차종",B2,text
L2100-04,L-2100,"자동화 다단확관 초품(L2100-04-필가12)",품질등급,"품질 등급",D2,text
L2100-04,L-2100,"자동화 다단확관 초품(L2100-04-필가12)",공정명,"공정명",B5,text
L2100-04,L-2100,"자동화 다단확관 초품(L2100-04-필가12)",품명,"품 명",D5,text
L2100-04,L-2100,"자동화 다단확관 초품(L2100-04-필가12)",,"/",M6,text
L2100-04,L-2100,"자동화 다단확관 초품(L2100-04-필가12)",파이프터짐,"파이프 터짐",G21,text
L2100-04,L-2100,"자동화 다단확관 초품(L2100-04-필가12)",터짐없을것,"터짐 없을 것",I21,text
L2100-04,L-2100,"자동화 다단확관 초품(L2100-04-필가12)",조반장,"조 / 반장",M22,text
L2100-04,L-2100,"자동화 다단확관 초품(L2100-04-필가12)",생산관리자,"생산 관리자",M23,text
L2100-04,L-2100,"자동화 확관 전조 초품(L2100-04-필가12)",차종,"차종",B2,text
L2100-04,L-2100,"자동화 확관 전조 초품(L2100-04-필가12)",품질등급,"품질 등급",D2,text
L2100-04,L-2100,"자동화 확관 전조 초품(L2100-04-필가12)",공정명,"공정명",B5,text
L2100-04,L-2100,"자동화 확관 전조 초품(L2100-04-필가12)",품명,"품 명",D5,text
L2100-04,L-2100,"자동화 확관 전조 초품(L2100-04-필가12)",,"/",M6,text
L2100-04,L-2100,"자동화 확관 전조 초품(L2100-04-필가12)",록플레이트압입깊이,"록 플레이트 압입깊이",G17,text
L2100-04,L-2100,"자동화 확관 전조 초품(L2100-04-필가12)",52505,"Ø52.5 ± 0.5",I17,text
L2100-04,L-2100,"자동화 확관 전조 초품(L2100-04-필가12)",조반장,"조 / 반장",M21,text
L2100-04,L-2100,"자동화 확관 전조 초품(L2100-04-필가12)",생산관리자,"생산 관리자",M22,text
L2100-04,L-2100,"자동화 확관 벤딩 초품(L2100-04-필가12)",차종,"차종",B2,text
L2100-04,L-2100,"자동화 확관 벤딩 초품(L2100-04-필가12)",품질등급,"품질 등급",D2,text
L2100-04,L-2100,"자동화 확관 벤딩 초품(L2100-04-필가12)",부번,"부번",B5,text
L2100-04,L-2100,"자동화 확관 벤딩 초품(L2100-04-필가12)",품명,"품 명",D5,text
L2100-04,L-2100,"자동화 확관 벤딩 초품(L2100-04-필가12)",,"/",L6,text
L2100-04,L-2100,"자동화 확관 벤딩 초품(L2100-04-필가12)",관리치,"관리치",H8,text
L2100-04,L-2100,"자동화 확관 벤딩 초품(L2100-04-필가12)",생산관리자,"생산 관리자",L23,text
L2100-04,L-2100,"자동화 확관 벤딩 초품(L2100-04-필가12)",부번,"부번",A8,text
L2100-04,L-2100,"자동화 확관 벤딩 초품(L2100-04-필가12)",검사특성,"검 사 특 성",F8,text
L2100-04,L-2100,"자동화 확관 벤딩 초품(L2100-04-필가12)",조반장,"조 / 반장",L22,text
L2100-04,L-2100,"자동화 확관 아크용접(L2100-04-필가13)",차종,"차종",B2,text
L2100-04,L-2100,"자동화 확관 아크용접(L2100-04-필가13)",품질등급,"품질 등급",D2,text
L2100-04,L-2100,"자동화 확관 아크용접(L2100-04-필가13)",품번,"품번",B5,text
L2100-04,L-2100,"자동화 확관 아크용접(L2100-04-필가13)",품명,"품 명",D5,text
L2100-04,L-2100,"자동화 확관 아크용접(L2100-04-필가13)",,"/",L6,text
L2100-04,L-2100,"자동화 확관 아크용접(L2100-04-필가13)",검사특성,"검 사 특 성",F8,text
L2100-04,L-2100,"자동화 확관 아크용접(L2100-04-필가13)",관리치,"관 리 치",H8,text
L2100-04,L-2100,"자동화 확관 아크용접(L2100-04-필가13)",공정책임자,"공정책임자",L19,text
L2100-04,L-2100,"자동화 확관 아크용접 기준핀(L2100-04-필가14)",공정명,"공 정 명",W4,text
L2100-04,L-2100,"자동화 확관 아크용접 기준핀(L2100-04-필가14)",기준핀외경,"기준핀 외경",K17,text
L2100-04,L-2100,"자동화 확관 아크용접 기준핀(L2100-04-필가14)",지그LAYOUT도,"지그 LAY-OUT도",C8,text
L2100-04,L-2100,"자동화 확관 아크용접 기준핀(L2100-04-필가14)",점검항목상세도,"점검항목 상세도",Q8,text
L2100-04,L-2100,"자동화 확관 아크용접 기준핀(L2100-04-필가14)",X축핀간거리,"X축 핀간 거리",K18,text
L2100-04,L-2100,"자동화 확관 아크용접 기준핀(L2100-04-필가14)",핀외경,"핀 외경",G26,text
L2100-04,L-2100,"자동화 확관 아크용접 기준핀(L2100-04-필가14)",2일,"2일",I26,date
L2100-04,L-2100,"자동화 확관 아크용접 기준핀(L2100-04-필가14)",3일,"3일",K26,date
L2100-04,L-2100,"자동화 확관 아크용접 기준핀(L2100-04-필가14)",4일,"4일",M26,date
L2100-04,L-2100,"자동화 확관 아크용접 기준핀(L2100-04-필가14)",5일,"5일",O26,date
L2100-04,L-2100,"자동화 확관 아크용접 기준핀(L2100-04-필가14)",Y축핀간거리,"Y축 핀간 거리",K19,text
L2100-04,L-2100,"자동화 확관 아크용접 기준핀(L2100-04-필가14)",12일,"12일",AC26,date
L2100-04,L-2100,"자동화 확관 아크용접 기준핀(L2100-04-필가14)",13일,"13일",AE26,date
L2100-04,L-2100,"자동화 확관 아크용접 기준핀(L2100-04-필가14)",14일,"14일",AG26,date
L2100-04,L-2100,"자동화 확관 아크용접 기준핀(L2100-04-필가14)",15일,"15일",AI26,date
L2100-04,L-2100,"자동화 확관 아크용접 기준핀(L2100-04-필가14)",X축거리,"X축 거리",G27,text
L2100-04,L-2100,"자동화 확관 아크용접 기준핀(L2100-04-필가14)",6일,"6일",Q26,date
L2100-04,L-2100,"자동화 확관 아크용접 기준핀(L2100-04-필가14)",7일,"7일",S26,date
L2100-04,L-2100,"자동화 확관 아크용접 기준핀(L2100-04-필가14)",8일,"8일",U26,date
L2100-04,L-2100,"자동화 확관 아크용접 기준핀(L2100-04-필가14)",9일,"9일",W26,date
L2100-04,L-2100,"자동화 확관 아크용접 기준핀(L2100-04-필가14)",10일,"10일",Y26,date
L2100-04,L-2100,"자동화 확관 아크용접 기준핀(L2100-04-필가14)",11일,"11일",AA26,date
L2100-04,L-2100,"자동화 확관 아크용접 기준핀(L2100-04-필가14)",Y축거리,"Y축 거리",G28,text
L2100-04,L-2100,"자동화 확관 아크용접 기준핀(L2100-04-필가14)",핀외경,"핀 외경",G30,text
L2100-04,L-2100,"자동화 확관 아크용접 기준핀(L2100-04-필가14)",17일,"17일",I30,date
L2100-04,L-2100,"자동화 확관 아크용접 기준핀(L2100-04-필가14)",18일,"18일",K30,date
L2100-04,L-2100,"자동화 확관 아크용접 기준핀(L2100-04-필가14)",25일,"25일",Y30,date
L2100-04,L-2100,"자동화 확관 아크용접 기준핀(L2100-04-필가14)",26일,"26일",AA30,date
L2100-04,L-2100,"자동화 확관 아크용접 기준핀(L2100-04-필가14)",27일,"27일",AC30,date
L2100-04,L-2100,"자동화 확관 아크용접 기준핀(L2100-04-필가14)",28일,"28일",AE30,date
L2100-04,L-2100,"자동화 확관 아크용접 기준핀(L2100-04-필가14)",29일,"29일",AG30,date
L2100-04,L-2100,"자동화 확관 아크용접 기준핀(L2100-04-필가14)",30일,"30일",AI30,date
L2100-04,L-2100,"자동화 확관 아크용접 기준핀(L2100-04-필가14)",19일,"19일",M30,date
L2100-04,L-2100,"자동화 확관 아크용접 기준핀(L2100-04-필가14)",20일,"20일",O30,date
L2100-04,L-2100,"자동화 확관 아크용접 기준핀(L2100-04-필가14)",21일,"21일",Q30,date
L2100-04,L-2100,"자동화 확관 아크용접 기준핀(L2100-04-필가14)",22일,"22일",S30,date
L2100-04,L-2100,"자동화 확관 아크용접 기준핀(L2100-04-필가14)",23일,"23일",U30,date
L2100-04,L-2100,"자동화 확관 아크용접 기준핀(L2100-04-필가14)",24일,"24일",W30,date
L2100-04,L-2100,"자동화 확관 아크용접 기준핀(L2100-04-필가14)",Y축거리,"Y축 거리",G32,text
L2100-04,L-2100,"자동화 확관 아크용접 기준핀(L2100-04-필가14)",X축거리,"X축 거리",G31,text
L2100-04,L-2100,"자동화 확관 아크용접 기준핀(L2100-04-필가14)",핀외경,"핀 외경",G36,text
L2100-04,L-2100,"자동화 확관 아크용접 기준핀(L2100-04-필가14)",2일,"2일",I36,date
L2100-04,L-2100,"자동화 확관 아크용접 기준핀(L2100-04-필가14)",3일,"3일",K36,date
L2100-04,L-2100,"자동화 확관 아크용접 기준핀(L2100-04-필가14)",10일,"10일",Y36,date
L2100-04,L-2100,"자동화 확관 아크용접 기준핀(L2100-04-필가14)",11일,"11일",AA36,date
L2100-04,L-2100,"자동화 확관 아크용접 기준핀(L2100-04-필가14)",12일,"12일",AC36,date
L2100-04,L-2100,"자동화 확관 아크용접 기준핀(L2100-04-필가14)",13일,"13일",AE36,date
L2100-04,L-2100,"자동화 확관 아크용접 기준핀(L2100-04-필가14)",14일,"14일",AG36,date
L2100-04,L-2100,"자동화 확관 아크용접 기준핀(L2100-04-필가14)",15일,"15일",AI36,date
L2100-04,L-2100,"자동화 확관 아크용접 기준핀(L2100-04-필가14)",4일,"4일",M36,date
L2100-04,L-2100,"자동화 확관 아크용접 기준핀(L2100-04-필가14)",5일,"5일",O36,date
L2100-04,L-2100,"자동화 확관 아크용접 기준핀(L2100-04-필가14)",6일,"6일",Q36,date
L2100-04,L-2100,"자동화 확관 아크용접 기준핀(L2100-04-필가14)",7일,"7일",S36,date
L2100-04,L-2100,"자동화 확관 아크용접 기준핀(L2100-04-필가14)",8일,"8일",U36,date
L2100-04,L-2100,"자동화 확관 아크용접 기준핀(L2100-04-필가14)",9일,"9일",W36,date
L2100-04,L-2100,"자동화 확관 아크용접 기준핀(L2100-04-필가14)",Y축거리,"Y축 거리",G38,text
L2100-04,L-2100,"자동화 확관 아크용접 기준핀(L2100-04-필가14)",X축거리,"X축 거리",G37,text
L2100-04,L-2100,"자동화 확관 아크용접 기준핀(L2100-04-필가14)",핀외경,"핀 외경",G40,text
L2100-04,L-2100,"자동화 확관 아크용접 기준핀(L2100-04-필가14)",17일,"17일",I40,date
L2100-04,L-2100,"자동화 확관 아크용접 기준핀(L2100-04-필가14)",18일,"18일",K40,date
L2100-04,L-2100,"자동화 확관 아크용접 기준핀(L2100-04-필가14)",25일,"25일",Y40,date
L2100-04,L-2100,"자동화 확관 아크용접 기준핀(L2100-04-필가14)",26일,"26일",AA40,date
L2100-04,L-2100,"자동화 확관 아크용접 기준핀(L2100-04-필가14)",27일,"27일",AC40,date
L2100-04,L-2100,"자동화 확관 아크용접 기준핀(L2100-04-필가14)",28일,"28일",AE40,date
L2100-04,L-2100,"자동화 확관 아크용접 기준핀(L2100-04-필가14)",29일,"29일",AG40,date
L2100-04,L-2100,"자동화 확관 아크용접 기준핀(L2100-04-필가14)",30일,"30일",AI40,date
L2100-04,L-2100,"자동화 확관 아크용접 기준핀(L2100-04-필가14)",19일,"19일",M40,date
L2100-04,L-2100,"자동화 확관 아크용접 기준핀(L2100-04-필가14)",20일,"20일",O40,date
L2100-04,L-2100,"자동화 확관 아크용접 기준핀(L2100-04-필가14)",21일,"21일",Q40,date
L2100-04,L-2100,"자동화 확관 아크용접 기준핀(L2100-04-필가14)",22일,"22일",S40,date
L2100-04,L-2100,"자동화 확관 아크용접 기준핀(L2100-04-필가14)",23일,"23일",U40,date
L2100-04,L-2100,"자동화 확관 아크용접 기준핀(L2100-04-필가14)",24일,"24일",W40,date
L2100-04,L-2100,"자동화 확관 아크용접 기준핀(L2100-04-필가14)",Y축거리,"Y축 거리",G42,text
L2100-04,L-2100,"자동화 확관 아크용접 기준핀(L2100-04-필가14)",X축거리,"X축 거리",G41,text
L2100-04,L-2100,"아크용접 풀프로프(L2100-04-필가15)",전압,"전 압",F14,text
L2100-04,L-2100,"아크용접 풀프로프(L2100-04-필가15)",전류,"전 류",F15,text
L2100-04,L-2100,"아크용접 풀프로프(L2100-04-필가15)",공정명,"공 정 명",W4,text
L2100-04,L-2100,"아크용접 풀프로프(L2100-04-필가15)",유량,"유 량",F16,text
L2100-04,L-2100,"아크용접 풀프로프(L2100-04-필가15)",용접속도,"용접속도",F17,text
L2100-04,L-2100,"아크용접 풀프로프(L2100-04-필가15)",용접타점,"용접타점",F18,text
L2100-04,L-2100,"아크용접 풀프로프(L2100-04-필가15)",Tip교환주기,"Tip교환주기",F19,text
L2100-04,L-2100,"아크용접 풀프로프(L2100-04-필가15)",원점드레싱주기,"원점,드레싱주기",F20,text
L2100-04,L-2100,"아크용접 풀프로프(L2100-04-필가15)",전압,"전압",G26,text
L2100-04,L-2100,"아크용접 풀프로프(L2100-04-필가15)",2일,"2일",I26,date
L2100-04,L-2100,"아크용접 풀프로프(L2100-04-필가15)",3일,"3일",K26,date
L2100-04,L-2100,"아크용접 풀프로프(L2100-04-필가15)",10일,"10일",Y26,date
L2100-04,L-2100,"아크용접 풀프로프(L2100-04-필가15)",11일,"11일",AA26,date
L2100-04,L-2100,"아크용접 풀프로프(L2100-04-필가15)",12일,"12일",AC26,date
L2100-04,L-2100,"아크용접 풀프로프(L2100-04-필가15)",13일,"13일",AE26,date
L2100-04,L-2100,"아크용접 풀프로프(L2100-04-필가15)",14일,"14일",AG26,date
L2100-04,L-2100,"아크용접 풀프로프(L2100-04-필가15)",15일,"15일",AI26,date
L2100-04,L-2100,"아크용접 풀프로프(L2100-04-필가15)",4일,"4일",M26,date
L2100-04,L-2100,"아크용접 풀프로프(L2100-04-필가15)",5일,"5일",O26,date
L2100-04,L-2100,"아크용접 풀프로프(L2100-04-필가15)",6일,"6일",Q26,date
L2100-04,L-2100,"아크용접 풀프로프(L2100-04-필가15)",7일,"7일",S26,date
L2100-04,L-2100,"아크용접 풀프로프(L2100-04-필가15)",8일,"8일",U26,date
L2100-04,L-2100,"아크용접 풀프로프(L2100-04-필가15)",9일,"9일",W26,date
L2100-04,L-2100,"아크용접 풀프로프(L2100-04-필가15)",유량,"유량",G28,text
L2100-04,L-2100,"아크용접 풀프로프(L2100-04-필가15)",전류,"전류",G27,text
L2100-04,L-2100,"아크용접 풀프로프(L2100-04-필가15)",타점,"타점",G30,text
L2100-04,L-2100,"아크용접 풀프로프(L2100-04-필가15)",속도,"속도",G29,text
L2100-04,L-2100,"아크용접 풀프로프(L2100-04-필가15)",원점드레싱,"원점,드레싱",G32,text
L2100-04,L-2100,"아크용접 풀프로프(L2100-04-필가15)",Tip,"Tip",G31,text
L2100-04,L-2100,"아크용접 풀프로프(L2100-04-필가15)",전압,"전압",G35,text
L2100-04,L-2100,"아크용접 풀프로프(L2100-04-필가15)",17일,"17일",I35,date
L2100-04,L-2100,"아크용접 풀프로프(L2100-04-필가15)",18일,"18일",K35,date
L2100-04,L-2100,"아크용접 풀프로프(L2100-04-필가15)",25일,"25일",Y35,date
L2100-04,L-2100,"아크용접 풀프로프(L2100-04-필가15)",26일,"26일",AA35,date
L2100-04,L-2100,"아크용접 풀프로프(L2100-04-필가15)",27일,"27일",AC35,date
L2100-04,L-2100,"아크용접 풀프로프(L2100-04-필가15)",28일,"28일",AE35,date
L2100-04,L-2100,"아크용접 풀프로프(L2100-04-필가15)",29일,"29일",AG35,date
L2100-04,L-2100,"아크용접 풀프로프(L2100-04-필가15)",30일,"30일",AI35,date
L2100-04,L-2100,"아크용접 풀프로프(L2100-04-필가15)",19일,"19일",M35,date
L2100-04,L-2100,"아크용접 풀프로프(L2100-04-필가15)",20일,"20일",O35,date
L2100-04,L-2100,"아크용접 풀프로프(L2100-04-필가15)",21일,"21일",Q35,date
L2100-04,L-2100,"아크용접 풀프로프(L2100-04-필가15)",22일,"22일",S35,date
L2100-04,L-2100,"아크용접 풀프로프(L2100-04-필가15)",23일,"23일",U35,date
L2100-04,L-2100,"아크용접 풀프로프(L2100-04-필가15)",24일,"24일",W35,date
L2100-04,L-2100,"아크용접 풀프로프(L2100-04-필가15)",유량,"유량",G37,text
L2100-04,L-2100,"아크용접 풀프로프(L2100-04-필가15)",전류,"전류",G36,text
L2100-04,L-2100,"아크용접 풀프로프(L2100-04-필가15)",타점,"타점",G39,text
L2100-04,L-2100,"아크용접 풀프로프(L2100-04-필가15)",속도,"속도",G38,text
L2100-04,L-2100,"아크용접 풀프로프(L2100-04-필가15)",원점드레싱,"원점,드레싱",G41,text
L2100-04,L-2100,"아크용접 풀프로프(L2100-04-필가15)",Tip,"Tip",G40,text
L2100-04,L-2100,"아크용접 풀프로프(L2100-04-필가15)",특이사항,"특이사항",B44,textarea
L2100-05,L-2100,"순회검사일지체크(L2100-05-필가)",작성,"작 성",V2,text
L2100-05,L-2100,"순회검사일지체크(L2100-05-필가)",검토,"검 토",Y2,text
L2100-05,L-2100,"순회검사일지체크(L2100-05-필가)",승인,"승 인",AB2,text
L2100-05,L-2100,"순회검사일지체크(L2100-05-필가)",1220CY,"12~20CY",U7,text
L2100-05,L-2100,"순회검사일지체크(L2100-05-필가)",030,"0~30℃",U8,text
L2100-05,L-2100,"순회검사일지체크(L2100-05-필가)",355f,"3~5.5㎏f/㎠",U5,text
L2100-05,L-2100,"순회검사일지체크(L2100-05-필가)",단품품번,"단품품번",AA5,text
L2100-05,L-2100,"순회검사일지체크(L2100-05-필가)",510KA,"5~10KA",U6,text
L2100-05,L-2100,"순회검사일지체크(L2100-05-필가)",500개단위교환확인,"500개 단위 교환 확인",U9,text
L2100-05,L-2100,"순회검사일지체크(L2100-05-필가)",34f,"3~4㎏f/㎠",U10,text
L2100-05,L-2100,"순회검사일지체크(L2100-05-필가)",500개단위교환확인,"500개 단위 교환 확인",U14,text
L2100-05,L-2100,"순회검사일지체크(L2100-05-필가)",355f,"3~5.5㎏f/㎠",U15,text
L2100-05,L-2100,"순회검사일지체크(L2100-05-필가)",712KA,"7~12KA",U16,text
L2100-05,L-2100,"순회검사일지체크(L2100-05-필가)",610KA,"6~10KA",U11,text
L2100-05,L-2100,"순회검사일지체크(L2100-05-필가)",1218CY,"12~18CY",U12,text
L2100-05,L-2100,"순회검사일지체크(L2100-05-필가)",030,"0~30℃",U13,text
L2100-05,L-2100,"순회검사일지체크(L2100-05-필가)",510KA,"5~10KA",U21,text
L2100-05,L-2100,"순회검사일지체크(L2100-05-필가)",1220CY,"12~20CY",U17,text
L2100-05,L-2100,"순회검사일지체크(L2100-05-필가)",030,"0~30℃",U18,text
L2100-05,L-2100,"순회검사일지체크(L2100-05-필가)",500개단위교환확인,"500개 단위 교환 확인",U19,text
L2100-05,L-2100,"순회검사일지체크(L2100-05-필가)",1220CY,"12~20CY",U22,text
L2100-05,L-2100,"순회검사일지체크(L2100-05-필가)",030,"0~30℃",U23,text
L2100-05,L-2100,"순회검사일지체크(L2100-05-필가)",500개단위교환확인,"500개 단위 교환 확인",U24,text
L2100-05,L-2100,"순회검사일지체크(L2100-05-필가)",355f,"3~5.5㎏f/㎠",U20,text
L2100-05,L-2100,"순회검사일지체크(L2100-05-필가)",36f,"3~6㎏f/㎠",U25,text
L2100-05,L-2100,"순회검사일지체크(L2100-05-필가)",79KA,"7~9KA",U26,text
L2100-05,L-2100,"순회검사일지체크(L2100-05-필가)",1218CY,"12~18CY",U27,text
L2100-05,L-2100,"순회검사일지체크(L2100-05-필가)",030,"0~30℃",U28,text
L2100-05,L-2100,"순회검사일지체크(L2100-05-필가)",500개단위교환확인,"500개 단위 교환 확인",U29,text
L2100-05,L-2100,"순회검사일지체크(L2100-05-필가)",특이사항,"◈특이사항",A37,textarea
L2100-05,L-2100,"순회검사일지체크(L2100-05-필가)",1016CY,"10~16CY",U32,text
L2100-05,L-2100,"순회검사일지체크(L2100-05-필가)",035,"0~35℃",U33,text
L2100-05,L-2100,"순회검사일지체크(L2100-05-필가)",500개단위교환확인,"500개 단위 교환 확인",U34,text
L2100-05,L-2100,"순회검사일지체크(L2100-05-필가)",35f,"3~5㎏f/㎠",U30,text
L2100-05,L-2100,"순회검사일지체크(L2100-05-필가)",412KA,"4~12KA",U31,text
L2100-04,L-2100,"탈청공정(L2100-04-필표2)",작성,"작 성",AK2,text
L2100-04,L-2100,"탈청공정(L2100-04-필표2)",검토,"검 토",AN2,text
L2100-04,L-2100,"탈청공정(L2100-04-필표2)",승인,"승 인",AQ2,text
L2100-04,L-2100,"탈청공정(L2100-04-필표2)",통보를한다,"통보를 한다.",AA28,text
L2100-04,L-2100,"코팅 탈루 공정(L2100-04-필표3)",작성,"작 성",V2,text
L2100-04,L-2100,"코팅 탈루 공정(L2100-04-필표3)",검토,"검 토",Y2,text
L2100-04,L-2100,"코팅 탈루 공정(L2100-04-필표3)",승인,"승 인",AB2,text
L2100-04,L-2100,"코팅 탈루 공정(L2100-04-필표3)",문제점및조치사항,"문제점 및 조치사항",G31,textarea
L2100-04,L-2100,"예비 본 건조공정(L2100-04-필표4)",작성,"작 성",AK2,text
L2100-04,L-2100,"예비 본 건조공정(L2100-04-필표4)",검토,"검 토",AN2,text
L2100-04,L-2100,"예비 본 건조공정(L2100-04-필표4)",승인,"승 인",AQ2,text
L2100-04,L-2100,"예비 본 건조공정(L2100-04-필표4)",통보를한다,"통보를 한다.",AA29,text
L2100-04,L-2100,"예비 본 건조공정(L2100-04-필표4)",문제점및조치사항,"문제점 및 조치사항",G23,textarea
L2100-04,L-2100,"정전SPRAY공정(L2100-04-필표5)",작성,"작 성",AK2,text
L2100-04,L-2100,"정전SPRAY공정(L2100-04-필표5)",검토,"검 토",AN2,text
L2100-04,L-2100,"정전SPRAY공정(L2100-04-필표5)",승인,"승 인",AQ2,text
L2100-04,L-2100,"정전SPRAY공정(L2100-04-필표5)",문제점및조치사항,"문제점 및 조치사항",G18,textarea
L2100-04,L-2100,"정전SPRAY공정(L2100-04-필표5)",통보를한다,"통보를 한다.",AA26,text
L2100-04,L-2100,"디핑공정 숏트볼 제거(L2100-04-필표6)",문제점및조치사항,"문제점 및 조치사항",J19,textarea
L2100-04,L-2100,"디핑공정 숏트볼 제거(L2100-04-필표6)",공정번호,"공정 번호",A14,text
L2100-04,L-2100,"디핑공정 숏트볼 제거(L2100-04-필표6)",공정번호,"공정 번호",A7,text
L2100-04,L-2100,"디핑공정 숏트볼 제거(L2100-04-필표6)",작성,"작 성",X2,text
L2100-04,L-2100,"디핑공정 숏트볼 제거(L2100-04-필표6)",검토,"검 토",AA2,text
L2100-04,L-2100,"디핑공정 숏트볼 제거(L2100-04-필표6)",승인,"승 인",AD2,text
L2100-04,L-2100,"배합 교반일지(L2100-04-필표8)",공정책임자,"공 정 책 임 자",AC34,text
L2100-04,L-2100,"배합 교반일지(L2100-04-필표8)",특기사항,"※ 특 기 사 항",A28,text
L2100-04,L-2100,"배합 교반일지(L2100-04-필표8)",3,"3",C23,text
L2100-04,L-2100,"배합 교반일지(L2100-04-필표8)",투입시간,"투입 시간",O21,text
L2100-04,L-2100,"배합 교반일지(L2100-04-필표8)",투입량kg,"투입량 ( kg )",R21,text
L2100-04,L-2100,"배합 교반일지(L2100-04-필표8)",LOTNO,"LOT NO.",U21,text
L2100-04,L-2100,"배합 교반일지(L2100-04-필표8)",점도초,"점도 ( 초 )",W21,text
L2100-04,L-2100,"배합 교반일지(L2100-04-필표8)",비중kg,"비중 (kg/㎥)",Y21,text
L2100-04,L-2100,"배합 교반일지(L2100-04-필표8)",2,"2",C22,text
L2100-04,L-2100,"배합 교반일지(L2100-04-필표8)",1,"1",C21,text
L2100-04,L-2100,"배합 교반일지(L2100-04-필표8)",투입량kg,"투입량 ( kg )",F21,text
L2100-04,L-2100,"배합 교반일지(L2100-04-필표8)",LOTNO,"LOT NO.",I21,text
L2100-04,L-2100,"배합 교반일지(L2100-04-필표8)",점도초,"점도 ( 초 )",K21,text
L2100-04,L-2100,"배합 교반일지(L2100-04-필표8)",비중kg,"비중 (kg/㎥)",M21,text
L2100-04,L-2100,"배합 교반일지(L2100-04-필표8)",2,"2",C11,text
L2100-04,L-2100,"배합 교반일지(L2100-04-필표8)",3,"3",C12,text
L2100-04,L-2100,"배합 교반일지(L2100-04-필표8)",LOTNO,"LOT NO.",S10,text
L2100-04,L-2100,"배합 교반일지(L2100-04-필표8)",점도초,"점도 ( 초 )",U10,text
L2100-04,L-2100,"배합 교반일지(L2100-04-필표8)",비중kg,"비중 (kg/㎥)",W10,text
L2100-04,L-2100,"배합 교반일지(L2100-04-필표8)",PH,"PH",Y10,text
L2100-04,L-2100,"배합 교반일지(L2100-04-필표8)",1,"1",C10,text
L2100-04,L-2100,"배합 교반일지(L2100-04-필표8)",투입량kg,"투입량 ( kg )",E10,text
L2100-04,L-2100,"배합 교반일지(L2100-04-필표8)",LOTNO,"LOT NO.",G10,text
L2100-04,L-2100,"배합 교반일지(L2100-04-필표8)",점도초,"점도 ( 초 )",I10,text
L2100-04,L-2100,"배합 교반일지(L2100-04-필표8)",비중kg,"비중 (kg/㎥)",K10,text
L2100-04,L-2100,"배합 교반일지(L2100-04-필표8)",PH,"PH",M10,text
L2100-04,L-2100,"배합 교반일지(L2100-04-필표8)",투입시간,"투입 시간",O10,text
L2100-04,L-2100,"배합 교반일지(L2100-04-필표8)",투입량kg,"투입량 ( kg )",Q10,text
L2100-04,L-2100,"교반실 온,습도 관리 시트(L2100-04-필표9)",223오후,"22±3℃(오후)",M11,text
L2100-04,L-2100,"교반실 온,습도 관리 시트(L2100-04-필표9)",,"○",AQ10,text
L2100-04,L-2100,"교반실 온,습도 관리 시트(L2100-04-필표9)",,"○",AT10,text
L2100-04,L-2100,"교반실 온,습도 관리 시트(L2100-04-필표9)",,"○",AW10,text
L2100-04,L-2100,"교반실 온,습도 관리 시트(L2100-04-필표9)",223오전,"22±3℃(오전)",M10,text
L2100-04,L-2100,"교반실 온,습도 관리 시트(L2100-04-필표9)",,"○",P10,text
L2100-04,L-2100,"교반실 온,습도 관리 시트(L2100-04-필표9)",,"○",S10,text
L2100-04,L-2100,"교반실 온,습도 관리 시트(L2100-04-필표9)",,"○",V10,text
L2100-04,L-2100,"교반실 온,습도 관리 시트(L2100-04-필표9)",,"○",AZ10,text
L2100-04,L-2100,"교반실 온,습도 관리 시트(L2100-04-필표9)",,"○",BC10,text
L2100-04,L-2100,"교반실 온,습도 관리 시트(L2100-04-필표9)",,"○",BF10,text
L2100-04,L-2100,"교반실 온,습도 관리 시트(L2100-04-필표9)",,"○",Y10,text
L2100-04,L-2100,"교반실 온,습도 관리 시트(L2100-04-필표9)",,"○",AB10,text
L2100-04,L-2100,"교반실 온,습도 관리 시트(L2100-04-필표9)",,"○",AE10,text
L2100-04,L-2100,"교반실 온,습도 관리 시트(L2100-04-필표9)",,"○",AH10,text
L2100-04,L-2100,"교반실 온,습도 관리 시트(L2100-04-필표9)",,"○",AK10,text
L2100-04,L-2100,"교반실 온,습도 관리 시트(L2100-04-필표9)",,"○",AN10,text
L2100-04,L-2100,"교반실 온,습도 관리 시트(L2100-04-필표9)",223오후,"22±3℃(오후)",M7,text
L2100-04,L-2100,"교반실 온,습도 관리 시트(L2100-04-필표9)",,"○",Y6,text
L2100-04,L-2100,"교반실 온,습도 관리 시트(L2100-04-필표9)",,"○",AB6,text
L2100-04,L-2100,"교반실 온,습도 관리 시트(L2100-04-필표9)",,"○",AE6,text
L2100-04,L-2100,"교반실 온,습도 관리 시트(L2100-04-필표9)",,"○",AH6,text
L2100-04,L-2100,"교반실 온,습도 관리 시트(L2100-04-필표9)",223오전,"22±3℃(오전)",M6,text
L2100-04,L-2100,"교반실 온,습도 관리 시트(L2100-04-필표9)",,"○",P6,text
L2100-04,L-2100,"교반실 온,습도 관리 시트(L2100-04-필표9)",,"○",S6,text
L2100-04,L-2100,"교반실 온,습도 관리 시트(L2100-04-필표9)",,"○",V6,text
L2100-04,L-2100,"교반실 온,습도 관리 시트(L2100-04-필표9)",,"○",AQ6,text
L2100-04,L-2100,"교반실 온,습도 관리 시트(L2100-04-필표9)",,"○",AT6,text
L2100-04,L-2100,"교반실 온,습도 관리 시트(L2100-04-필표9)",,"○",AW6,text
L2100-04,L-2100,"교반실 온,습도 관리 시트(L2100-04-필표9)",,"○",AZ6,text
L2100-04,L-2100,"교반실 온,습도 관리 시트(L2100-04-필표9)",,"○",BC6,text
L2100-04,L-2100,"교반실 온,습도 관리 시트(L2100-04-필표9)",,"○",AK6,text
L2100-04,L-2100,"교반실 온,습도 관리 시트(L2100-04-필표9)",,"○",AN6,text
L2100-04,L-2100,"교반실 온,습도 관리 시트(L2100-04-필표9)",작성,"작 성",AT2,text
L2100-04,L-2100,"교반실 온,습도 관리 시트(L2100-04-필표9)",검토,"검 토",AX2,text
L2100-04,L-2100,"교반실 온,습도 관리 시트(L2100-04-필표9)",승인,"승 인",BB2,text
L2100-04,L-2100,"교반실 온,습도 관리 시트(L2100-04-필표9)",온도,"온 도(℃)",A12,text
L2100-04,L-2100,"LEAK TEST(β라인)(L2100-04-필표10)",마스터샘플5회일점검,"마스터 샘플 (5회/일) 점검",R24,text
L2100-04,L-2100,"LEAK TEST(β라인)(L2100-04-필표10)",특기사항,"특 기 사 항",W24,text
L2100-04,L-2100,"LEAK TEST(β라인)(L2100-04-필표10)",20110201,"2011.02.01",A25,text
L2100-04,L-2100,"LEAK TEST(β라인)(L2100-04-필표10)",마스터샘플5회일점검,"마스터 샘플 (5회/일) 점검",D25,text
L2100-04,L-2100,"LEAK TEST(β라인)(L2100-04-필표10)",작업자확인,"작 업 자 확 인",G19,text
L2100-04,L-2100,"LEAK TEST(β라인)(L2100-04-필표10)",작업자,"작 업 자",BV14,text
L2100-04,L-2100,"사급자재 수입검사대장(L2100-04-필표11)",불량유형및조치결과,"불량 유형 및 조치 결과",I5,textarea
L2100-05,L-2100,"표면처리LINE 공정순회 일지(L2100-05-필표)",,"有 / 無",AA8,text
L2100-05,L-2100,"표면처리LINE 공정순회 일지(L2100-05-필표)",에어압력34kgf,"에어압력 3~4kgf/㎠",BD8,text
L2100-05,L-2100,"표면처리LINE 공정순회 일지(L2100-05-필표)",비고,"비 고",BL8,text
L2100-05,L-2100,"표면처리LINE 공정순회 일지(L2100-05-필표)",,"有 / 無",AA10,text
L2100-05,L-2100,"표면처리LINE 공정순회 일지(L2100-05-필표)",,"-",S15,text
L2100-05,L-2100,"표면처리LINE 공정순회 일지(L2100-05-필표)",센서2,"센서2",BD15,text
L2100-05,L-2100,"표면처리LINE 공정순회 일지(L2100-05-필표)",센서3,"센서3",BD16,text
L2100-05,L-2100,"표면처리LINE 공정순회 일지(L2100-05-필표)",,"-",AA14,text
L2100-05,L-2100,"표면처리LINE 공정순회 일지(L2100-05-필표)",센서4,"센서4",BD17,text
L2100-05,L-2100,"표면처리LINE 공정순회 일지(L2100-05-필표)",센서1,"센서1",BD14,text
L2100-05,L-2100,"표면처리LINE 공정순회 일지(L2100-05-필표)",센서6,"센서6",BD19,text
L2100-05,L-2100,"표면처리LINE 공정순회 일지(L2100-05-필표)",증기조온도402,"증기조 온도: 40±2℃",S20,text
L2100-05,L-2100,"표면처리LINE 공정순회 일지(L2100-05-필표)",센서7,"센서7",BD20,text
L2100-05,L-2100,"표면처리LINE 공정순회 일지(L2100-05-필표)",작업시간각조5분,"작업시간:각조 5분",S18,text
L2100-05,L-2100,"표면처리LINE 공정순회 일지(L2100-05-필표)",센서5,"센서5",BD18,text
L2100-05,L-2100,"표면처리LINE 공정순회 일지(L2100-05-필표)",온욕조온도3037이하,"온욕조 온도: 30~37℃이하",S19,text
L2100-05,L-2100,"표면처리LINE 공정순회 일지(L2100-05-필표)",OKNG,"OK / NG",AA21,text
L2100-05,L-2100,"표면처리LINE 공정순회 일지(L2100-05-필표)",센서8,"센서8",BD21,text
L2100-05,L-2100,"표면처리LINE 공정순회 일지(L2100-05-필표)",센서9,"센서9",BD22,text
L2100-05,L-2100,"표면처리LINE 공정순회 일지(L2100-05-필표)",센서10,"센서10",BD23,text
L2100-05,L-2100,"표면처리LINE 공정순회 일지(L2100-05-필표)",센서11,"센서11",BD24,text
L2100-05,L-2100,"표면처리LINE 공정순회 일지(L2100-05-필표)",WPIPE총1분작업,"W/PIPE 총 1분 작업",S25,text
L2100-05,L-2100,"표면처리LINE 공정순회 일지(L2100-05-필표)",센서12,"센서12",BD25,text
L2100-05,L-2100,"표면처리LINE 공정순회 일지(L2100-05-필표)",FNECK정역총34분작업,"F/NECK 정,역 총 3~4분 작업",S24,text
L2100-05,L-2100,"표면처리LINE 공정순회 일지(L2100-05-필표)",비고,"비 고",AA24,text
L2100-05,L-2100,"표면처리LINE 공정순회 일지(L2100-05-필표)",청정시간1분,"청정 시간 : 1분",S26,text
L2100-05,L-2100,"표면처리LINE 공정순회 일지(L2100-05-필표)",트롤리속도165mmin,"트롤리속도:1.65m/min",BD26,text
L2100-05,L-2100,"표면처리LINE 공정순회 일지(L2100-05-필표)",건조로출구,"건조로 출구",BL26,text
L2100-05,L-2100,"표면처리LINE 공정순회 일지(L2100-05-필표)",대기품수량,"대기품 수량",S27,text
L2100-05,L-2100,"표면처리LINE 공정순회 일지(L2100-05-필표)",센서2,"센서2",BD28,text
L2100-05,L-2100,"표면처리LINE 공정순회 일지(L2100-05-필표)",,"-",W29,text
L2100-05,L-2100,"표면처리LINE 공정순회 일지(L2100-05-필표)",센서1,"센서1",BD27,text
L2100-05,L-2100,"표면처리LINE 공정순회 일지(L2100-05-필표)",센서3,"센서3",BD29,text
L2100-05,L-2100,"표면처리LINE 공정순회 일지(L2100-05-필표)",,"-",S30,text
L2100-05,L-2100,"표면처리LINE 공정순회 일지(L2100-05-필표)",센서4,"센서4",BD30,text
L2100-05,L-2100,"표면처리LINE 공정순회 일지(L2100-05-필표)",,"有 / 無",AA31,text
L2100-05,L-2100,"표면처리LINE 공정순회 일지(L2100-05-필표)",센서5,"센서5",BD31,text
L2100-05,L-2100,"표면처리LINE 공정순회 일지(L2100-05-필표)",센서6,"센서6",BD32,text
L2100-05,L-2100,"표면처리LINE 공정순회 일지(L2100-05-필표)",센서7,"센서7",BD33,text
L2100-05,L-2100,"표면처리LINE 공정순회 일지(L2100-05-필표)",점도2530초,"점도 : 25~30초",S34,text
L2100-05,L-2100,"표면처리LINE 공정순회 일지(L2100-05-필표)",비고,"비 고",AA34,text
L2100-05,L-2100,"표면처리LINE 공정순회 일지(L2100-05-필표)",센서8,"센서8",BD34,text
L2100-05,L-2100,"표면처리LINE 공정순회 일지(L2100-05-필표)",OKNG,"OK / NG",AA37,text
L2100-05,L-2100,"표면처리LINE 공정순회 일지(L2100-05-필표)",센서11,"센서11",BD37,text
L2100-05,L-2100,"표면처리LINE 공정순회 일지(L2100-05-필표)",비중130010,"비중 : 1.30±0.10",S35,text
L2100-05,L-2100,"표면처리LINE 공정순회 일지(L2100-05-필표)",센서9,"센서9",BD35,text
L2100-05,L-2100,"표면처리LINE 공정순회 일지(L2100-05-필표)",온도2030,"온도 : 20~30℃",S36,text
L2100-05,L-2100,"표면처리LINE 공정순회 일지(L2100-05-필표)",센서10,"센서10",BD36,text
L2100-05,L-2100,"표면처리LINE 공정순회 일지(L2100-05-필표)",점도2530초,"점도 : 25~30초",S38,text
L2100-05,L-2100,"표면처리LINE 공정순회 일지(L2100-05-필표)",센서12,"센서12",BD38,text
L2100-05,L-2100,"표면처리LINE 공정순회 일지(L2100-05-필표)",비중130010,"비중 : 1.30±0.10",S39,text
L2100-05,L-2100,"표면처리LINE 공정순회 일지(L2100-05-필표)",트롤리속도165mmin,"트롤리속도:1.65m/min",BD39,text
L2100-05,L-2100,"표면처리LINE 공정순회 일지(L2100-05-필표)",건조로출구,"건조로 출구",BL39,text
L2100-05,L-2100,"표면처리LINE 공정순회 일지(L2100-05-필표)",온도2030,"온도 : 20~30℃",S40,text
L2100-05,L-2100,"표면처리LINE 공정순회 일지(L2100-05-필표)",센서1,"센서1",BD40,text
L2100-05,L-2100,"표면처리LINE 공정순회 일지(L2100-05-필표)",OKNG,"OK / NG",AA41,text
L2100-05,L-2100,"표면처리LINE 공정순회 일지(L2100-05-필표)",센서2,"센서2",BD41,text
L2100-05,L-2100,"표면처리LINE 공정순회 일지(L2100-05-필표)",센서3,"센서3",BD42,text
L2100-05,L-2100,"표면처리LINE 공정순회 일지(L2100-05-필표)",센서4,"센서4",BD43,text
L2100-05,L-2100,"표면처리LINE 공정순회 일지(L2100-05-필표)",건조로출구,"건조로 출구",BL44,text
L2100-05,L-2100,"표면처리LINE 공정순회 일지(L2100-05-필표)",비중104006,"비중 : 1.04±0.06",BD45,text
L2100-05,L-2100,"표면처리LINE 공정순회 일지(L2100-05-필표)",측정치수,"측정치수",S44,text
L2100-05,L-2100,"표면처리LINE 공정순회 일지(L2100-05-필표)",비고,"비 고",AA44,text
L2100-05,L-2100,"표면처리LINE 공정순회 일지(L2100-05-필표)",점도1220초,"점도 : 12~20초",BD44,text
L2100-05,L-2100,"표면처리LINE 공정순회 일지(L2100-05-필표)",바스켓대기수량,"바스켓 대기 수량",S46,text
L2100-05,L-2100,"표면처리LINE 공정순회 일지(L2100-05-필표)",탈루시간정1분역1분,"탈루시간:정1분/역1분",S45,text
L2100-05,L-2100,"표면처리LINE 공정순회 일지(L2100-05-필표)",바스켓대기수량,"바스켓 대기 수량",S49,text
L2100-05,L-2100,"표면처리LINE 공정순회 일지(L2100-05-필표)",바스켓대기수량,"바스켓 대기 수량",I50,text
L2100-05,L-2100,"표면처리LINE 공정순회 일지(L2100-05-필표)",특기사항,"※ 특기사항",AM47,textarea
L2100-05,L-2100,"표면처리LINE 공정순회 일지(L2100-05-필표)",탈루시간정1분역1분,"탈루시간:정1분/역1분",S48,text
L2100-05,L-2100,"표면처리LINE 공정순회 일지(L2100-05-필표)",특기사항,"※ 특기사항",AI48,textarea
L2200-01,L-2200,"년 신뢰성 시험 계획서(L2200-01)",품번,"품 번",B8,text
L2200-01,L-2200,"년 신뢰성 시험 계획서(L2200-01)",작성일자,"작성 일자",C5,date
L2200-01,L-2200,"년 신뢰성 시험 계획서(L2200-01)",작성자,"작 성 자",G5,text
L2200-01,L-2200,"년 신뢰성 시험 계획서(L2200-01)",작성,"작 성",P2,text
L2200-01,L-2200,"년 신뢰성 시험 계획서(L2200-01)",검토,"검 토",R2,text
L2300-01,L-2300,"한도견본 관리대장(L2300-01)",NO,"NO",A5,text
L2300-01,L-2300,"한도견본 관리대장(L2300-01)",일자,"일자",AL5,date
L2300-01,L-2300,"한도견본 관리대장(L2300-01)",일자,"일자",AS5,date
L2300-01,L-2300,"한도견본 관리대장(L2300-01)",승인,"승인",AL6,text
L2300-01,L-2300,"한도견본 관리대장(L2300-01)",승인,"승인",AS6,text
L2300-01,L-2300,"한도견본 관리대장(L2300-01)",일자,"일자",AE5,date
L2300-01,L-2300,"한도견본 관리대장(L2300-01)",승인,"승인",AE6,text
L2300-01,L-2300,"한도견본 관리대장(L2300-01)",폐기일자,"폐기일자",AE7,date
L2300-01,L-2300,"한도견본 관리대장(L2300-01)",폐기사유,"폐기사유",AL7,text
L2300-01,L-2300,"한도견본 관리대장(L2300-01)",교체주기,"교체주기",X5,text
L2300-01,L-2300,"한도견본 관리대장(L2300-01)",품질특성,"품질특성",P5,text
L2300-01,L-2300,"한도견본 관리대장(L2300-01)",품명및품번,"품명 및 품번",L5,text
L2300-01,L-2300,"한도견본 관리대장(L2300-01)",차종및모델,"차종 및 모델",H5,text
L2300-01,L-2300,"한도견본 관리대장(L2300-01)",관리번호,"관리번호",C5,text
L2300-01,L-2300,"한도견본 관리대장(L2300-01)",승인,"승인",AE9,text
L2300-01,L-2300,"한도견본 관리대장(L2300-01)",승인,"승인",AL9,text
L2300-01,L-2300,"한도견본 관리대장(L2300-01)",승인,"승인",AS9,text
L2300-01,L-2300,"한도견본 관리대장(L2300-01)",일자,"일자",AE8,date
L2300-01,L-2300,"한도견본 관리대장(L2300-01)",일자,"일자",AL8,date
L2300-01,L-2300,"한도견본 관리대장(L2300-01)",일자,"일자",AS8,date
L2300-01,L-2300,"한도견본 관리대장(L2300-01)",폐기일자,"폐기일자",AE10,date
L2300-01,L-2300,"한도견본 관리대장(L2300-01)",폐기사유,"폐기사유",AL10,text
L2300-01,L-2300,"한도견본 관리대장(L2300-01)",승인,"승인",AE12,text
L2300-01,L-2300,"한도견본 관리대장(L2300-01)",승인,"승인",AL12,text
L2300-01,L-2300,"한도견본 관리대장(L2300-01)",승인,"승인",AS12,text
L2300-01,L-2300,"한도견본 관리대장(L2300-01)",일자,"일자",AE11,date
L2300-01,L-2300,"한도견본 관리대장(L2300-01)",일자,"일자",AL11,date
L2300-01,L-2300,"한도견본 관리대장(L2300-01)",일자,"일자",AS11,date
L2300-01,L-2300,"한도견본 관리대장(L2300-01)",폐기일자,"폐기일자",AE13,date
L2300-01,L-2300,"한도견본 관리대장(L2300-01)",폐기사유,"폐기사유",AL13,text
L2300-01,L-2300,"한도견본 관리대장(L2300-01)",승인,"승인",AE15,text
L2300-01,L-2300,"한도견본 관리대장(L2300-01)",승인,"승인",AL15,text
L2300-01,L-2300,"한도견본 관리대장(L2300-01)",승인,"승인",AS15,text
L2300-01,L-2300,"한도견본 관리대장(L2300-01)",일자,"일자",AE14,date
L2300-01,L-2300,"한도견본 관리대장(L2300-01)",일자,"일자",AL14,date
L2300-01,L-2300,"한도견본 관리대장(L2300-01)",일자,"일자",AS14,date
L2300-01,L-2300,"한도견본 관리대장(L2300-01)",폐기일자,"폐기일자",AE16,date
L2300-01,L-2300,"한도견본 관리대장(L2300-01)",폐기사유,"폐기사유",AL16,text
L2300-01,L-2300,"한도견본 관리대장(L2300-01)",승인,"승인",AE18,text
L2300-01,L-2300,"한도견본 관리대장(L2300-01)",승인,"승인",AL18,text
L2300-01,L-2300,"한도견본 관리대장(L2300-01)",승인,"승인",AS18,text
L2300-01,L-2300,"한도견본 관리대장(L2300-01)",일자,"일자",AE17,date
L2300-01,L-2300,"한도견본 관리대장(L2300-01)",일자,"일자",AL17,date
L2300-01,L-2300,"한도견본 관리대장(L2300-01)",일자,"일자",AS17,date
L2300-01,L-2300,"한도견본 관리대장(L2300-01)",일자,"일자",AS20,date
L2300-01,L-2300,"한도견본 관리대장(L2300-01)",폐기일자,"폐기일자",AE19,date
L2300-01,L-2300,"한도견본 관리대장(L2300-01)",폐기사유,"폐기사유",AL19,text
L2300-01,L-2300,"한도견본 관리대장(L2300-01)",폐기일자,"폐기일자",AE22,date
L2300-01,L-2300,"한도견본 관리대장(L2300-01)",폐기사유,"폐기사유",AL22,text
L2300-01,L-2300,"한도견본 관리대장(L2300-01)",승인,"승인",AE21,text
L2300-01,L-2300,"한도견본 관리대장(L2300-01)",승인,"승인",AL21,text
L2300-01,L-2300,"한도견본 관리대장(L2300-01)",승인,"승인",AS21,text
L2300-01,L-2300,"한도견본 관리대장(L2300-01)",일자,"일자",AE20,date
L2300-01,L-2300,"한도견본 관리대장(L2300-01)",일자,"일자",AL20,date
L2300-02,L-2300,"한도 견본표(L2300-02)",등록및교체일자,"등록 및 교체 일자",U10,date
L2300-02,L-2300,"한도 견본표(L2300-02)",관리번호,"관리번호",U12,text
L2300-02,L-2300,"한도 견본표(L2300-02)",등록요청자,"등록 요청자",F10,text
L2300-02,L-2300,"한도 견본표(L2300-02)",관리자,"관리자",F12,text
L2300-02,L-2300,"한도 견본표(L2300-02)",차종및모델,"차종 및 모델",U14,text
L2300-02,L-2300,"한도 견본표(L2300-02)",교체주기,"교체주기",F16,text
L2300-02,L-2300,"한도 견본표(L2300-02)",품명및품번,"품명 및 품번",U16,text
L2300-02,L-2300,"한도 견본표(L2300-02)",한도견본사진,"한도 견본 사진",A20,text
L2300-02,L-2300,"한도 견본표(L2300-02)",한도견본비치사진,"한도 견본 비치 사진",P20,text
L2300-02,L-2300,"한도 견본표(L2300-02)",품질특성,"품질 특성",F14,text
L2300-03,L-2300,"한도 견본 기준서(L2300-03)",작업자,"작업자",AO4,text
L2300-03,L-2300,"한도 견본 기준서(L2300-03)",제품,"제 품",A7,text
L2300-03,L-2300,"한도 견본 기준서(L2300-03)",검사항목,"검사 항목",Q7,text
L2300-03,L-2300,"한도 견본 기준서(L2300-03)",공정명,"공정명",E4,text
L2300-03,L-2300,"한도 견본 기준서(L2300-03)",유효시작일,"유효시작일",Q4,date
L2300-03,L-2300,"한도 견본 기준서(L2300-03)",유효종료일,"유효종료일",AC4,date
L2300-05,L-2300,"치구 자체 검교정 계획 및 실적(L2300-05)",1,"1",B7,text
L2300-05,L-2300,"치구 자체 검교정 계획 및 실적(L2300-05)",관리번호,"관 리 번 호",I7,text
L2300-05,L-2300,"치구 자체 검교정 계획 및 실적(L2300-05)",규격,"규격",K7,text
L2300-05,L-2300,"치구 자체 검교정 계획 및 실적(L2300-05)",비고,"비 고",Y7,text
L2300-05,L-2300,"치구 자체 검교정 계획 및 실적(L2300-05)",2,"2",B9,text
L2300-05,L-2300,"치구 자체 검교정 계획 및 실적(L2300-05)",3,"3",B11,text
L2300-05,L-2300,"치구 자체 검교정 계획 및 실적(L2300-05)",4,"4",B13,text
L2300-05,L-2300,"치구 자체 검교정 계획 및 실적(L2300-05)",5,"5",B15,text
L2300-05,L-2300,"치구 자체 검교정 계획 및 실적(L2300-05)",6,"6",B17,text
L2300-05,L-2300,"치구 자체 검교정 계획 및 실적(L2300-05)",7,"7",B19,text
L2300-05,L-2300,"치구 자체 검교정 계획 및 실적(L2300-05)",8,"8",B21,text
L2300-05,L-2300,"치구 자체 검교정 계획 및 실적(L2300-05)",9,"9",B23,text
L2300-05,L-2300,"치구 자체 검교정 계획 및 실적(L2300-05)",10,"10",B25,text
L2300-05,L-2300,"치구 자체 검교정 계획 및 실적(L2300-05)",11,"11",B27,text
L2300-05,L-2300,"치구 자체 검교정 계획 및 실적(L2300-05)",12,"12",B29,text
L2300-05,L-2300,"치구 자체 검교정 계획 및 실적(L2300-05)",합계,"합계",M37,text
L2300-05,L-2300,"치구 자체 검교정 계획 및 실적(L2300-05)",13,"13",B31,text
L2300-05,L-2300,"치구 자체 검교정 계획 및 실적(L2300-05)",14,"14",B33,text
L2300-05,L-2300,"치구 자체 검교정 계획 및 실적(L2300-05)",15,"15",B35,text
L2300-06,L-2300,"치구 관리대장(L2300-06)",제작일자,"제작 일 자",H4,text
L2300-06,L-2300,"치구 관리대장(L2300-06)",비고,"비 고",K4,text
L2300-07,L-2300,"치구 이력카드(L2300-07)",작성,"작 성",V2,text
L2300-07,L-2300,"치구 이력카드(L2300-07)",검토,"검 토",X2,text
L2300-07,L-2300,"치구 이력카드(L2300-07)",승인,"승인",Z2,text
L2300-07,L-2300,"치구 이력카드(L2300-07)",관리번호,"관리 번호",V5,text
L2300-07,L-2300,"치구 이력카드(L2300-07)",차종,"차 종",V7,text
L2300-07,L-2300,"치구 이력카드(L2300-07)",품명,"품 명",V8,text
L2300-07,L-2300,"치구 이력카드(L2300-07)",규격,"규격",V9,text
L2300-07,L-2300,"치구 이력카드(L2300-07)",공정구분,"공정 구분",V10,text
L2300-07,L-2300,"치구 이력카드(L2300-07)",교정일자,"교정 일자",V11,date
L2300-07,L-2300,"치구 이력카드(L2300-07)",차기교정일자,"차기 교정 일자",V12,date
L2300-07,L-2300,"치구 이력카드(L2300-07)",일시,"일 시",B15,text
L2300-07,L-2300,"치구 이력카드(L2300-07)",확인란,"확인란",J15,text
L2300-07,L-2300,"치구 이력카드(L2300-07)",일시,"일 시",N15,text
L2300-07,L-2300,"치구 이력카드(L2300-07)",확인란,"확인란",Z15,text
L3100-02,L-3100,"계측기 이력카드 (L3100-02)",교정주기,"교정주기",F5,text
L3100-02,L-3100,"계측기 이력카드 (L3100-02)",계측기명,"계측기명",F4,text
L3100-02,L-3100,"계측기 이력카드 (L3100-02)",취득일자,"취득일자",F6,date
L3100-02,L-3100,"계측기 이력카드 (L3100-02)",구입금액,"구입금액",F7,text
L3100-02,L-3100,"계측기 이력카드 (L3100-02)",이력사항,"이 력 사 항",B30,text
L3100-02,L-3100,"계측기 이력카드 (L3100-02)",비고,"비 고",H30,text
L3100-02,L-3100,"계측기 이력카드 (L3100-02)",용도,"용 도",C25,text
L3100-02,L-3100,"계측기 이력카드 (L3100-02)",비고,"비 고",G25,text
L3100-03,L-3100,"계측기 검교정 계획서 (L3100-03)",작성,"작 성",R2,text
L3100-03,L-3100,"계측기 검교정 계획서 (L3100-03)",작성일자,"작성일자",C4,date
L3100-03,L-3100,"계측기 검교정 계획서 (L3100-03)",비고,"비 고",T6,text
L3100-04,L-3100,"계측기 일상점검표 (L3100-04)",승인,"승 인",BL33,text
L3100-04,L-3100,"계측기 일상점검표 (L3100-04)",작성,"작 성",BC35,text
L3100-04,L-3100,"계측기 일상점검표 (L3100-04)",검토,"검 토",BF35,text
L3100-04,L-3100,"계측기 일상점검표 (L3100-04)",승인,"승 인",BI35,text
L3100-04,L-3100,"계측기 일상점검표 (L3100-04)",발생일자,"발생일자",S17,date
L3100-04,L-3100,"계측기 일상점검표 (L3100-04)",문제점,"문제점",Z17,text
L3100-04,L-3100,"계측기 일상점검표 (L3100-04)",조치내용,"조치내용",AG17,textarea
L3100-04,L-3100,"계측기 일상점검표 (L3100-04)",완료일자,"완료일자",AN17,date
L3100-04,L-3100,"계측기 일상점검표 (L3100-04)",확인,"확 인",AU17,text
L3100-04,L-3100,"계측기 일상점검표 (L3100-04)",육안,"육안",S12,text
L3100-04,L-3100,"계측기 일상점검표 (L3100-04)",육안,"육안",S10,text
L3100-04,L-3100,"계측기 일상점검표 (L3100-04)",육안,"육안",S8,text
L3100-04,L-3100,"계측기 일상점검표 (L3100-04)",육안,"육안",S6,text
L3100-04,L-3100,"계측기 일상점검표 (L3100-04)",2023년7월기기일상점검표,"2023년 7월 기기 일상 점검표",AO1,text
L3100-04,L-3100,"계측기 일상점검표 (L3100-04)",기기번호,"기기번호",A3,text
L3101-01,L-3101,"측정시스템 분석 계획서(L3101-01)",작성,"작 성",P2,text
L3101-01,L-3101,"측정시스템 분석 계획서(L3101-01)",작성,"작 성",R2,text
L3101-01,L-3101,"측정시스템 분석 계획서(L3101-01)",검토,"검 토",T2,text
L3101-01,L-3101,"측정시스템 분석 계획서(L3101-01)",대상계측기,"대 상 계측기",F6,text
L3101-01,L-3101,"측정시스템 분석 계획서(L3101-01)",NO,"NO",B6,text
L3101-01,L-3101,"측정시스템 분석 계획서(L3101-01)",차종,"차 종",C6,text
L3101-01,L-3101,"측정시스템 분석 계획서(L3101-01)",품번,"품 번",D6,text
L3101-01,L-3101,"측정시스템 분석 계획서(L3101-01)",품명,"품 명",E6,text
L3101-01,L-3101,"측정시스템 분석 계획서(L3101-01)",측정대상자,"측 정 대상자",G6,text
L3101-01,L-3101,"측정시스템 분석 계획서(L3101-01)",측정항목,"측 정 항 목",H6,text
L3101-01,L-3101,"측정시스템 분석 계획서(L3101-01)",규격,"규 격",I6,text
L3101-01,L-3101,"측정시스템 분석 계획서(L3101-01)",평가절차,"평가 절차",B24,text
L3101-02,L-3101,"계량형R&R (L3101-02)_수기",계량형게이지RR평가성적서,"계량형 게이지 R&R 평가 성적서",A3,text
L3101-02,L-3101,"계량형R&R (L3101-02)_수기",평가대상자,"평가 대상자 :",C4,text
L3101-02,L-3101,"계량형R&R (L3101-02)_수기",평가일자,"평가일자",H4,date
L3101-02,L-3101,"계량형R&R (L3101-02)_수기",평가대상자,"평가 대상자 :",C10,text
L3101-02,L-3101,"계량형R&R (L3101-02)_수기",평가일자,"평가일자",H10,date
L3101-02,L-3101,"계량형R&R (L3101-02)_수기",평가대상자,"평가 대상자 :",C16,text
L3101-02,L-3101,"계량형R&R (L3101-02)_수기",평가일자,"평가일자",H16,date
L3101-02,L-3101,"계수형R&R KAPPA_Data(L3101-02)_전산",평가일작성일교차표,"평가일*작성일 교차표",BF5,text
L3101-02,L-3101,"계수형R&R KAPPA_Data(L3101-02)_전산",평가일작성일교차표,"평가일*작성일 교차표",BB7,text
L3101-02,L-3101,"계수형R&R KAPPA_Data(L3101-02)_전산",비고,"비고",R13,text
L3101-02,L-3101,"계수형R&R KAPPA_평가사진(L3101-02)_전산",계수형평가제품,"계수형 평가 제품",E4,text
L3101-02,L-3101,"계수형R&R KAPPA_평가사진(L3101-02)_전산",평가자평가,"평가자 평가",E16,text
L3101-02,L-3101,"계수형R&R KAPPA_Data(L3101-02)_수기",분석번호,"분석번호",P2,text
L3101-02,L-3101,"계수형R&R KAPPA_Data(L3101-02)_수기",평가일,"평가일",Q6,date
L3101-02,L-3101,"계수형R&R KAPPA_Data(L3101-02)_수기",측정자B,"측정자 B",L7,text
L3101-02,L-3101,"계수형R&R KAPPA_Data(L3101-02)_수기",작성일,"작성일",Q7,date
L3101-02,L-3101,"계수형R&R KAPPA_Data(L3101-02)_수기",부서,"부서",Q5,text
L3101-02,L-3101,"계수형R&R KAPPA_Data(L3101-02)_수기",측정자A,"측정자 A",L6,text
L3101-02,L-3101,"계수형R&R KAPPA_Data(L3101-02)_수기",공정,"공 정",L5,text
L3101-02,L-3101,"계수형R&R KAPPA_Data(L3101-02)_수기",Sample명,"Sample 명",H9,text
L3101-02,L-3101,"계수형R&R KAPPA_Data(L3101-02)_수기",샘플참값,"샘플 참값",G11,text
L3101-02,L-3101,"계수형R&R KAPPA_Data(L3101-02)_수기",측정자C,"측정자 C",L8,text
L3101-02,L-3101,"계수형R&R KAPPA_Data(L3101-02)_수기",작성자,"작성자",Q8,text
L3101-02,L-3101,"계수형R&R KAPPA_Data(L3101-02)_수기",비고,"비고",R13,text
L3101-02,L-3101,"계수형R&R KAPPA_Data(L3101-02)_수기",녹발생,"녹발생",C43,text
L4102-01,L-4102,"공정능력 평가표 (L4102-01)",DATE,"DATE :",AB3,text
M1100-02,M-1100,"설비 비가동시간 관리 대장 (M1100-02) ",순,"순",A6,text
M1100-02,M-1100,"설비 비가동시간 관리 대장 (M1100-02) ",일자,"일 자",C6,text
M1100-02,M-1100,"설비 비가동시간 관리 대장 (M1100-02) ",라인명,"라인명",G6,text
M1100-02,M-1100,"설비 비가동시간 관리 대장 (M1100-02) ",비가동시간,"비가동 시간",K6,text
M1100-02,M-1100,"설비 비가동시간 관리 대장 (M1100-02) ",비가동사유,"비가동 사유",O6,text
M1100-02,M-1100,"설비 비가동시간 관리 대장 (M1100-02) ",조치이력개선현황,"조치 이력 (개선 현황)",W6,text
M1100-02,M-1100,"설비 비가동시간 관리 대장 (M1100-02) ",비가동조치후초품검사판정,"비가동 조치 후 초품 검사 판정",AL6,text
M1100-02,M-1100,"설비 비가동시간 관리 대장 (M1100-02) ",비가동전제품검사판정,"비가동 전 제품 검사 판정",AE6,text
M1100-02,M-1100,"설비 비가동시간 관리 대장 (M1100-02) ",비고,"비 고",AS6,text
M1100-03,M-1100,"설비 비가동시간 이력관리 대장 (M1100-03) ",조치담당자,"조치 담당자",Y8,text
M1100-03,M-1100,"설비 비가동시간 이력관리 대장 (M1100-03) ",시료NO,"시료 NO",AH7,text
M1100-03,M-1100,"설비 비가동시간 이력관리 대장 (M1100-03) ",차종,"차 종",AD4,text
M1100-03,M-1100,"설비 비가동시간 이력관리 대장 (M1100-03) ",라인명,"라인명",AP4,text
M1100-03,M-1100,"설비 비가동시간 이력관리 대장 (M1100-03) ",조치후LOTNO,"조치 후 LOT NO",AD5,text
M1100-03,M-1100,"설비 비가동시간 이력관리 대장 (M1100-03) ",2,"#2",AH9,text
M1100-03,M-1100,"설비 비가동시간 이력관리 대장 (M1100-03) ",1,"#1",AH8,text
M1100-03,M-1100,"설비 비가동시간 이력관리 대장 (M1100-03) ",품명,"품 명",F4,text
M1100-03,M-1100,"설비 비가동시간 이력관리 대장 (M1100-03) ",품번,"품 번",R4,text
M1100-03,M-1100,"설비 비가동시간 이력관리 대장 (M1100-03) ",비가동전LOTNO,"비가동 전 LOT NO",F5,text
M1100-03,M-1100,"설비 비가동시간 이력관리 대장 (M1100-03) ",비가동사유,"비가동 사유",A18,text
M1100-03,M-1100,"설비 비가동시간 이력관리 대장 (M1100-03) ",시분,"시 분",R8,text
M1100-03,M-1100,"설비 비가동시간 이력관리 대장 (M1100-03) ",3,"#3",AH10,text
M1100-03,M-1100,"설비 비가동시간 이력관리 대장 (M1100-03) ",설비중단코드,"설비중단코드",K11,text
M1100-03,M-1100,"설비 비가동시간 이력관리 대장 (M1100-03) ",품질검사기준,"품질검사기준",A27,text
M1100-03,M-1100,"설비 비가동시간 이력관리 대장 (M1100-03) ",조치내용,"조치 내용",Y18,textarea
M1200-03,M-1200,"주,야 인수인계 일지(M1200-03)",작성일자,"작성일자",J4,date
M1200-03,M-1200,"주,야 인수인계 일지(M1200-03)",작성자,"작성자",U4,text
M1200-03,M-1200,"주,야 인수인계 일지(M1200-03)",작성일자,"작성일자",AE4,date
M1200-03,M-1200,"주,야 인수인계 일지(M1200-03)",작성자,"작성자",AP4,text
M1200-03,M-1200,"주,야 인수인계 일지(M1200-03)",야간조주간조인수인계사항,"야간조 → 주간조 인수인계 사항",AA7,textarea
M1200-03,M-1200,"주,야 인수인계 일지(M1200-03)",설비공정명,"설비&공정명",J5,text
M1200-03,M-1200,"주,야 인수인계 일지(M1200-03)",품번품명,"품번&품명",U5,text
M1200-03,M-1200,"주,야 인수인계 일지(M1200-03)",설비공정명,"설비&공정명",AE5,text
M1200-03,M-1200,"주,야 인수인계 일지(M1200-03)",품번품명,"품번&품명",AP5,text
M1200-03,M-1200,"주,야 인수인계 일지(M1200-03)",안전관련이슈,"안전관련 이슈",F9,text
M1200-03,M-1200,"주,야 인수인계 일지(M1200-03)",자재관련이슈,"자재관련 이슈",F10,text
M1200-03,M-1200,"주,야 인수인계 일지(M1200-03)",기타이슈,"기타 이슈",F11,text
M1200-03,M-1200,"주,야 인수인계 일지(M1200-03)",설비관련이슈,"설비관련 이슈",F7,text
M1200-03,M-1200,"주,야 인수인계 일지(M1200-03)",품질관련이슈,"품질관련 이슈",F8,text
M1200-04,M-1200,"공정,납입용기 관리기준 및 수리이력(M1200-04)",파손,"파 손",Q32,text
M1200-04,M-1200,"공정,납입용기 관리기준 및 수리이력(M1200-04)",용기명및규격,"용기명 및 규격",G5,text
M1200-04,M-1200,"공정,납입용기 관리기준 및 수리이력(M1200-04)",적재단수,"적재 단수",N5,text
M1200-04,M-1200,"공정,납입용기 관리기준 및 수리이력(M1200-04)",사진,"사 진",Q5,text
M1200-04,M-1200,"공정,납입용기 관리기준 및 수리이력(M1200-04)",세척및관리방법,"세척 및 관리방법",W5,text
M1200-04,M-1200,"공정,납입용기 관리기준 및 수리이력(M1200-04)",적용품목,"적용 품목",AG5,text
M1200-04,M-1200,"공정,납입용기 관리기준 및 수리이력(M1200-04)",관리주기,"관리 주기",AN5,text
M1200-04,M-1200,"공정,납입용기 관리기준 및 수리이력(M1200-04)",파손,"파 손",Q48,text
M1200-04,M-1200,"공정,납입용기 관리기준 및 수리이력(M1200-04)",변형,"변 형",Q49,text
M1200-04,M-1200,"공정,납입용기 관리기준 및 수리이력(M1200-04)",폐기,"폐 기",Q50,text
M1200-04,M-1200,"공정,납입용기 관리기준 및 수리이력(M1200-04)",공정명,"공정명",A5,text
M1200-04,M-1200,"공정,납입용기 관리기준 및 수리이력(M1200-04)",관리부서,"관리부서",D5,text
M1200-04,M-1200,"공정,납입용기 관리기준 및 수리이력(M1200-04)",5,"5",C43,text
M1200-04,M-1200,"공정,납입용기 관리기준 및 수리이력(M1200-04)",청정도,"청정도",Q43,text
M1200-04,M-1200,"공정,납입용기 관리기준 및 수리이력(M1200-04)",6,"6",C47,text
M1200-04,M-1200,"공정,납입용기 관리기준 및 수리이력(M1200-04)",청정도,"청정도",Q47,text
M1200-04,M-1200,"공정,납입용기 관리기준 및 수리이력(M1200-04)",4,"4",C39,text
M1200-04,M-1200,"공정,납입용기 관리기준 및 수리이력(M1200-04)",3,"3",C35,text
M1200-04,M-1200,"공정,납입용기 관리기준 및 수리이력(M1200-04)",2,"2",C31,text
M1200-04,M-1200,"공정,납입용기 관리기준 및 수리이력(M1200-04)",파손,"파 손",Q40,text
M1200-04,M-1200,"공정,납입용기 관리기준 및 수리이력(M1200-04)",변형,"변 형",Q41,text
M1200-04,M-1200,"공정,납입용기 관리기준 및 수리이력(M1200-04)",폐기,"폐 기",Q42,text
M1200-04,M-1200,"공정,납입용기 관리기준 및 수리이력(M1200-04)",청정도,"청정도",Q39,text
M1200-04,M-1200,"공정,납입용기 관리기준 및 수리이력(M1200-04)",파손,"파 손",Q44,text
M1200-04,M-1200,"공정,납입용기 관리기준 및 수리이력(M1200-04)",변형,"변 형",Q45,text
M1200-04,M-1200,"공정,납입용기 관리기준 및 수리이력(M1200-04)",폐기,"폐 기",Q46,text
M1200-04,M-1200,"공정,납입용기 관리기준 및 수리이력(M1200-04)",파손,"파 손",Q36,text
M1200-04,M-1200,"공정,납입용기 관리기준 및 수리이력(M1200-04)",변형,"변 형",Q37,text
M1200-04,M-1200,"공정,납입용기 관리기준 및 수리이력(M1200-04)",폐기,"폐 기",Q38,text
M1200-04,M-1200,"공정,납입용기 관리기준 및 수리이력(M1200-04)",청정도,"청정도",Q35,text
M1200-04,M-1200,"공정,납입용기 관리기준 및 수리이력(M1200-04)",청정도,"청정도",Q31,text
M1200-04,M-1200,"공정,납입용기 관리기준 및 수리이력(M1200-04)",조치상세내용,"조치 상세 내용",S27,textarea
M1200-04,M-1200,"공정,납입용기 관리기준 및 수리이력(M1200-04)",1,"1",C27,text
M1200-04,M-1200,"공정,납입용기 관리기준 및 수리이력(M1200-04)",용기규격,"용기 규격",G27,text
M1200-04,M-1200,"공정,납입용기 관리기준 및 수리이력(M1200-04)",조치금액원,"조치금액(원)",AG27,text
M1200-04,M-1200,"공정,납입용기 관리기준 및 수리이력(M1200-04)",조치자,"조치자",AK27,text
M1200-04,M-1200,"공정,납입용기 관리기준 및 수리이력(M1200-04)",조치일자,"조치일자",AO27,date
M1200-04,M-1200,"공정,납입용기 관리기준 및 수리이력(M1200-04)",파손,"파 손",Q28,text
M1200-04,M-1200,"공정,납입용기 관리기준 및 수리이력(M1200-04)",변형,"변 형",Q29,text
M1200-04,M-1200,"공정,납입용기 관리기준 및 수리이력(M1200-04)",폐기,"폐 기",Q30,text
M1200-04,M-1200,"공정,납입용기 관리기준 및 수리이력(M1200-04)",청정도,"청정도",Q27,text
M1200-04,M-1200,"공정,납입용기 관리기준 및 수리이력(M1200-04)",변형,"변 형",Q33,text
M1200-04,M-1200,"공정,납입용기 관리기준 및 수리이력(M1200-04)",폐기,"폐 기",Q34,text
M1200-05,M-1200,"낙하품 처리 절차서 (M1200-05)",191205,"19.12.05",AT22,text
M1200-05,M-1200,"낙하품 처리 절차서 (M1200-05)",0,"0",AG23,text
M1200-05,M-1200,"낙하품 처리 절차서 (M1200-05)",신규제정,"신규 제정",AI23,text
M1200-05,M-1200,"낙하품 처리 절차서 (M1200-05)",191205,"19.12.05",AP23,text
M1200-05,M-1200,"낙하품 처리 절차서 (M1200-05)",PROCESSFLOW,"PROCESS FLOW",E6,text
M1200-06,M-1200,"낙하품 처리 관리대장 (M1200-06)",작업자,"작업자",S5,text
M1200-06,M-1200,"낙하품 처리 관리대장 (M1200-06)",발생공정,"발생공정",P5,text
M1200-06,M-1200,"낙하품 처리 관리대장 (M1200-06)",품번,"품 번",J5,text
M1200-06,M-1200,"낙하품 처리 관리대장 (M1200-06)",차종,"차 종",G5,text
M1200-06,M-1200,"낙하품 처리 관리대장 (M1200-06)",발생일자,"발생일자",C5,date
M1200-06,M-1200,"낙하품 처리 관리대장 (M1200-06)",순,"순",A5,text
M1200-06,M-1200,"낙하품 처리 관리대장 (M1200-06)",상세내용,"상세 내용",AH6,textarea
M1200-06,M-1200,"낙하품 처리 관리대장 (M1200-06)",비고,"비 고",AT5,text
M1200-06,M-1200,"낙하품 처리 관리대장 (M1200-06)",확인,"확 인",AP5,text
M1200-06,M-1200,"낙하품 처리 관리대장 (M1200-06)",현상,"현상",Y5,text
M1200-06,M-1200,"낙하품 처리 관리대장 (M1200-06)",발생수량개,"발생수량 (개)",V5,text
M1200-06,M-1200,"낙하품 처리 관리대장 (M1200-06)",상세내용,"상세 내용",AH8,textarea
M1200-06,M-1200,"낙하품 처리 관리대장 (M1200-06)",상세내용,"상세 내용",AH10,textarea
M1200-06,M-1200,"낙하품 처리 관리대장 (M1200-06)",상세내용,"상세 내용",AH12,textarea
M1200-06,M-1200,"낙하품 처리 관리대장 (M1200-06)",상세내용,"상세 내용",AH14,textarea
M1200-06,M-1200,"낙하품 처리 관리대장 (M1200-06)",상세내용,"상세 내용",AH16,textarea
M1200-06,M-1200,"낙하품 처리 관리대장 (M1200-06)",상세내용,"상세 내용",AH20,textarea
M1200-06,M-1200,"낙하품 처리 관리대장 (M1200-06)",상세내용,"상세 내용",AH18,textarea
M1200-07,M-1200,"셋업품 처리 절차서(M1200-07)",셋업품식별표,"셋업품 식별표",A15,text
M1200-07,M-1200,"셋업품 처리 절차서(M1200-07)",셋업품초품용입성식별관리,"셋업품(초품&용입성) 식별 관리",P15,text
M1200-07,M-1200,"셋업품 처리 절차서(M1200-07)",용입성성적서및용입품보관장,"용입성 성적서 및 용입품 보관장",AF15,text
M1200-08,M-1200,"용접장 기준 팁 교환 주기 평가서(M1200-08)",11083333333333334,"1.1083333333333334",P28,text
M1200-08,M-1200,"용접장 기준 팁 교환 주기 평가서(M1200-08)",11250000000000002,"1.1250000000000002",U28,text
M1200-08,M-1200,"용접장 기준 팁 교환 주기 평가서(M1200-08)",115,"1.15",Z28,text
M1200-08,M-1200,"용접장 기준 팁 교환 주기 평가서(M1200-08)",11666666666666667,"1.1666666666666667",AE28,text
M1200-08,M-1200,"용접장 기준 팁 교환 주기 평가서(M1200-08)",110댐퍼용접기,"#110 댐퍼 용접기",A31,text
M1200-08,M-1200,"용접장 기준 팁 교환 주기 평가서(M1200-08)",도면기준용접부별용접장도식화,"도면 기준 용접부별 용접장 도식화",B36,text
M1200-08,M-1200,"용접장 기준 팁 교환 주기 평가서(M1200-08)",팁마모도관리SPEC,"팁 마모도 관리 SPEC",AK36,text
M1200-08,M-1200,"용접장 기준 팁 교환 주기 평가서(M1200-08)",12,"1.2",AJ28,text
M1200-08,M-1200,"용접장 기준 팁 교환 주기 평가서(M1200-08)",144,"Φ1.44",AO25,text
M1200-08,M-1200,"용접장 기준 팁 교환 주기 평가서(M1200-08)",팀고품사진현미경측정,"팀 고품사진 (현미경 측정)",K28,text
M1200-08,M-1200,"용접장 기준 팁 교환 주기 평가서(M1200-08)",144,"Φ1.44",AY17,text
M1200-08,M-1200,"용접장 기준 팁 교환 주기 평가서(M1200-08)",팀고품사진현미경측정,"팀 고품사진 (현미경 측정)",K20,text
M1200-08,M-1200,"용접장 기준 팁 교환 주기 평가서(M1200-08)",11083333333333334,"1.1083333333333334",P20,text
M1200-08,M-1200,"용접장 기준 팁 교환 주기 평가서(M1200-08)",11333333333333335,"1.1333333333333335",U20,text
M1200-08,M-1200,"용접장 기준 팁 교환 주기 평가서(M1200-08)",11416666666666668,"1.1416666666666668",Z20,text
M1200-08,M-1200,"용접장 기준 팁 교환 주기 평가서(M1200-08)",11583333333333332,"1.1583333333333332",AE20,text
M1200-08,M-1200,"용접장 기준 팁 교환 주기 평가서(M1200-08)",1175,"1.175",AJ20,text
M1200-08,M-1200,"용접장 기준 팁 교환 주기 평가서(M1200-08)",11833333333333333,"1.1833333333333333",AO20,text
M1200-08,M-1200,"용접장 기준 팁 교환 주기 평가서(M1200-08)",12,"1.2",AT20,text
M1200-08,M-1200,"용접장 기준 팁 교환 주기 평가서(M1200-08)",팀고품사진현미경측정,"팀 고품사진 (현미경 측정)",K12,text
M1200-08,M-1200,"용접장 기준 팁 교환 주기 평가서(M1200-08)",11250000000000002,"1.1250000000000002",P12,text
M1200-08,M-1200,"용접장 기준 팁 교환 주기 평가서(M1200-08)",11416666666666668,"1.1416666666666668",U12,text
M1200-08,M-1200,"용접장 기준 팁 교환 주기 평가서(M1200-08)",11666666666666667,"1.1666666666666667",Z12,text
M1200-08,M-1200,"용접장 기준 팁 교환 주기 평가서(M1200-08)",12083333333333333,"1.2083333333333333",AE12,text
M1200-08,M-1200,"용접장 기준 팁 교환 주기 평가서(M1200-08)",145,"Φ1.45",AJ7,text
M1200-02,M-1200,"열처리작업일보(M1200-02-인)",4번존,"4번 존",T9,text
M1200-02,M-1200,"열처리작업일보(M1200-02-인)",5번존,"5번 존",V9,text
M1200-02,M-1200,"열처리작업일보(M1200-02-인)",6번존,"6번 존",X9,text
M1200-02,M-1200,"열처리작업일보(M1200-02-인)",2,"2",B14,text
M1200-02,M-1200,"열처리작업일보(M1200-02-인)",길이,"길이",J9,text
M1200-02,M-1200,"열처리작업일보(M1200-02-인)",재질,"재질",K9,text
M1200-02,M-1200,"열처리작업일보(M1200-02-인)",본수,"(본수)",L9,text
M1200-02,M-1200,"열처리작업일보(M1200-02-인)",SV,"SV",N9,text
M1200-02,M-1200,"열처리작업일보(M1200-02-인)",2번존,"2번 존",P9,text
M1200-02,M-1200,"열처리작업일보(M1200-02-인)",PV,"PV",N11,text
M1200-02,M-1200,"열처리작업일보(M1200-02-인)",두께,"두께",F9,text
M1200-02,M-1200,"열처리작업일보(M1200-02-인)",3번존,"3번 존",R9,text
M1200-02,M-1200,"열처리작업일보(M1200-02-인)",1,"1",B9,text
M1200-02,M-1200,"열처리작업일보(M1200-02-인)",입고LOT,"입고LOT",C9,text
M1200-02,M-1200,"열처리작업일보(M1200-02-인)",투입시시각,"투입시 시각",D9,text
M1200-02,M-1200,"열처리작업일보(M1200-02-인)",외경01,"외경 (±0.1)",E9,text
M1200-02,M-1200,"열처리작업일보(M1200-02-인)",PV,"PV",N16,text
M1200-02,M-1200,"열처리작업일보(M1200-02-인)",SV,"SV",N14,text
M1200-02,M-1200,"열처리작업일보(M1200-02-인)",롤라구동속도,"롤라 구동속도",Z9,text
M1200-02,M-1200,"열처리작업일보(M1200-02-인)",CO농도,"CO 농도",AA9,text
M1200-02,M-1200,"열처리작업일보(M1200-02-인)",3,"3",B19,text
M1200-02,M-1200,"열처리작업일보(M1200-02-인)",PV,"PV",N21,text
M1200-02,M-1200,"열처리작업일보(M1200-02-인)",SV,"SV",N19,text
M1200-02,M-1200,"열처리작업일보(M1200-02-인)",4,"4",B24,text
M1200-02,M-1200,"열처리작업일보(M1200-02-인)",PV,"PV",N26,text
M1200-02,M-1200,"열처리작업일보(M1200-02-인)",SV,"SV",N24,text
M1200-02,M-1200,"열처리작업일보(M1200-02-인)",5,"5",B29,text
M1200-02,M-1200,"열처리작업일보(M1200-02-인)",PV,"PV",N31,text
M1200-02,M-1200,"열처리작업일보(M1200-02-인)",SV,"SV",N29,text
M1200-02,M-1200,"열처리작업일보(M1200-02-인)",6,"6",B34,text
M1200-02,M-1200,"열처리작업일보(M1200-02-인)",PV,"PV",N36,text
M1200-02,M-1200,"열처리작업일보(M1200-02-인)",SV,"SV",N34,text
M1200-02,M-1200,"열처리작업일보(M1200-02-인)",7,"7",B39,text
M1200-02,M-1200,"열처리작업일보(M1200-02-인)",PV,"PV",N41,text
M1200-02,M-1200,"열처리작업일보(M1200-02-인)",SV,"SV",N39,text
M1200-02,M-1200,"열처리작업일보(M1200-02-인)",SV,"SV",N44,text
M1200-02,M-1200,"열처리작업일보(M1200-02-인)",8,"8",B44,text
M1200-02,M-1200,"열처리작업일보(M1200-02-인)",PV,"PV",N46,text
M1200-01,M-1200,"작업지시서(M1200-01-필)",라인명,"라 인 명",A6,text
M1200-01,M-1200,"작업지시서(M1200-01-필)",UPH,"UPH",C6,text
M1200-01,M-1200,"작업지시서(M1200-01-필)",기타,"기 타",I6,text
M1200-05,M-1200,"낙하품 처리 절차서 (M1200-05)_구본",191205,"19.12.05",AT27,text
M1200-05,M-1200,"낙하품 처리 절차서 (M1200-05)_구본",0,"0",AG28,text
M1200-05,M-1200,"낙하품 처리 절차서 (M1200-05)_구본",신규제정,"신규 제정",AI28,text
M1200-05,M-1200,"낙하품 처리 절차서 (M1200-05)_구본",191205,"19.12.05",AP28,text
M1200-05,M-1200,"낙하품 처리 절차서 (M1200-05)_구본",PROCESSFLOW,"PROCESS FLOW",E7,text
M1200-05,M-1200,"낙하품 처리 절차서 (M1200-05)_구본",식별및격리,"식별 및 격리",P7,text
M1200-05,M-1200,"낙하품 처리 절차서 (M1200-05)_구본",시정조치,"시정 조치",AA7,text
M1200-05,M-1200,"낙하품 처리 절차서 (M1200-05)_구본",기록관리,"기록 관리",AL7,text
M2100-01,M-2100,"LOT관리 기준서(M2100-01)",작성일,"작성일",E4,date
M2100-01,M-2100,"LOT관리 기준서(M2100-01)",작성자,"작성자",U4,text
M2100-01,M-2100,"LOT관리 기준서(M2100-01)",1,"1",C19,text
M2100-01,M-2100,"LOT관리 기준서(M2100-01)",장소,"장 소",H19,text
M2100-01,M-2100,"LOT관리 기준서(M2100-01)",LOT기록방법,"LOT 기록 방법",M19,text
M2100-01,M-2100,"LOT관리 기준서(M2100-01)",3,"3",A22,text
M2100-01,M-2100,"LOT관리 기준서(M2100-01)",2,"2",C20,text
M2100-01,M-2100,"LOT관리 기준서(M2100-01)",3,"3",C21,text
M2100-01,M-2100,"LOT관리 기준서(M2100-01)",담당부서,"담당 부서",AQ19,text
M2100-02,M-2100,"원소재및완제품 선입선출 관리기준서(M2100-02)",원소재적재순서,"원소재 적재 순서",B6,text
M2100-02,M-2100,"원소재및완제품 선입선출 관리기준서(M2100-02)",원소재적재순서,"원소재 적재 순서",M6,text
M2100-02,M-2100,"원소재및완제품 선입선출 관리기준서(M2100-02)",원소재출하순서,"원소재 출하 순서",Z6,text
M2100-02,M-2100,"원소재및완제품 선입선출 관리기준서(M2100-02)",원소재출하순서,"원소재 출하 순서",AK6,text
M2100-02,M-2100,"원소재및완제품 선입선출 관리기준서(M2100-02)",원소재LOT식별표해석방법,"원소재 LOT 식별표 해석방법",A25,text
M2100-02,M-2100,"원소재및완제품 선입선출 관리기준서(M2100-02)",원소재LOT식별표해석방법,"원소재 LOT 식별표 해석방법",H21,text
M2100-02,M-2100,"원소재및완제품 선입선출 관리기준서(M2100-02)",완제품적재순서,"완제품 적재 순서",B30,text
M2100-02,M-2100,"원소재및완제품 선입선출 관리기준서(M2100-02)",완제품적재순서,"완제품 적재 순서",M30,text
M2100-02,M-2100,"원소재및완제품 선입선출 관리기준서(M2100-02)",완제품출하순서,"완제품 출하 순서",Z30,text
M2100-02,M-2100,"원소재및완제품 선입선출 관리기준서(M2100-02)",완제품출하순서,"완제품 출하 순서",AK30,text
M2100-02,M-2100,"원소재및완제품 선입선출 관리기준서(M2100-02)",원소재LOT식별표해석방법,"원소재 LOT 식별표 해석방법",H45,text
M3100-01,M-3100,"출하관리대장 (M3100-01)",,"/",AB6,text
M3100-01,M-3100,"출하관리대장 (M3100-01)",제품장입수량,"제품 장입수량",AF6,text
M3100-01,M-3100,"출하관리대장 (M3100-01)",식별표일치성,"식별표 일치성",AJ6,text
M3100-01,M-3100,"출하관리대장 (M3100-01)",출하검사여부,"출하검사 여부",AN6,text
M3100-01,M-3100,"출하관리대장 (M3100-01)",비고,"비 고",AR6,text
M3100-01,M-3100,"출하관리대장 (M3100-01)",차종,"차 종",B6,text
M3100-01,M-3100,"출하관리대장 (M3100-01)",사양,"사 양",E6,text
M3100-01,M-3100,"출하관리대장 (M3100-01)",구분,"구 분",H6,text
M3100-01,M-3100,"출하관리대장 (M3100-01)",품번,"품 번",L6,text
M3100-01,M-3100,"출하관리대장 (M3100-01)",출하수량개,"출하수량 (개)",S6,text
M3100-01,M-3100,"출하관리대장 (M3100-01)",LOTNO각인NO,"LOT NO (각인NO)",V6,text
M3100-01,M-3100,"출하관리대장 (M3100-01)",,"/",AB7,text
M3100-01,M-3100,"출하관리대장 (M3100-01)",,"/",AB8,text
M3100-01,M-3100,"출하관리대장 (M3100-01)",,"/",AB9,text
M3100-01,M-3100,"출하관리대장 (M3100-01)",,"/",AB10,text
M3100-01,M-3100,"출하관리대장 (M3100-01)",,"/",AB11,text
M3100-01,M-3100,"출하관리대장 (M3100-01)",,"/",AB12,text
M3100-01,M-3100,"출하관리대장 (M3100-01)",,"/",AB13,text
M3100-01,M-3100,"출하관리대장 (M3100-01)",,"/",AB14,text
M3100-01,M-3100,"출하관리대장 (M3100-01)",,"/",AB15,text
M3100-01,M-3100,"출하관리대장 (M3100-01)",,"/",AB16,text
M3100-01,M-3100,"출하관리대장 (M3100-01)",,"/",AB17,text
M3100-01,M-3100,"출하관리대장 (M3100-01)",,"/",AB18,text
M3100-01,M-3100,"출하관리대장 (M3100-01)",,"/",AB19,text
M3100-01,M-3100,"출하관리대장 (M3100-01)",,"/",AB20,text
M3100-01,M-3100,"출하관리대장 (M3100-01)",,"/",AB21,text
M3100-01,M-3100,"출하관리대장 (M3100-01)",,"/",AB22,text
M3100-01,M-3100,"출하관리대장 (M3100-01)",,"/",AB23,text
M3100-01,M-3100,"출하관리대장 (M3100-01)",,"/",AB24,text
M3100-01,M-3100,"출하관리대장 (M3100-01)",,"/",AB25,text
M4100-01,M-4100,"사무용 3정 5S 진단 SHEET(M4100-01)",0,"0",V8,text
M4100-01,M-4100,"사무용 3정 5S 진단 SHEET(M4100-01)",0,"0",V9,text
M4100-01,M-4100,"사무용 3정 5S 진단 SHEET(M4100-01)",검토,"검 토",AB2,text
M4100-01,M-4100,"사무용 3정 5S 진단 SHEET(M4100-01)",승인,"승 인",AE2,text
M4100-01,M-4100,"사무용 3정 5S 진단 SHEET(M4100-01)",0,"0",V28,text
M4100-01,M-4100,"사무용 3정 5S 진단 SHEET(M4100-01)",0,"0",V29,text
M4100-01,M-4100,"사무용 3정 5S 진단 SHEET(M4100-01)",0,"0",V30,text
M4100-01,M-4100,"사무용 3정 5S 진단 SHEET(M4100-01)",작성,"작 성",Y2,text
M4100-01,M-4100,"사무용 3정 5S 진단 SHEET(M4100-01)",0,"0",V22,text
M4100-01,M-4100,"사무용 3정 5S 진단 SHEET(M4100-01)",0,"0",V23,text
M4100-01,M-4100,"사무용 3정 5S 진단 SHEET(M4100-01)",0,"0",V24,text
M4100-01,M-4100,"사무용 3정 5S 진단 SHEET(M4100-01)",0,"0",V25,text
M4100-01,M-4100,"사무용 3정 5S 진단 SHEET(M4100-01)",0,"0",V26,text
M4100-01,M-4100,"사무용 3정 5S 진단 SHEET(M4100-01)",0,"0",V27,text
M4100-01,M-4100,"사무용 3정 5S 진단 SHEET(M4100-01)",0,"0",V16,text
M4100-01,M-4100,"사무용 3정 5S 진단 SHEET(M4100-01)",0,"0",V17,text
M4100-01,M-4100,"사무용 3정 5S 진단 SHEET(M4100-01)",0,"0",V18,text
M4100-01,M-4100,"사무용 3정 5S 진단 SHEET(M4100-01)",0,"0",V19,text
M4100-01,M-4100,"사무용 3정 5S 진단 SHEET(M4100-01)",소계,"소 계",T33,text
M4100-01,M-4100,"사무용 3정 5S 진단 SHEET(M4100-01)",사업부명,"사업부명",E5,text
M4100-01,M-4100,"사무용 3정 5S 진단 SHEET(M4100-01)",점검자,"점검자",U5,text
M4100-01,M-4100,"사무용 3정 5S 진단 SHEET(M4100-01)",0,"0",V31,text
M4100-01,M-4100,"사무용 3정 5S 진단 SHEET(M4100-01)",0,"0",V32,text
M4100-01,M-4100,"사무용 3정 5S 진단 SHEET(M4100-01)",0,"0",V20,text
M4100-01,M-4100,"사무용 3정 5S 진단 SHEET(M4100-01)",0,"0",V21,text
M4100-01,M-4100,"사무용 3정 5S 진단 SHEET(M4100-01)",0,"0",V10,text
M4100-01,M-4100,"사무용 3정 5S 진단 SHEET(M4100-01)",0,"0",V11,text
M4100-01,M-4100,"사무용 3정 5S 진단 SHEET(M4100-01)",0,"0",V12,text
M4100-01,M-4100,"사무용 3정 5S 진단 SHEET(M4100-01)",0,"0",V13,text
M4100-01,M-4100,"사무용 3정 5S 진단 SHEET(M4100-01)",0,"0",V14,text
M4100-01,M-4100,"사무용 3정 5S 진단 SHEET(M4100-01)",0,"0",V15,text
M4100-02,M-4100,"현장용 3정 5S 진단 SHEET(M4100-02)",작성,"작 성",Y2,text
M4100-02,M-4100,"현장용 3정 5S 진단 SHEET(M4100-02)",검토,"검 토",AB2,text
M4100-02,M-4100,"현장용 3정 5S 진단 SHEET(M4100-02)",승인,"승 인",AE2,text
M4100-02,M-4100,"현장용 3정 5S 진단 SHEET(M4100-02)",사업부조명,"사업부/조명",E5,text
M4100-02,M-4100,"현장용 3정 5S 진단 SHEET(M4100-02)",점검자,"점검자",U5,text
M4100-02,M-4100,"현장용 3정 5S 진단 SHEET(M4100-02)",0,"0",V8,text
M4100-02,M-4100,"현장용 3정 5S 진단 SHEET(M4100-02)",0,"0",V9,text
M4100-02,M-4100,"현장용 3정 5S 진단 SHEET(M4100-02)",0,"0",V10,text
M4100-02,M-4100,"현장용 3정 5S 진단 SHEET(M4100-02)",0,"0",V11,text
M4100-02,M-4100,"현장용 3정 5S 진단 SHEET(M4100-02)",0,"0",V12,text
M4100-02,M-4100,"현장용 3정 5S 진단 SHEET(M4100-02)",0,"0",V16,text
M4100-02,M-4100,"현장용 3정 5S 진단 SHEET(M4100-02)",0,"0",V17,text
M4100-02,M-4100,"현장용 3정 5S 진단 SHEET(M4100-02)",0,"0",V13,text
M4100-02,M-4100,"현장용 3정 5S 진단 SHEET(M4100-02)",0,"0",V14,text
M4100-02,M-4100,"현장용 3정 5S 진단 SHEET(M4100-02)",0,"0",V15,text
M4100-02,M-4100,"현장용 3정 5S 진단 SHEET(M4100-02)",0,"0",V23,text
M4100-02,M-4100,"현장용 3정 5S 진단 SHEET(M4100-02)",0,"0",V20,text
M4100-02,M-4100,"현장용 3정 5S 진단 SHEET(M4100-02)",0,"0",V21,text
M4100-02,M-4100,"현장용 3정 5S 진단 SHEET(M4100-02)",0,"0",V18,text
M4100-02,M-4100,"현장용 3정 5S 진단 SHEET(M4100-02)",0,"0",V19,text
M4100-02,M-4100,"현장용 3정 5S 진단 SHEET(M4100-02)",0,"0",V24,text
M4100-02,M-4100,"현장용 3정 5S 진단 SHEET(M4100-02)",0,"0",V25,text
M4100-02,M-4100,"현장용 3정 5S 진단 SHEET(M4100-02)",0,"0",V22,text
M4100-02,M-4100,"현장용 3정 5S 진단 SHEET(M4100-02)",0,"0",V29,text
M4100-02,M-4100,"현장용 3정 5S 진단 SHEET(M4100-02)",0,"0",V26,text
M4100-02,M-4100,"현장용 3정 5S 진단 SHEET(M4100-02)",0,"0",V27,text
M4100-02,M-4100,"현장용 3정 5S 진단 SHEET(M4100-02)",0,"0",V32,text
M4100-02,M-4100,"현장용 3정 5S 진단 SHEET(M4100-02)",소계,"소 계",T33,text
M4100-02,M-4100,"현장용 3정 5S 진단 SHEET(M4100-02)",0,"0",V30,text
M4100-02,M-4100,"현장용 3정 5S 진단 SHEET(M4100-02)",0,"0",V31,text
M4100-02,M-4100,"현장용 3정 5S 진단 SHEET(M4100-02)",0,"0",V28,text
M4100-03,M-4100,"3정 5S 평가 보고서(M4100-03)",작성,"작 성",X2,text
M4100-03,M-4100,"3정 5S 평가 보고서(M4100-03)",검토,"검 토",AA2,text
M4100-03,M-4100,"3정 5S 평가 보고서(M4100-03)",승인,"승 인",AD2,text
M4100-03,M-4100,"3정 5S 평가 보고서(M4100-03)",정리,"정 리",I7,text
M4100-03,M-4100,"3정 5S 평가 보고서(M4100-03)",사업부조명,"사업부/조명",I5,text
M4100-03,M-4100,"3정 5S 평가 보고서(M4100-03)",점검자,"점 검 자",V5,text
M4100-03,M-4100,"3정 5S 평가 보고서(M4100-03)",습관화,"습 관 화",I23,text
M4100-03,M-4100,"3정 5S 평가 보고서(M4100-03)",비고,"비 고",AA7,text
M4100-03,M-4100,"3정 5S 평가 보고서(M4100-03)",정돈,"정 돈",I11,text
M4100-03,M-4100,"3정 5S 평가 보고서(M4100-03)",청결,"청 결",I19,text
M4100-03,M-4100,"3정 5S 평가 보고서(M4100-03)",종합의견평점포함,"종합의견 (평점포함)",I27,text
M4100-03,M-4100,"3정 5S 평가 보고서(M4100-03)",청소,"청 소",I15,text
M4100-04,M-4100,"3정 5S 평가지적 및 시정대책서(M4100-04)",사업부조명,"사업부/조명",I5,text
M4100-04,M-4100,"3정 5S 평가지적 및 시정대책서(M4100-04)",점검자,"점 검 자",V5,text
M4100-04,M-4100,"3정 5S 평가지적 및 시정대책서(M4100-04)",접수번호,"접 수 번 호",I6,text
M4100-04,M-4100,"3정 5S 평가지적 및 시정대책서(M4100-04)",접수자,"접 수 자",V6,text
M4100-04,M-4100,"3정 5S 평가지적 및 시정대책서(M4100-04)",청정요소,"청정요소",G10,text
M4100-04,M-4100,"3정 5S 평가지적 및 시정대책서(M4100-04)",개선전,"개 선 전",M10,text
M4100-04,M-4100,"3정 5S 평가지적 및 시정대책서(M4100-04)",청정요소,"청정요소",B11,text
M4100-04,M-4100,"3정 5S 평가지적 및 시정대책서(M4100-04)",년월일,"년 월 일",M24,date
M4100-04,M-4100,"3정 5S 평가지적 및 시정대책서(M4100-04)",시정일자,"시정일자",B25,date
M4100-04,M-4100,"3정 5S 평가지적 및 시정대책서(M4100-04)",작성,"작 성",X2,text
M4100-04,M-4100,"3정 5S 평가지적 및 시정대책서(M4100-04)",검토,"검 토",AA2,text
M4100-04,M-4100,"3정 5S 평가지적 및 시정대책서(M4100-04)",승인,"승 인",AD2,text
M4100-01,M-4100,"사무용 3정 5S 진단 SHEET(M4100-01)_구본",부서명,"부 서 명",I5,text
M4100-01,M-4100,"사무용 3정 5S 진단 SHEET(M4100-01)_구본",채점자명,"채 점 자 명",V5,text
M4100-01,M-4100,"사무용 3정 5S 진단 SHEET(M4100-01)_구본",작성,"작 성",X2,text
M4100-01,M-4100,"사무용 3정 5S 진단 SHEET(M4100-01)_구본",검토,"검 토",AA2,text
M4100-01,M-4100,"사무용 3정 5S 진단 SHEET(M4100-01)_구본",승인,"승 인",AD2,text
M4100-01,M-4100,"사무용 3정 5S 진단 SHEET(M4100-01)_구본",합계,"합 계",V6,text
M4100-02,M-4100,"현장용 3정 5S 진단 SHEET(M4100-02)_구본",부서명,"부 서 명",I5,text
M4100-02,M-4100,"현장용 3정 5S 진단 SHEET(M4100-02)_구본",채점자명,"채 점 자 명",V5,text
M4100-02,M-4100,"현장용 3정 5S 진단 SHEET(M4100-02)_구본",작성,"작 성",X2,text
M4100-02,M-4100,"현장용 3정 5S 진단 SHEET(M4100-02)_구본",검토,"검 토",AA2,text
M4100-02,M-4100,"현장용 3정 5S 진단 SHEET(M4100-02)_구본",승인,"승 인",AD2,text
M4100-02,M-4100,"현장용 3정 5S 진단 SHEET(M4100-02)_구본",합계,"합 계",V6,text
M4200-01,M-4200,"정밀인발(인발)_조도측정 체크시트(M4200-01)",1공정LAYOUT,"1.공정 LAY-OUT",A5,text
M4200-01,M-4200,"정밀인발(인발)_조도측정 체크시트(M4200-01)",측정값,"측정값",Q21,text
M4200-01,M-4200,"정밀인발(인발)_조도측정 체크시트(M4200-01)",600,"600",O23,text
M4200-01,M-4200,"정밀인발(인발)_조도측정 체크시트(M4200-01)",500,"500",AF23,text
M4200-01,M-4200,"정밀인발(인발)_조도측정 체크시트(M4200-01)",7,"7",A37,text
M4200-01,M-4200,"필라넥(가공)_조도측정 체크시트(M4200-01)",500,"500",AF27,text
M4200-01,M-4200,"필라넥(가공)_조도측정 체크시트(M4200-01)",측정값,"측정값",Q25,text
M4200-01,M-4200,"필라넥(가공)_조도측정 체크시트(M4200-01)",1공정LAYOUT,"1.공정 LAY-OUT",A5,text
M4200-01,M-4200,"필라넥(가공)_조도측정 체크시트(M4200-01)",600,"600",O27,text
M4200-01,M-4200,"필라넥(가공)_조도측정 체크시트(M4200-01)",1500,"1500",O31,text
M4200-01,M-4200,"필라넥(가공)_조도측정 체크시트(M4200-01)",600,"600",O32,text
M4200-01,M-4200,"필라넥(가공)_조도측정 체크시트(M4200-01)",1500,"1500",AF30,text
M4200-01,M-4200,"필라넥(가공)_조도측정 체크시트(M4200-01)",600,"600",AF33,text
M4200-01,M-4200,"필라넥(가공)_조도측정 체크시트(M4200-01)",300,"300",AF28,text
M4200-01,M-4200,"필라넥(가공)_조도측정 체크시트(M4200-01)",10,"10",A37,text
M4200-01,M-4200,"필라넥(도장)_조도측정 체크시트(M4200-01)",1공정LAYOUT,"1.공정 LAY-OUT",A5,text
M4200-01,M-4200,"필라넥(도장)_조도측정 체크시트(M4200-01)",300,"300",AF41,text
M4200-01,M-4200,"필라넥(도장)_조도측정 체크시트(M4200-01)",측정값,"측정값",Q27,text
M4200-01,M-4200,"필라넥(도장)_조도측정 체크시트(M4200-01)",300,"300",O29,text
M4200-01,M-4200,"필라넥(도장)_조도측정 체크시트(M4200-01)",1500,"1500",AF38,text
M4200-01,M-4200,"필라넥(도장)_조도측정 체크시트(M4200-01)",300,"300",AF29,text
M4200-01,M-4200,"필라넥(조립)_조도측정 체크시트(M4200-01)",측정값,"측정값",Q12,text
M4200-01,M-4200,"필라넥(조립)_조도측정 체크시트(M4200-01)",600,"600",O14,text
M4200-01,M-4200,"필라넥(조립)_조도측정 체크시트(M4200-01)",1공정LAYOUT,"1.공정 LAY-OUT",A5,text
M4200-01,M-4200,"필라넥(조립)_조도측정 체크시트(M4200-01)",600,"600",AF14,text
M4200-01,M-4200,"필라넥(조립)_조도측정 체크시트(M4200-01)",23,"23",R36,text
M4200-01,M-4200,"필라넥(측정실)_조도측정 체크시트(M4200-01)",1공정LAYOUT,"1.공정 LAY-OUT",A5,text
M4200-01,M-4200,"필라넥(측정실)_조도측정 체크시트(M4200-01)",측정값,"측정값",Q20,text
M4200-01,M-4200,"필라넥(측정실)_조도측정 체크시트(M4200-01)",1500,"1500",O22,text
M4200-01,M-4200,"필라넥(측정실)_조도측정 체크시트(M4200-01)",2,"2",A32,text
M4200-01,M-4200,"필라넥(측정실)_조도측정 체크시트(M4200-01)",1500,"1500",AF22,text
M4200-01,M-4200,"정밀강관_조도측정 체크시트(M4200-01)",1공정LAYOUT,"1.공정 LAY-OUT",A5,text
M4200-01,M-4200,"정밀강관_조도측정 체크시트(M4200-01)",측정값,"측정값",Q21,text
M4200-01,M-4200,"정밀강관_조도측정 체크시트(M4200-01)",600,"600",O23,text
M4200-01,M-4200,"정밀강관_조도측정 체크시트(M4200-01)",500,"500",AF23,text
M4200-01,M-4200,"정밀강관_조도측정 체크시트(M4200-01)",7,"7",A37,text
M4200-01,M-4200,"쇼바용접_조도측정 체크시트(M4200-01)",1공정LAYOUT,"1.공정 LAY-OUT",A5,text
M4200-01,M-4200,"쇼바용접_조도측정 체크시트(M4200-01)",측정자,"측정자",Q29,text
M4200-01,M-4200,"쇼바용접_조도측정 체크시트(M4200-01)",측정시간,"측정 시간",AC29,text
M4200-01,M-4200,"쇼바용접_조도측정 체크시트(M4200-01)",1500,"1500",V48,text
M4200-01,M-4200,"쇼바용접_조도측정 체크시트(M4200-01)",1500,"1500",AT38,text
M4200-01,M-4200,"쇼바용접_조도측정 체크시트(M4200-01)",1500,"1500",V32,text
M4200-01,M-4200,"쇼바용접_조도측정 체크시트(M4200-01)",1500,"1500",V34,text
M4200-01,M-4200,"쇼바용접_조도측정 체크시트(M4200-01)",1500,"1500",V46,text
M4200-01,M-4200,"쇼바용접_조도측정 체크시트(M4200-01)",150,"150",AT40,text
M4200-01,M-4200,"쇼바용접_조도측정 체크시트(M4200-01)",1500,"1500",V38,text
M4200-01,M-4200,"쇼바용접_조도측정 체크시트(M4200-01)",1500,"1500",V40,text
M4200-01,M-4200,"쇼바용접_조도측정 체크시트(M4200-01)",1500,"1500",AT36,text
M4200-01,M-4200,"쇼바용접_조도측정 체크시트(M4200-01)",1500,"1500",AT34,text
M4200-01,M-4200,"쇼바용접_조도측정 체크시트(M4200-01)",1500,"1500",AT32,text
M4200-01,M-4200,"쇼바용접_조도측정 체크시트(M4200-01)",1500,"1500",V36,text
M4200-01,M-4200,"쇼바용접_조도측정 체크시트(M4200-01)",9,"9",A50,text
M4200-01,M-4200,"쇼바용접_조도측정 체크시트(M4200-01)",공정조도관리기준,"공정 조도 관리 기준",B56,text
M4200-01,M-4200,"쇼바용접_조도측정 체크시트(M4200-01)",공정조도관리기준,"공정 조도 관리 기준",Z56,text
M4200-01,M-4200,"쇼바용접_조도측정 체크시트(M4200-01)",1500,"1500",V44,text
M4200-01,M-4200,"쇼바용접_조도측정 체크시트(M4200-01)",특이사항,"특 이 사 항",AA42,text
M4200-01,M-4200,"쇼바용접_조도측정 체크시트(M4200-01)",1500,"1500",V42,text