MILL_CD,MPNO,BOM_SEQ,CPNO,JUST_QTY,REAL_QTY,LOSS_RATE,START_DATE,STOP_DATE,WRK_GBN,OUT_GBN,USE_YN,ERP_UPD_TIME,ADDYMD,ADDMAN,UPDYMD,UPDMAN,ROUTCD,COST_YN,SCRAP,NATURAL,REPLACE_YN,REPLACE_PNO,SKIP_YN
1000,39480-2A120,1,39480-2A120-L1,1,1,,2021-10-14,,,,1,,2021-10-14 16:09:08,170524,2021-12-01 15:57:22,170524,,0,,,0,,0
1000,39480-2A120-L1,1,39480-2A120-D1,1,1,,2021-10-14,,,,1,,2021-10-14 16:09:16,170524,2021-10-14 16:14:49,170524,,0,,,0,,1
1000,39480-2A120-D1,1,39480-2A120-T1,1,1,,2021-10-14,,,,1,,2021-10-14 16:09:26,170524,2021-10-14 16:14:49,170524,,0,,,0,,1
1000,39480-2A120-T1,1,39480-2A120-4,1,1,,2021-10-14,,,,1,,2021-10-14 16:09:33,170524,2021-10-14 16:14:49,170524,,0,,,0,,1
1000,39480-2A120-T1,2,39480-2A120-5,1,1,,2021-10-14,,,,1,,2021-10-14 16:09:42,170524,2021-10-14 16:14:49,170524,,0,,,0,,1
1000,39480-2A120-T1,3,39480-2A120-6,1,1,,2021-10-14,,,,1,,2021-10-14 16:09:52,170524,2021-10-14 16:14:49,170524,,0,,,0,,1
1000,39480-2A120-T1,4,39480-2A120-B3,1,1,,2021-10-14,,,,1,,2021-10-14 16:10:03,170524,2021-10-14 16:14:49,170524,,0,,,0,,1
1000,39480-2A120-T1,5,39480-2A120-B2,1,1,,2021-10-14,,,,1,,2021-10-14 16:10:12,170524,2021-10-14 16:14:49,170524,,0,,,0,,1
1000,39480-2A120-T1,6,39480-2A120-B1,1,1,,2021-10-14,,,,1,,2021-10-14 16:10:20,170524,2021-10-14 16:14:49,170524,,0,,,0,,1
1000,39480-2A120-B1,1,39480-2A120-C1,1,1,,2021-10-14,,,,1,,2021-10-14 16:14:04,170524,2021-10-14 16:14:49,170524,,0,,,0,,1
1000,39480-2A120-B3,1,39480-2A120-C3,1,1,,2021-10-14,,,,1,,2021-10-14 16:13:46,170524,2021-10-14 16:14:49,170524,,0,,,0,,1
1000,39480-2A120-B2,1,39480-2A120-C2,1,1,,2021-10-14,,,,1,,2021-10-14 16:13:54,170524,2021-10-14 16:14:49,170524,,0,,,0,,1
1000,39480-2A120,2,394712A105,1,1,,2021-10-14,,,,1,,2021-10-14 16:14:21,170524,2021-10-14 16:14:49,170524,,0,,,0,,1
1000,39480-2A120,3,394722A240,1,1,,2021-10-14,,,,1,,2021-10-14 16:14:29,170524,2021-10-14 16:14:49,170524,,0,,,0,,1
1000,C38322 50X0A,1,38322-5OXOA-D1,1,1,,2021-10-14,,,,1,,2021-10-14 16:16:24,170524,2021-10-14 16:16:51,170524,,0,,,0,,1
1000,38322-5OXOA-D1,1,38322-5OXOA-P1,1,1,,2021-10-14,,,,1,,2021-10-14 16:16:34,170524,2021-10-14 16:16:51,170524,,0,,,0,,1
1000,38322-5OXOA-P1,1,38322-5OXOA-C1,1,1,,2021-10-14,,,,1,,2021-10-14 16:16:43,170524,2021-10-14 16:16:51,170524,,0,,,0,,1
1000,31381 3MX0A,1,31381-3MX0A-D1,1,1,,2021-10-14,,,,1,,2021-10-14 16:17:10,170524,2021-10-14 16:17:34,170524,,0,,,0,,1
1000,31381-3MX0A-D1,1,31381-3MX0A-P1,1,1,,2021-10-14,,,,1,,2021-10-14 16:17:19,170524,2021-10-14 16:17:34,170524,,0,,,0,,1
1000,31381-3MX0A-P1,1,31381-3MX0A-C1,1,1,,2021-10-14,,,,1,,2021-10-14 16:17:27,170524,2021-10-14 16:17:34,170524,,0,,,0,,1
1000,28820-4A810,1,28820-4A810-L1,1,1,,2021-10-14,,,,1,,2021-10-14 16:18:12,170524,2021-11-26 14:10:01,170524,,0,,,0,,1
1000,28820-4A810-L1,1,28820-4A810-D1,1,1,,2021-10-14,,,,1,,2021-10-14 16:18:23,170524,2021-10-14 16:20:49,170524,,0,,,0,,1
1000,28820-4A810-D1,1,28820-4A810-T1,1,1,,2021-10-14,,,,1,,2021-10-14 16:18:33,170524,2021-10-14 16:20:49,170524,,0,,,0,,1
1000,28820-4A810-T1,1,28820-4A910-3,1,1,,2021-10-14,,,,1,,2021-10-14 16:18:48,170524,2021-10-14 16:20:50,170524,,0,,,0,,1
1000,28820-4A810-T1,2,28820-4A910-4,1,1,,2021-10-14,,,,1,,2021-10-14 16:19:01,170524,2021-10-14 16:20:50,170524,,0,,,0,,1
1000,28820-4A810-T1,3,28820-4A810-5,1,1,,2021-10-14,,,,1,,2021-10-14 16:19:09,170524,2021-10-14 16:20:49,170524,,0,,,0,,1
1000,28820-4A810-T1,4,28820-4A810-B9,1,1,,2021-10-14,,,,1,,2021-10-14 16:19:28,170524,2021-10-14 16:20:50,170524,,0,,,0,,1
1000,28820-4A810-T1,5,28820-4A810-B2,1,1,,2021-10-14,,,,1,,2021-10-14 16:19:38,170524,2021-10-14 16:20:50,170524,,0,,,0,,1
1000,28820-4A810-T1,6,28820-4A810-Q1,1,1,,2021-10-14,,,,1,,2021-10-14 16:19:47,170524,2021-10-14 16:20:50,170524,,0,,,0,,1
1000,28820-4A810-B2,1,28820-4A810-C2,1,1,,2021-10-14,,,,1,,2021-10-14 16:20:08,170524,2021-10-14 16:20:50,170524,,0,,,0,,1
1000,28820-4A810-B9,1,28820-4A810-C9,1,1,,2021-10-14,,,,1,,2021-10-14 16:20:16,170524,2021-10-14 16:20:50,170524,,0,,,0,,1
1000,28820-4A810,2,288114A001,1,1,,2021-10-14,,,,1,,2021-10-14 16:20:30,170524,2021-10-14 16:20:49,170524,,0,,,0,,1
1000,28820-4A801,1,28820-4A801-L1,1,1,,2021-10-14,,,,1,,2021-10-14 16:21:05,170524,2021-11-26 14:09:57,170524,,0,,,0,,1
1000,28820-4A801-L1,1,28820-4A801-D1,1,1,,2021-10-14,,,,1,,2021-10-14 16:21:13,170524,2021-10-14 16:22:33,170524,,0,,,0,,1
1000,28820-4A801-D1,1,28820-4A801-T1,1,1,,2021-10-14,,,,1,,2021-10-14 16:21:23,170524,2021-10-14 16:22:33,170524,,0,,,0,,1
1000,28820-4A801-T1,1,28820-4A910-3,1,1,,2021-10-14,,,,1,,2021-10-14 16:21:31,170524,2021-10-14 16:22:33,170524,,0,,,0,,1
1000,28820-4A801-T1,2,28820-4A910-4,1,1,,2021-10-14,,,,1,,2021-10-14 16:21:40,170524,2021-10-14 16:22:33,170524,,0,,,0,,1
1000,28820-4A801-T1,3,28820-4A810-B9,1,1,,2021-10-14,,,,1,,2021-10-14 16:21:50,170524,2021-10-14 16:22:33,170524,,0,,,0,,1
1000,28820-4A801-T1,4,28820-4A801-Q1,1,1,,2021-10-14,,,,1,,2021-10-14 16:22:09,170524,2021-10-14 16:22:33,170524,,0,,,0,,1
1000,28820-4A801,2,288114A001,1,1,,2021-10-14,,,,1,,2021-10-14 16:22:23,170524,2021-10-14 16:22:33,170524,,0,,,0,,1
1000,45264-3D000,1,45264-3D000-L1,1,1,,2021-10-15,,,,1,,2021-10-15 15:12:12,170524,2021-11-26 14:13:11,170524,,0,,,0,,1
1000,45264-3D000-L1,1,45264-3D000-D1,1,1,,2021-10-15,,,,1,,2021-10-15 15:12:24,170524,2021-10-15 15:17:14,170524,,0,,,0,,1
1000,45264-3D000-D1,1,45264-3D000-T1,1,1,,2021-10-15,,,,1,,2021-10-15 15:12:33,170524,2021-10-15 15:17:14,170524,,0,,,0,,1
1000,45264-3D000-T1,3,45264-3D000-B3,1,1,,2021-10-15,,,,1,,2021-10-15 15:13:26,170524,2021-11-26 14:13:11,170524,,0,,,0,,1
1000,45264-3D000-B3,1,45264-3D000-R3,1,1,,2021-10-15,,,,1,,2021-10-15 15:13:42,170524,2021-11-26 14:13:11,170524,,0,,,0,,1
1000,45264-3D000-R3,1,45264-3D000-O3,1,1,,2021-10-15,,,,1,,2021-10-15 15:13:56,170524,2021-11-26 14:13:11,170524,,0,,,0,,1
1000,45264-3D000-O3,1,45264-3D000-C3,1,1,,2021-10-15,,,,1,,2021-10-15 15:14:07,170524,2021-10-15 15:17:14,170524,,0,,,0,,1
1000,45264-3D000-O3,2,MF650005-1(24구압입용),2,2,,2021-10-15,,,,1,,2021-10-15 15:14:18,170524,2021-10-15 15:17:14,170524,,0,,,0,,1
1000,45264-3D000-T1,4,45264-3D000-B2,1,1,,2021-10-15,,,,1,,2021-10-15 15:14:36,170524,2021-11-26 14:13:11,170524,,0,,,0,,1
1000,45264-3D000-B2,1,45264-3D000-R2,1,1,,2021-10-15,,,,1,,2021-10-15 15:14:46,170524,2021-11-26 14:13:11,170524,,0,,,0,,1
1000,45264-3D000-R2,1,45264-3D000-O2,1,1,,2021-10-15,,,,1,,2021-10-15 15:15:05,170524,2021-11-26 14:13:11,170524,,0,,,0,,1
1000,45264-3D000-O2,1,45264-3D000-P2,1,1,,2021-10-15,,,,1,,2021-10-15 15:15:15,170524,2021-11-26 14:13:11,170524,,0,,,0,,1
1000,45264-3D000-P2,1,45264-3D000-C2,1,1,,2021-10-15,,,,1,,2021-10-15 15:15:26,170524,2021-10-15 15:17:14,170524,,0,,,0,,1
1000,45264-3D000-O2,2,MF650005-1(24구압입용),1,1,,2021-10-15,,,,1,,2021-10-15 15:15:36,170524,2021-10-15 15:17:14,170524,,0,,,0,,1
1000,45264-3D000-T1,5,45264-3D000-B1,1,1,,2021-10-15,,,,1,,2021-10-15 15:15:56,170524,2021-11-26 14:13:11,170524,,0,,,0,,1
1000,45264-3D000-B1,1,45264-3D000-R1,1,1,,2021-10-15,,,,1,,2021-10-15 15:16:07,170524,2021-11-26 14:13:11,170524,,0,,,0,,1
1000,45264-3D000-R1,1,45264-3D000-O1,1,1,,2021-10-15,,,,1,,2021-10-15 15:16:19,170524,2021-11-26 14:13:11,170524,,0,,,0,,1
1000,45264-3D000-O1,1,45264-3D000-P1,1,1,,2021-10-15,,,,1,,2021-10-15 15:16:29,170524,2021-11-26 14:13:11,170524,,0,,,0,,1
1000,45264-3D000-P1,1,45264-3D000-C1,1,1,,2021-10-15,,,,1,,2021-10-15 15:16:37,170524,2021-10-15 15:17:14,170524,,0,,,0,,1
1000,45264-3D000-O1,2,MF650005-1(24구압입용),1,1,,2021-10-15,,,,1,,2021-10-15 15:16:47,170524,2021-10-15 15:17:14,170524,,0,,,0,,1
1000,45264-02440,1,45264-02440-L1,1,1,,2021-10-15,,,,1,,2021-10-15 15:18:20,170524,2021-11-26 14:12:25,170524,,0,,,0,,1
1000,45264-02440-L1,1,45264-02440-D1,1,1,,2021-10-15,,,,1,,2021-10-15 15:18:27,170524,2021-10-15 15:22:07,170524,,0,,,0,,1
1000,45264-02440-D1,1,45264-02440-T1,1,1,,2021-10-15,,,,1,,2021-10-15 15:18:36,170524,2021-10-15 15:22:07,170524,,0,,,0,,1
1000,45264-02440-T1,1,45264-02440-B2,1,1,,2021-10-15,,,,1,,2021-10-15 15:18:45,170524,2021-10-15 15:22:07,170524,,0,,,0,,1
1000,45264-02440-B2,1,45264-02440-R2,1,1,,2021-10-15,,,,1,,2021-10-15 15:19:01,170524,2021-11-26 14:12:25,170524,,0,,,0,,1
1000,45264-02440-R2,1,45264-02440-O2,1,1,,2021-10-15,,,,1,,2021-10-15 15:19:09,170524,2021-11-26 14:12:25,170524,,0,,,0,,1
1000,45264-02440-P2,1,45264-02440-C2,1,1,,2021-10-15,,,,1,,2021-10-15 15:20:03,170524,2021-10-15 15:22:07,170524,,0,,,0,,1
1000,45264-02440-O2,1,45264-02440-P2,1,1,,2021-10-15,,,,1,,2021-10-15 15:19:32,170524,2021-11-26 14:12:25,170524,,0,,,0,,1
1000,25451-07701-S1,1,25451-07701-B2,1,1,,2021-10-15,,,,1,,2021-10-15 18:01:37,170524,2021-10-15 18:04:56,170524,,0,,,0,,1
1000,25451-07701-B2,1,25451-07701-C2,1,1,,2021-10-15,,,,1,,2021-10-15 18:01:54,170524,2021-10-15 18:04:56,170524,,0,,,0,,1
1000,25451-07701-S1,2,25451-07701-Q1,1,1,,2021-10-15,,,,1,,2021-10-15 18:02:05,170524,2021-10-15 18:04:56,170524,,0,,,0,,1
1000,25451-07701-Q1,1,25451-07701-C1,1,1,,2021-10-15,,,,1,,2021-10-15 18:02:15,170524,2021-10-15 18:04:56,170524,,0,,,0,,1
1000,25451-07701-S1,3,25451-07701-6-P1,1,1,,2021-10-15,,,,1,,2021-10-15 18:02:30,170524,2021-10-15 18:04:56,170524,,0,,,0,,1
1000,25451-07701-S1,4,25451-07850-5,1,1,,2021-10-15,,,,1,,2021-10-15 18:02:51,170524,2021-10-15 18:04:56,170524,,0,,,0,,1
1000,25451-07701-S1,5,25451-07701-4,1,1,,2021-10-15,,,,1,,2021-10-15 18:02:59,170524,2021-10-15 18:04:56,170524,,0,,,0,,1
1000,25451-07701-S1,6,25451-07850-7,1,1,,2021-10-15,,,,1,,2021-10-15 18:03:10,170524,2021-10-15 18:04:56,170524,,0,,,0,,1
1000,25450-07701,3,S2545207801,1,1,,2021-10-15,,,,1,,2021-10-15 18:03:53,170524,2021-10-15 18:04:56,170524,,0,,,0,,1
1000,25450-07701,4,25474-2M000,1,1,,2021-10-15,,,,1,,2021-10-15 18:03:59,170524,2021-10-15 18:04:56,170524,,0,,,0,,1
1000,S254523A6403,1,S25452-3A640-3-L1,1,1,,2021-11-01,,,,1,,2021-11-01 15:39:27,170524,2021-11-26 14:14:26,170524,,0,,,0,,1
1000,S25452-3A640-3-L1,1,S25452-3A640-3-T1,1,1,,2021-11-01,,,,1,,2021-11-01 15:39:32,170524,2021-11-01 15:40:33,170524,,0,,,0,,1
1000,45264-02430-G1,1,45264-02430-B1,1,1,,2024-08-19,,,,1,,2024-08-19 16:45:19,170524,2024-08-19 16:46:11,170524,,0,,,0,,1
1000,S25452-3A600-3-1-B1,1,S25452-3A600-3-1-P1,1,1,,2021-11-01,,,,1,,2021-11-01 15:39:54,170524,2022-07-22 11:40:35,170524,,0,,,0,,0
1000,S25452-3A640-3-T1,2,S25452-3A600-7,1,1,,2021-11-01,,,,1,,2021-11-01 15:40:09,170524,2021-11-01 15:40:33,170524,,0,,,0,,1
1000,S25452-3A640-3-T1,3,S25452-3A600-10,1,1,,2021-11-01,,,,1,,2021-11-01 15:40:23,170524,2021-11-01 15:40:33,170524,,0,,,0,,1
1000,25431427002,1,25431-42700-2-B1,1,1,,2021-11-01,,,,1,,2021-11-01 15:41:04,170524,2021-12-02 13:49:21,170524,,0,,,0,,0
1000,25431-42700-2-B1,1,25431-42700-2-P1,1,1,,2021-11-01,,,,1,,2021-11-01 15:41:09,170524,2021-11-26 13:52:40,170524,,0,,,0,,1
1000,25431-42700-2-P1,1,25431-42700-2-C1,1,1,,2021-11-01,,,,1,,2021-11-01 15:41:13,170524,2025-05-27 16:31:03,181129,,0,,,0,,0
1000,25431429102,1,25431-42910-2-B1,1,1,,2021-11-01,,,,1,,2021-11-01 15:41:31,170524,2021-12-02 13:49:33,170524,,0,,,0,,0
1000,25431-42910-2-B1,1,25431-42910-2-P1,1,1,,2021-11-01,,,,1,,2021-11-01 15:41:37,170524,2021-11-26 13:52:50,170524,,0,,,0,,1
1000,25431-42910-2-P1,1,25431-42910-2-C1,1,1,,2021-11-01,,,,1,,2021-11-01 15:41:43,170524,2021-11-01 15:41:49,170524,,0,,,0,,1
1000,25481398002,1,25481-39800-2-B1,1,1,,2021-11-01,,,,1,,2021-11-01 15:42:04,170524,2021-11-26 13:54:59,170524,,0,,,0,,1
1000,25481-39800-2-B1,1,25481-39800-2-P1,1,1,,2021-11-01,,,,1,,2021-11-01 15:42:08,170524,2021-11-26 13:54:59,170524,,0,,,0,,1
1000,25481-39800-2-P1,1,25481-39800-2-C1,1,1,,2021-11-01,,,,1,,2021-11-01 15:42:13,170524,2021-11-01 15:42:18,170524,,0,,,0,,1
1000,25431426001,1,25431-42600-1-B1,1,1,,2021-11-01,,,,1,,2021-11-01 15:42:30,170524,2021-12-02 13:49:17,170524,,0,,,0,,0
1000,25431-42600-1-B1,1,25431-42600-1-P1,1,1,,2021-11-01,,,,1,,2021-11-01 15:42:39,170524,2021-11-26 13:52:36,170524,,0,,,0,,1
1000,25431-42600-1-P1,1,25431-42600-1-C1,1,1,,2021-11-01,,,,1,,2021-11-01 15:42:43,170524,2021-11-01 15:42:46,170524,,0,,,0,,1
1000,25431425405,1,25431-42540-5-B1,1,1,,2021-11-01,,,,1,,2021-11-01 15:42:55,170524,2021-12-02 13:49:13,170524,,0,,,0,,0
1000,25431-42540-5-B1,1,25431-42540-5-P1,1,1,,2021-11-01,,,,1,,2021-11-01 15:42:59,170524,2021-11-26 13:52:33,170524,,0,,,0,,1
1000,25431-42540-5-P1,1,25431-42540-5-C1,1,1,,2021-11-01,,,,1,,2021-11-01 15:43:05,170524,2021-11-01 15:43:07,170524,,0,,,0,,1
1000,25431425208,1,25431-42520-8-B1,1,1,,2021-11-01,,,,1,,2021-11-01 15:43:16,170524,2021-12-02 13:49:10,170524,,0,,,0,,0
1000,25431-42520-8-B1,1,25431-42520-8-P1,1,1,,2021-11-01,,,,1,,2021-11-01 15:43:24,170524,2021-11-26 13:52:30,170524,,0,,,0,,1
1000,25431-42520-8-P1,1,25431-42520-8-C1,1,1,,2021-11-01,,,,1,,2021-11-01 15:43:30,170524,2021-11-01 15:43:32,170524,,0,,,0,,1
1000,25431427202,1,25431-42720-2-B1,1,1,,2021-11-01,,,,1,,2021-11-01 15:43:42,170524,2021-12-02 13:49:24,170524,,0,,,0,,0
1000,25431-42720-2-B1,1,25431-42720-2-P1,1,1,,2021-11-01,,,,1,,2021-11-01 15:43:47,170524,2021-11-26 13:52:43,170524,,0,,,0,,1
1000,25431-42720-2-P1,1,25431-42720-2-C1,1,1,,2021-11-01,,,,1,,2021-11-01 15:43:52,170524,2025-05-27 16:30:03,181129,,0,,,0,,0
1000,25431428506,1,25431-42850-6-B1,1,1,,2021-11-01,,,,1,,2021-11-01 15:44:03,170524,2021-12-02 13:49:29,170524,,0,,,0,,0
1000,25431-42850-6-B1,1,25431-42850-6-P1,1,1,,2021-11-01,,,,1,,2021-11-01 15:44:08,170524,2021-11-26 13:52:46,170524,,0,,,0,,1
1000,25431-42850-6-P1,1,25431-42850-6-C1,1,1,,2021-11-01,,,,1,,2021-11-01 15:44:12,170524,2021-11-01 15:44:15,170524,,0,,,0,,1
1000,31045M2XX0,1,31045-M2XX0-B1,1,1,,2021-11-01,,,,1,,2021-11-01 15:44:58,170524,2021-12-01 17:43:08,170524,,0,,,0,,0
1000,31045-M2XX0-B1,1,31045-M2XX0-P1,1,1,,2021-11-01,,,,1,,2021-11-01 15:45:03,170524,2021-11-26 14:10:34,170524,,0,,,0,,1
1000,25076-43300-D1,1,25076-43300-B1,1,1,,2021-11-01,,,,1,,2021-11-01 15:45:35,170524,2021-11-01 15:45:45,170524,,0,,,0,,1
1000,25076-43300-B1,1,25076-43300-C1,1,1,,2021-11-01,,,,1,,2021-11-01 15:45:39,170524,2021-11-01 15:45:45,170524,,0,,,0,,1
1000,38131-84300,1,38131-84300-L2,1,1,,2021-11-01,,,,1,,2021-11-01 15:46:20,170524,2021-11-26 14:11:10,170524,,0,,,0,,1
1000,38131-84300-L2,1,38131-84300-D1,1,1,,2021-11-01,,,,1,,2021-11-01 15:46:26,170524,2021-11-01 15:51:27,170524,,0,,,0,,1
1000,38131-84300-D1,1,38131-84300-L1,1,1,,2021-11-01,,,,1,,2021-11-01 15:46:30,170524,2022-01-25 11:45:40,170524,,0,,,0,,1
1000,38131-84300-L1,1,38131-84300-T1,1,1,,2021-11-01,,,,1,,2021-11-01 15:46:38,170524,2021-11-01 15:51:27,170524,,0,,,0,,1
1000,45264-02430-G1,2,28240-2F000-6,2,2,,2024-08-19,,,,1,,2024-08-19 16:45:50,170524,2026-06-26 09:47:34,170524,,0,,,0,,1
1000,38131-84300-R1,1,38131-84300-G1,1,1,,2021-11-01,,,,1,,2021-11-01 15:46:52,170524,2021-11-01 15:51:27,170524,,0,,,0,,1
1000,38131-84300-G1,1,38131-84300-C2,1,1,,2021-11-01,,,,1,,2021-11-01 15:47:29,170524,2021-11-01 15:51:27,170524,,0,,,0,,1
1000,38131-84300-G1,4,38600-84301,2,2,,2021-11-01,,,,1,,2021-11-01 15:49:32,170524,2021-11-01 15:51:27,170524,,0,,,0,,1
1000,38131-84300-B1,1,38131-84300-C1,1,1,,2021-11-01,,,,1,,2021-11-01 15:49:53,170524,2021-11-01 15:51:27,170524,,0,,,0,,1
1000,31303-84200,1,31303-84200-L1,1,1,,2021-11-01,,,,1,,2021-11-01 15:51:43,170524,2021-11-26 14:10:41,170524,,0,,,0,,1
1000,31303-84200-L1,1,31303-84200-D1,1,1,,2021-11-01,,,,1,,2021-11-01 15:51:48,170524,2021-11-01 15:54:27,170524,,0,,,0,,1
1000,25471-4CC00,1,25470-4CC00-D1,1,1,,2024-08-22,,,,1,,2024-08-22 09:12:07,170524,2024-08-22 09:12:33,170524,,0,,,0,,1
1000,28235-2B700-K2,3,28250-2G400-1,1,1,,2024-09-30,,,,1,,2024-09-30 20:07:49,170524,2024-09-30 20:08:41,170524,,0,,,0,,1
1000,28235-2B700-K3,2,28250-2G400-1,1,1,,2024-09-30,,,,1,,2024-09-30 20:08:33,170524,2024-09-30 20:08:41,170524,,0,,,0,,1
1000,31303-84200-O1,1,31303-84200-P1,1,1,,2021-11-01,,,,1,,2021-11-01 15:52:19,170524,2024-11-26 16:11:32,181129,,0,,,0,,0
1000,31303-84200-P1,1,31303-84200-C1,1,1,,2021-11-01,,,,1,,2021-11-01 15:52:24,170524,2024-11-26 16:11:32,181129,,0,,,0,,0
1000,38600-52530-G1,1,38600-52530-B4,1,1,,2021-11-01,,,,1,,2021-11-01 15:55:27,170524,2021-11-01 15:58:45,170524,,0,,,0,,1
1000,38600-52530-T1,1,38600-52530-R1,1,1,,2021-11-01,,,,1,,2021-11-01 15:55:12,170524,2021-11-01 15:58:45,170524,,0,,,0,,1
1000,38600-52530-R1,1,38600-52530-G1,1,1,,2021-11-01,,,,1,,2021-11-01 15:55:19,170524,2021-11-01 15:58:45,170524,,0,,,0,,1
1000,38600-52530-G1,2,38600-52530-B5,1,1,,2021-11-01,,,,1,,2021-11-01 15:55:32,170524,2021-11-01 15:58:45,170524,,0,,,0,,1
1000,38600-52530-G1,7,3811452500,1,1,,2021-11-01,,,,1,,2021-11-01 15:57:45,170524,2021-11-01 15:58:45,170524,,0,,,0,,1
1000,38600-52530-G1,9,38600-52530-2,2,2,,2021-11-01,,,,1,,2021-11-01 15:58:03,170524,2021-11-01 15:58:45,170524,,0,,,0,,1
1000,38600-52530-G1,5,1522815000,1,1,,2021-11-01,,,,1,,2021-11-01 15:56:53,170524,2021-11-01 15:58:45,170524,,0,,,0,,1
1000,38600-52530-G1,6,1522024151,1,1,,2021-11-01,,,,1,,2021-11-01 15:56:59,170524,2021-11-01 15:58:45,170524,,0,,,0,,1
1000,25450-07260,5,25475-2M000,1,1,,2024-01-16,,,,1,,2024-01-16 13:56:38,170524,2024-01-16 13:56:41,170524,,0,,,0,,1
1000,38600-52530-B4,1,38600-52530-C4,1,1,,2021-11-01,,,,1,,2021-11-01 15:58:12,170524,2021-11-01 15:58:45,170524,,0,,,0,,1
1000,38600-52530-B5,1,38600-52530-C5,1,1,,2021-11-01,,,,1,,2021-11-01 15:58:18,170524,2021-11-01 15:58:45,170524,,0,,,0,,1
1000,28270-5C010,1,28270-5C010-L1,1,1,,2021-11-01,,,,1,,2021-11-01 15:59:01,170524,2021-11-26 13:56:00,170524,,0,,,0,,1
1000,28270-5C010-L1,1,28270-5C010-D1,1,1,,2021-11-01,,,,1,,2021-11-01 15:59:07,170524,2021-11-01 16:00:16,170524,,0,,,0,,1
1000,28270-5C010-D1,1,28270-5C010-R1,1,1,,2021-11-01,,,,1,,2021-11-01 15:59:11,170524,2021-11-01 16:00:16,170524,,0,,,0,,1
1000,28270-5C010-R1,1,28270-5C010-G1,1,1,,2021-11-01,,,,1,,2021-11-01 15:59:17,170524,2021-11-26 13:56:00,170524,,0,,,0,,1
1000,28270-5C010-G1,1,28271-5C010-B1,1,1,,2021-11-01,,,,1,,2021-11-01 15:59:23,170524,2021-11-01 16:00:16,170524,,0,,,0,,1
1000,28271-5C010-B1,1,28271-5C010-C1,1,1,,2021-11-01,,,,1,,2021-11-01 15:59:32,170524,2021-11-01 16:00:16,170524,,0,,,0,,1
1000,28270-5C010-G1,2,MF65000(24구가접용),2,2,,2021-11-01,,,,1,,2021-11-01 15:59:41,170524,2021-11-01 16:00:16,170524,,0,,,0,,1
1000,28270-5C010-G1,3,28274-5C010(28270-5C010),1,1,,2021-11-01,,,,1,,2021-11-01 15:59:49,170524,2021-11-01 16:00:16,170524,,0,,,0,,1
1000,28275-5C010,1,28275-5C010-L1,1,1,,2021-11-01,,,,1,,2021-11-01 16:00:31,170524,2021-11-26 13:56:16,170524,,0,,,0,,1
1000,28275-5C010-L1,1,28275-5C010-D1,1,1,,2021-11-01,,,,1,,2021-11-01 16:00:37,170524,2021-11-01 16:02:00,170524,,0,,,0,,1
1000,28275-5C010-D1,1,28275-5C010-R1,1,1,,2021-11-01,,,,1,,2021-11-01 16:00:42,170524,2021-11-01 16:02:00,170524,,0,,,0,,1
1000,28275-5C010-R1,1,28275-5C010-G1,1,1,,2021-11-01,,,,1,,2021-11-01 16:00:47,170524,2021-11-01 16:02:00,170524,,0,,,0,,1
1000,28275-5C010-G1,1,28276-5C010-B1,1,1,,2021-11-01,,,,1,,2021-11-01 16:00:55,170524,2021-11-01 16:02:00,170524,,0,,,0,,1
1000,28276-5C010-B1,1,28276-5C010-P1,1,1,,2021-11-01,,,,1,,2021-11-01 16:01:00,170524,2021-11-26 13:56:16,170524,,0,,,0,,1
1000,28276-5C010-P1,1,28276-5C010-C1,1,1,,2021-11-01,,,,1,,2021-11-01 16:01:05,170524,2021-11-01 16:02:00,170524,,0,,,0,,1
1000,28275-5C010,2,282785C010,1,1,,2021-11-01,,,,1,,2021-11-01 16:01:18,170524,2021-11-01 16:02:00,170524,,0,,,0,,1
1000,28275-5C010-G1,2,MF65000(24구가접용),1,1,,2021-11-01,,,,1,,2021-11-01 16:01:27,170524,2021-11-01 16:02:00,170524,,0,,,0,,1
1000,28275-5C010-G1,3,28275-5C010-2(28275-5C010),1,1,,2021-11-01,,,,1,,2021-11-01 16:01:36,170524,2021-11-01 16:02:00,170524,,0,,,0,,1
1000,25431425205,1,25431-42520-5-B1,1,1,,2021-11-01,,,,1,,2021-11-01 16:02:29,170524,2021-12-02 13:49:05,170524,,0,,,0,,0
1000,25431-42520-5-B1,1,25431-42520-5-P1,1,1,,2021-11-01,,,,1,,2021-11-01 16:02:34,170524,2021-11-26 13:52:26,170524,,0,,,0,,1
1000,25431-42520-5-P1,1,25431-42520-5-C1,1,1,,2021-11-01,,,,1,,2021-11-01 16:02:38,170524,2021-11-01 16:02:41,170524,,0,,,0,,1
1000,45264-23650,1,45264-23650-L1,1,1,,2021-11-24,,,,1,,2021-11-24 14:11:32,170524,2021-11-24 14:16:37,170524,,0,,,0,,1
1000,45264-23650-L1,1,45264-23650-D1,1,1,,2021-11-24,,,,1,,2021-11-24 14:11:41,170524,2021-11-24 14:16:37,170524,,0,,,0,,1
1000,45264-23650-D1,1,45264-23650-T1,1,1,,2021-11-24,,,,1,,2021-11-24 14:11:49,170524,2021-11-24 14:16:37,170524,,0,,,0,,1
1000,45264-23650-T1,1,45264-23650-B2,1,1,,2021-11-24,,,,1,,2021-11-24 14:11:59,170524,2021-11-24 14:16:37,170524,,0,,,0,,1
1000,45264-23650-T1,2,45264-23650-B1,1,1,,2021-11-24,,,,1,,2021-11-24 14:12:06,170524,2021-11-24 14:16:37,170524,,0,,,0,,1
1000,45264-23650-B1,1,45264-23650-R1,1,1,,2021-11-24,,,,1,,2021-11-24 14:12:13,170524,2021-11-24 14:16:37,170524,,0,,,0,,1
1000,45264-23650-R1,1,45264-23650-O1,1,1,,2021-11-24,,,,1,,2021-11-24 14:12:22,170524,2021-11-24 14:16:37,170524,,0,,,0,,1
1000,45264-23650-O1,1,45264-23650-P1,1,1,,2021-11-24,,,,1,,2021-11-24 14:12:33,170524,2025-06-25 17:22:10,181129,,0,,,0,,0
1000,45264-23650-P1,1,45264-23650-C1,1,1,,2021-11-24,,,,1,,2021-11-24 14:12:41,170524,2025-06-25 17:22:10,181129,,0,,,0,,0
1000,45264-23650-O1,2,452643A5605,1,1,,2021-11-24,,,,1,,2021-11-24 14:12:52,170524,2021-11-24 14:16:37,170524,,0,,,0,,1
1000,45264-23650-T1,4,45264-23650-4,1,1,,2021-11-24,,,,1,,2021-11-24 14:13:11,170524,2021-11-24 14:16:37,170524,,0,,,0,,1
1000,45264-23650-T1,5,45264-23650-6,1,1,,2021-11-24,,,,1,,2021-11-24 14:13:18,170524,2021-11-24 14:16:37,170524,,0,,,0,,1
1000,45264-23650-B2,1,45264-23650-R2,1,1,,2021-11-24,,,,1,,2021-11-24 14:13:27,170524,2021-11-24 14:16:37,170524,,0,,,0,,1
1000,45264-23650-R2,1,45264-23650-O2,1,1,,2021-11-24,,,,1,,2021-11-24 14:13:34,170524,2021-11-24 14:16:37,170524,,0,,,0,,1
1000,45264-23650-O2,1,45264-23650-P2,1,1,,2021-11-24,,,,1,,2021-11-24 14:13:41,170524,2025-06-25 17:22:10,181129,,0,,,0,,0
1000,45264-23650-P2,1,45264-23650-C2,1,1,,2021-11-24,,,,1,,2021-11-24 14:13:48,170524,2025-06-25 17:22:10,181129,,0,,,0,,0
1000,45264-23650-O2,2,452643A5605,1,1,,2021-11-24,,,,1,,2021-11-24 14:14:17,170524,2021-11-24 14:16:37,170524,,0,,,0,,1
1000,38131-48803-B1,1,38132-48803-C1,1,1,,2021-11-24,,,,1,,2021-11-24 14:22:55,170524,2021-11-24 14:22:58,170524,,0,,,0,,1
1000,45264-23601(신형),1,45264-23601-L1(신형),1,1,,2021-11-24,,,,1,,2021-11-24 14:42:53,170524,2021-11-24 14:59:09,170524,,0,,,0,,1
1000,45264-23601-L1(신형),1,45264-23601-D1(신형),1,1,,2021-11-24,,,,1,,2021-11-24 14:43:01,170524,2021-11-24 14:59:09,170524,,0,,,0,,1
1000,45264-23601-D1(신형),1,45264-23601-T1(신형),1,1,,2021-11-24,,,,1,,2021-11-24 14:43:08,170524,2021-11-24 14:59:09,170524,,0,,,0,,1
1000,45264-23601-T1(신형),1,45264-23601-B2,1,1,,2021-11-24,,,,1,,2021-11-24 14:43:14,170524,2021-11-24 14:59:09,170524,,0,,,0,,1
1000,45264-23601-B2,1,45264-23601-R2,1,1,,2021-11-24,,,,1,,2021-11-24 14:56:58,170524,2021-11-24 14:59:09,170524,,0,,,0,,1
1000,45264-23601-R2,1,45264-23601-O2,1,1,,2021-11-24,,,,1,,2021-11-24 14:57:05,170524,2021-11-24 14:59:09,170524,,0,,,0,,1
1000,45264-23601-O2,1,45264-23601-P2,1,1,,2021-11-24,,,,1,,2021-11-24 14:57:10,170524,2025-01-09 11:17:49,170524,,0,,,0,,0
1000,45264-23601-P2,1,45264-23601-C2,1,1,,2021-11-24,,,,1,,2021-11-24 14:57:16,170524,2025-01-10 16:16:09,181129,,0,,,0,,0
1000,45264-23601-T1(신형),2,45264-23601-B1,1,1,,2021-11-24,,,,1,,2021-11-24 14:57:25,170524,2021-11-24 14:59:09,170524,,0,,,0,,1
1000,45264-23601-B1,1,45264-23601-R1,1,1,,2021-11-24,,,,1,,2021-11-24 14:57:37,170524,2021-11-24 14:59:09,170524,,0,,,0,,1
1000,45264-23601-R1,1,45264-23601-O1,1,1,,2021-11-24,,,,1,,2021-11-24 14:57:46,170524,2021-11-24 14:59:09,170524,,0,,,0,,1
1000,45264-23601-O1,1,45264-23601-P1,1,1,,2021-11-24,,,,1,,2021-11-24 14:57:52,170524,2025-01-09 11:17:49,170524,,0,,,0,,0
1000,45264-23601-P1,1,45264-23601-C1,1,1,,2021-11-24,,,,1,,2021-11-24 14:57:57,170524,2025-01-10 16:16:09,181129,,0,,,0,,0
1000,45264-23601-T1(신형),3,45264-23601-4,1,1,,2021-11-24,,,,1,,2021-11-24 14:58:06,170524,2021-11-24 14:59:09,170524,,0,,,0,,1
1000,45264-23601-T1(신형),4,45264-23601-3(신형),1,1,,2021-11-24,,,,1,,2021-11-24 14:58:14,170524,2021-11-24 14:59:09,170524,,0,,,0,,1
1000,45264-23601-O1,2,452643A5605,1,1,,2021-11-24,,,,1,,2021-11-24 14:58:46,170524,2021-11-24 14:59:09,170524,,0,,,0,,1
1000,45264-23601-O2,2,452643A5605,1,1,,2021-11-24,,,,1,,2021-11-24 14:58:54,170524,2021-11-24 14:59:09,170524,,0,,,0,,1
1000,25411-2R000-L2,1,25411-2R000-D1,1,1,,2021-10-14,,,,1,,2021-10-14 13:49:09,170524,2021-10-14 13:52:45,170524,,0,,,0,,1
1000,25411-2R000-D1,1,25411-2R000-L1,1,1,,2021-10-14,,,,1,,2021-10-14 13:49:25,170524,2021-12-01 15:48:48,170524,,0,,,0,,1
1000,25411-2R000-L1,2,25411-2R000-R1,1,1,,2021-10-14,,,,1,,2021-10-14 13:49:36,170524,2021-11-24 15:24:08,170524,,0,,,0,,1
1000,25411-2R000-S1,3,25411-2R000-P3,1,1,,2021-10-14,,,,1,,2021-10-14 13:50:48,170524,2021-10-14 13:52:45,170524,,0,,,0,,1
1000,25411-2R000-R1,1,25411-2R000-S2,1,1,,2021-10-13,,,,1,,2021-10-13 16:15:53,170524,2022-12-14 11:53:17,170524,,0,,,0,,1
1000,25411-2R000-S2,1,25411-2R000-2,1,1,,2021-10-13,,,,1,,2021-10-13 16:16:11,170524,2021-10-14 15:21:48,170524,,0,,,0,,1
1000,25411-2R000-K1,1,25411-2R000-6-1,1,1,,2021-10-14,,,,1,,2021-10-14 13:51:17,170524,2021-10-14 13:52:45,170524,,0,,,0,,1
1000,25411-2R000-S1,2,25411-2R000-K1,1,1,,2021-10-13,,,,1,,2021-10-13 16:17:38,170524,2021-10-14 13:52:45,170524,,0,,,0,,1
1000,25411-2R000-K1,2,25411-2R000-C1,1,1,,2021-10-14,,,,1,,2021-10-14 13:51:32,170524,2021-10-14 13:52:45,170524,,0,,,0,,1
1000,45264-3D600-O2,3,45264-3D600-P2,1,1,,2021-10-14,,,,1,,2021-10-14 15:12:48,170524,2024-11-11 15:21:45,170524,,0,,,0,,0
1000,45264-3D600-P2,1,45264-3D600-C2,1,1,,2021-10-14,,,,1,,2021-10-14 15:13:04,170524,2024-11-15 15:33:43,181129,,0,,,0,,0
1000,45264-3D600-O3,3,45264-3D600-C3,1,1,,2021-10-14,,,,1,,2021-10-14 15:13:42,170524,2021-10-14 15:14:17,170524,,0,,,0,,1
1000,25410-2R030,1,254302R000,1,1,,2021-10-14,,,,1,,2021-10-14 15:15:10,170524,2021-10-14 15:19:59,170524,,0,,,0,,1
1000,25413-2R030-D1,1,25413-2R030-R1,1,1,,2021-10-14,,,,1,,2021-10-14 15:17:32,170524,2021-10-14 15:19:59,170524,,0,,,0,,1
1000,25410-2R030,2,25413-2R030-L1,1,1,,2021-10-14,,,,1,,2021-10-14 15:16:44,170524,2021-12-01 15:48:48,170524,,0,,,0,,0
1000,25413-2R030-L1,1,25413-2R030-D1,1,1,,2021-10-14,,,,1,,2021-10-14 15:17:20,170524,2021-10-14 15:19:59,170524,,0,,,0,,1
1000,25413-2R030-R1,1,25413-2R030-S1,1,1,,2021-10-14,,,,1,,2021-10-14 15:17:47,170524,2021-11-24 15:24:14,170524,,0,,,0,,1
1000,25413-2R030-S1,1,25413-2R030-2,1,1,,2021-10-14,,,,1,,2021-10-14 15:18:00,170524,2021-10-14 15:19:59,170524,,0,,,0,,1
1000,25413-2R030-S1,2,25413-2R030-B1,1,1,,2021-10-14,,,,1,,2021-10-14 15:18:16,170524,2021-10-14 15:19:59,170524,,0,,,0,,1
1000,25410-2R030,3,25410-2R000,1,1,,2021-10-14,,,,1,,2021-10-14 15:21:19,170524,2021-10-14 15:21:30,170524,,0,,,0,,1
1000,31728 3JX9A,1,31728-3JX9A-L1,1,1,,2021-10-14,,,,1,,2021-10-14 15:22:51,170524,2021-11-26 14:10:50,170524,,0,,,0,,1
1000,31728-3JX9A-L1,1,31728-3JX9A-B1,1,1,,2021-10-14,,,,1,,2021-10-14 15:23:05,170524,2021-11-26 14:10:50,170524,,0,,,0,,1
1000,31728-3JX9A-B1,1,31728-3JX9A-R1,1,1,,2021-10-14,,,,1,,2021-10-14 15:23:15,170524,2021-11-26 14:10:50,170524,,0,,,0,,1
1000,31728-3JX9A-R1,1,31728-3JX9A-G1,1,1,,2021-10-14,,,,1,,2021-10-14 15:23:34,170524,2021-10-22 10:13:18,170524,,0,,,0,,1
1000,31728-3JX9A-C2,1,31728-3JX9A-O1,1,1,,2021-10-14,,,,1,,2021-10-14 15:24:09,170524,2021-11-26 14:10:50,170524,,0,,,0,,1
1000,31728-3JX9A-O1,1,31728-3JX9A-C1,1,1,,2021-10-14,,,,1,,2021-10-14 15:24:17,170524,2021-10-14 15:25:47,170524,,0,,,0,,1
1000,31728-3JX9A-O1,2,31728-3JX9A-4,1,1,,2021-10-14,,,,1,,2021-10-14 15:24:27,170524,2021-10-14 15:25:47,170524,,0,,,0,,1
1000,31728-3JX9A-G1,1,31728-3JX9A-3,1,1,,2021-10-14,,,,1,,2021-10-14 15:24:51,170524,2021-11-26 14:10:50,170524,,0,,,0,,1
1000,31728-3JX9A-G1,2,31728-3JX9A-C2,1,1,,2021-10-14,,,,1,,2021-10-14 15:25:26,170524,2021-11-26 14:10:50,170524,,0,,,0,,1
1000,45272-4G100-R1,1,45272-4G100-S1,1,1,,2021-10-14,,,,1,,2021-10-14 15:26:34,170524,2021-10-18 11:40:47,170524,,0,,,0,,1
1000,45272-4G100-S1,1,45272-4G100-B1,1,1,,2021-10-14,,,,1,,2021-10-14 15:26:50,170524,2021-11-26 14:13:49,170524,,0,,,0,,1
1000,45272-4G100-S1,2,45272-4G100-2,1,1,,2021-10-14,,,,1,,2021-10-14 15:27:08,170524,2021-10-14 15:28:10,170524,,0,,,0,,1
1000,45272-4G100-B1,1,45272-4G100-P1,1,1,,2021-10-14,,,,1,,2021-10-14 15:27:23,170524,2021-11-26 14:13:49,170524,,0,,,0,,1
1000,45272-4G100-P1,1,45272-4G100-Q1,1,1,,2021-10-14,,,,1,,2021-10-14 15:27:35,170524,2021-10-14 15:28:10,170524,,0,,,0,,1
1000,45272-4G100-Q1,1,45272-4G100-C1,1,1,,2021-10-14,,,,1,,2021-10-14 15:27:44,170524,2021-10-14 15:28:10,170524,,0,,,0,,1
1000,25460-2R000,1,25461-2R000-L1,1,1,,2021-10-14,,,,1,,2021-10-14 15:28:44,170524,2021-12-01 18:08:31,170524,,0,,,0,,0
1000,25461-2R000-L1,1,25461-2R000-D1,1,1,,2021-10-14,,,,1,,2021-10-14 15:28:55,170524,2021-10-14 15:30:02,170524,,0,,,0,,1
1000,25461-2R000-D1,1,25461-2R000-T1,1,1,,2021-10-14,,,,1,,2021-10-14 15:29:06,170524,2021-10-14 15:30:02,170524,,0,,,0,,1
1000,25461-2R000-T1,1,25461-2R000-B1,1,1,,2021-10-14,,,,1,,2021-10-14 15:29:19,170524,2021-10-14 15:30:02,170524,,0,,,0,,1
1000,25461-2R000-T1,2,25461-2R000-2,1,1,,2021-10-14,,,,1,,2021-10-14 15:29:30,170524,2021-10-14 15:30:02,170524,,0,,,0,,1
1000,25460-2R000,2,254622R000,1,1,,2021-10-14,,,,1,,2021-10-14 15:29:46,170524,2021-10-14 15:30:02,170524,,0,,,0,,1
1000,45264-3D900,1,45264-3D900-L1,1,1,,2021-10-14,,,,1,,2021-10-14 15:30:34,170524,2021-12-01 16:47:06,170524,,0,,,0,,1
1000,45264-3D900-L1,1,45264-3D900-D1,1,1,,2021-10-14,,,,1,,2021-10-14 15:30:44,170524,2021-10-14 15:34:30,170524,,0,,,0,,1
1000,45264-3D900-D1,1,45264-3D900-T1,1,1,,2021-10-14,,,,1,,2021-10-14 15:30:53,170524,2021-10-14 15:34:30,170524,,0,,,0,,1
1000,45264-3D900-T1,2,45264-3D900-B2,1,1,,2021-10-14,,,,1,,2021-10-14 15:31:14,170524,2026-04-13 09:36:47,170524,,0,,,0,,1
1000,45264-3D900-B2,1,45264-3D900-R2,1,1,,2021-10-14,,,,1,,2021-10-14 15:31:58,170524,2021-10-14 15:34:30,170524,,0,,,0,,1
1000,45264-3D900-R2,1,45264-3D900-O2,1,1,,2021-10-14,,,,1,,2021-10-14 15:32:11,170524,2022-05-31 18:30:00,170524,,0,,,0,,1
1000,45264-3D900-O2,1,45264-3D900-P2,1,1,,2021-10-14,,,,1,,2021-10-14 15:32:20,170524,2021-12-01 16:46:58,170524,,0,,,0,,0
1000,45264-3D900-O2,2,MF650005-1(24구압입용),1,1,,2021-10-14,,,,1,,2021-10-14 15:32:29,170524,2021-10-14 15:34:30,170524,,0,,,0,,1
1000,45264-3D900-P2,1,45264-3D900-C2,1,1,,2021-10-14,,,,1,,2021-10-14 15:32:40,170524,2021-10-14 15:34:30,170524,,0,,,0,,1
1000,45264-3D900-R1,1,45264-3D900-O1,1,1,,2021-10-14,,,,1,,2021-10-14 15:33:14,170524,2022-05-31 18:30:00,170524,,0,,,0,,1
1000,45264-3D900-O1,1,45264-3D900-P1,1,1,,2021-10-14,,,,1,,2021-10-14 15:33:26,170524,2021-12-01 16:46:58,170524,,0,,,0,,0
1000,45264-3D900-O1,2,MF650005-1(24구압입용),1,1,,2021-10-14,,,,1,,2021-10-14 15:33:37,170524,2021-10-14 15:34:30,170524,,0,,,0,,1
1000,45264-3D900-P1,1,45264-3D900-C1,1,1,,2021-10-14,,,,1,,2021-10-14 15:33:47,170524,2021-10-14 15:34:30,170524,,0,,,0,,1
1000,45270-4E010,1,45270-4E010-D1,1,1,,2021-10-14,,,,1,,2021-10-14 15:34:55,170524,2021-10-14 15:35:26,170524,,0,,,0,,1
1000,45270-4E010-D1,1,45270-4E010-B1,1,1,,2021-10-14,,,,1,,2021-10-14 15:35:03,170524,2021-10-14 15:35:26,170524,,0,,,0,,1
1000,45270-4E010-B1,1,45270-4E010-P1,1,1,,2021-10-14,,,,1,,2021-10-14 15:35:12,170524,2024-11-25 09:11:34,181129,,0,,,0,,0
1000,45270-4E010-P1,1,45270-4E010-C1,1,1,,2021-10-14,,,,1,,2021-10-14 15:35:20,170524,2024-11-25 09:11:34,181129,,0,,,0,,0
1000,45270-4E020,1,45270-4E020-D1,1,1,,2021-10-14,,,,1,,2021-10-14 15:35:36,170524,2021-10-14 15:36:11,170524,,0,,,0,,1
1000,45270-4E020-D1,1,45270-4E020-B1,1,1,,2021-10-14,,,,1,,2021-10-14 15:35:43,170524,2021-10-14 15:36:11,170524,,0,,,0,,1
1000,45270-4E020-B1,1,45270-4E020-P1,1,1,,2021-10-14,,,,1,,2021-10-14 15:35:52,170524,2024-11-25 09:11:41,181129,,0,,,0,,0
1000,45270-4E020-P1,1,45270-4E020-C1,1,1,,2021-10-14,,,,1,,2021-10-14 15:36:03,170524,2024-11-25 09:11:41,181129,,0,,,0,,0
1000,45248-4C001,1,45248-4C001-D1,1,1,,2021-10-14,,,,1,,2021-10-14 15:36:35,170524,2021-10-14 15:38:08,170524,,0,,,0,,1
1000,45248-4C001-D1,1,45248-4C001-B1,1,1,,2021-10-14,,,,1,,2021-10-14 15:36:43,170524,2021-10-14 15:38:08,170524,,0,,,0,,1
1000,45248-4C001-B1,1,45248-4C001-P1,1,1,,2021-10-14,,,,1,,2021-10-14 15:36:51,170524,2024-11-25 09:11:51,181129,,0,,,0,,0
1000,2545308200,1,25453-08200-L1,1,1,,2021-10-14,,,,1,,2021-10-14 15:38:38,170524,2021-12-01 15:47:01,170524,,0,,,0,,0
1000,45248-4C001-P1,1,45248-4C001-C1,1,1,,2021-10-14,,,,1,,2021-10-14 15:38:03,170524,2024-11-25 09:11:51,181129,,0,,,0,,0
1000,25453-08200-L1,1,25453-08200-D1,1,1,,2021-10-14,,,,1,,2021-10-14 15:38:48,170524,2021-10-14 15:40:14,170524,,0,,,0,,1
1000,25453-08200-D1,1,25453-08200-R1,1,1,,2021-10-14,,,,1,,2021-10-14 15:38:58,170524,2021-10-14 15:40:14,170524,,0,,,0,,1
1000,2545308200,2,2545408200,1,1,,2021-10-14,,,,1,,2021-10-14 15:39:51,170524,2021-10-14 15:40:14,170524,,0,,,0,,1
1000,2545308200,3,2545508200,1,1,,2021-10-14,,,,1,,2021-10-14 15:39:59,170524,2021-10-14 15:40:14,170524,,0,,,0,,1
1000,28350-2M110,1,28350-2M110-L1,1,1,,2021-10-14,,,,1,,2021-10-14 15:48:00,170524,2021-11-26 13:56:29,170524,,0,,,0,,1
1000,28350-2M110-L1,1,28350-2M110-D1,1,1,,2021-10-14,,,,1,,2021-10-14 15:48:10,170524,2021-10-14 15:52:05,170524,,0,,,0,,1
1000,28350-2M110-D1,1,28350-2M110-R1,1,1,,2021-10-14,,,,1,,2021-10-14 15:48:39,170524,2021-10-14 15:52:05,170524,,0,,,0,,1
1000,28350-2M110-R1,1,28350-2M110-S1,1,1,,2021-10-14,,,,1,,2021-10-14 15:48:57,170524,2021-11-26 13:56:29,170524,,0,,,0,,1
1000,28350-2M110-S1,1,28353-2M100-B1,1,1,,2021-10-14,,,,1,,2021-10-14 15:49:11,170524,2021-11-26 13:56:29,170524,,0,,,0,,1
1000,28350-2M110-S1,2,28353-2M100-B2,1,1,,2021-10-14,,,,1,,2021-10-14 15:49:24,170524,2021-11-26 13:56:29,170524,,0,,,0,,1
1000,28350-2M110-S1,3,28353-2M100-3,1,1,,2021-10-14,,,,1,,2021-10-14 15:49:39,170524,2021-10-14 15:52:05,170524,,0,,,0,,1
1000,28350-2M110-S1,4,28353-2M100-4,1,1,,2021-10-14,,,,1,,2021-10-14 15:49:50,170524,2021-10-14 15:52:05,170524,,0,,,0,,1
1000,28350-2M110-S1,5,28353-2M100-5,1,1,,2021-10-14,,,,1,,2021-10-14 15:50:00,170524,2021-10-14 15:52:05,170524,,0,,,0,,1
1000,28353-2M100-B2,1,28353-2M100-P2,1,1,,2021-10-14,,,,1,,2021-10-14 15:51:04,170524,2021-10-14 15:52:05,170524,,0,,,0,,1
1000,28350-2M110-S1,6,28353-2M110-6(91931-F2120),1,1,,2021-10-14,,,,1,,2021-10-14 15:50:25,170524,2021-10-14 15:52:05,170524,,0,,,0,,1
1000,28353-2M100-B1,1,28353-2M100-P1,1,1,,2021-10-14,,,,1,,2021-10-14 15:50:48,170524,2021-10-14 15:52:05,170524,,0,,,0,,1
1000,28350-2M110,2,267102M000A,1,1,,2021-10-14,,,,1,,2021-10-14 15:51:20,170524,2021-10-14 15:52:05,170524,,0,,,0,,1
1000,28350-2M100,1,28350-2M100-L1,1,1,,2021-10-14,,,,1,,2021-10-14 15:52:41,170524,2021-11-26 13:56:22,170524,,0,,,0,,1
1000,28350-2M100-L1,1,28350-2M100-D1,1,1,,2021-10-14,,,,1,,2021-10-14 15:52:52,170524,2021-10-14 15:55:40,170524,,0,,,0,,1
1000,28350-2M100-D1,1,28350-2M100-R1,1,1,,2021-10-14,,,,1,,2021-10-14 15:53:02,170524,2021-10-14 15:55:40,170524,,0,,,0,,1
1000,28350-2M100-R1,1,28350-2M100-S1,1,1,,2021-10-14,,,,1,,2021-10-14 15:53:11,170524,2021-11-10 16:25:55,170524,,0,,,0,,1
1000,28350-2M100-S1,1,28353-2M100-B1,1,1,,2021-10-14,,,,1,,2021-10-14 15:53:47,170524,2021-11-26 13:56:22,170524,,0,,,0,,1
1000,28350-2M100-S1,2,28353-2M100-B2,1,1,,2021-10-14,,,,1,,2021-10-14 15:53:55,170524,2021-11-26 13:56:22,170524,,0,,,0,,1
1000,28350-2M100-S1,3,28353-2M100-3,1,1,,2021-10-14,,,,1,,2021-10-14 15:54:07,170524,2021-10-14 15:55:40,170524,,0,,,0,,1
1000,28350-2M100-S1,6,28353-2M100-6(91931-M6050),1,1,,2021-10-14,,,,1,,2021-10-14 15:55:02,170524,2021-10-14 15:55:40,170524,,0,,,0,,1
1000,28350-2M100-S1,4,28353-2M100-4,1,1,,2021-10-14,,,,1,,2021-10-14 15:54:31,170524,2021-10-14 15:55:40,170524,,0,,,0,,1
1000,28350-2M100-S1,5,28353-2M100-5,1,1,,2021-10-14,,,,1,,2021-10-14 15:54:49,170524,2021-10-14 15:55:40,170524,,0,,,0,,1
1000,28350-2M100,2,267102M000A,1,1,,2021-10-14,,,,1,,2021-10-14 15:55:15,170524,2021-10-14 15:55:40,170524,,0,,,0,,1
1000,A28353-2M100-1,1,28353-2M100-B1,1,1,,2021-10-14,,,,1,,2021-10-14 15:57:05,170524,2021-11-26 14:14:02,170524,,0,,,0,,1
1000,A28353-2M100-2,1,28353-2M100-B2,1,1,,2021-10-14,,,,1,,2021-10-14 15:57:21,170524,2021-11-26 14:14:06,170524,,0,,,0,,1
1000,A28353-2M100-3,1,28353-2M100-3,1,1,,2021-10-14,,,,1,,2021-10-14 15:57:35,170524,2021-10-14 15:57:38,170524,,0,,,0,,1
1000,A28353-2M100-4,1,28353-2M100-4,1,1,,2021-10-14,,,,1,,2021-10-14 15:57:46,170524,2021-10-14 15:57:49,170524,,0,,,0,,1
1000,A28353-2M100-5,1,28353-2M100-5,1,1,,2021-10-14,,,,1,,2021-10-14 15:57:58,170524,2021-10-14 15:58:01,170524,,0,,,0,,1
1000,A91931-M6050,1,28353-2M100-6(91931-M6050),1,1,,2021-10-14,,,,1,,2021-10-14 15:58:15,170524,2021-10-14 15:58:18,170524,,0,,,0,,1
1000,39480-2A150,1,39480-2A150-L1,1,1,,2021-10-14,,,,1,,2021-10-14 15:59:53,170524,2023-04-06 16:42:23,211213,,0,,,0,,1
1000,39480-2A150-L1,1,39480-2A150-D1,1,1,,2021-10-14,,,,1,,2021-10-14 16:00:03,170524,2021-10-14 16:02:50,170524,,0,,,0,,1
1000,39480-2A150-D1,1,39480-2A150-T1,1,1,,2021-10-14,,,,1,,2021-10-14 16:00:12,170524,2021-10-14 16:02:50,170524,,0,,,0,,1
1000,39480-2A150-T1,1,39480-2A150-B7,1,1,,2021-10-14,,,,1,,2021-10-14 16:00:34,170524,2021-11-26 14:11:48,170524,,0,,,0,,1
1000,39480-2A150-T1,2,39480-2A150-B2,1,1,,2021-10-14,,,,1,,2021-10-14 16:00:47,170524,2021-11-26 14:11:48,170524,,0,,,0,,1
1000,39480-2A150-T1,3,39480-2A150-B1,1,1,,2021-10-14,,,,1,,2021-10-14 16:00:57,170524,2021-11-26 14:11:48,170524,,0,,,0,,1
1000,39480-2A150-T1,4,39480-2A150-3,1,1,,2021-10-14,,,,1,,2021-10-14 16:01:17,170524,2021-10-14 16:02:50,170524,,0,,,0,,1
1000,39480-2A150-T1,5,39480-2A150-4,1,1,,2021-10-14,,,,1,,2021-10-14 16:01:26,170524,2021-10-14 16:02:50,170524,,0,,,0,,1
1000,39480-2A150-T1,6,39480-2A150-8,1,1,,2021-10-14,,,,1,,2021-10-14 16:01:37,170524,2021-10-14 16:02:50,170524,,0,,,0,,1
1000,39480-2A150,2,394712A900,1,1,,2021-10-14,,,,1,,2021-10-14 16:01:56,170524,2021-10-14 16:02:50,170524,,0,,,0,,1
1000,39480-2A150-B1,1,39480-2A150-P1,1,1,,2021-10-14,,,,1,,2021-10-14 16:02:12,170524,2021-10-14 16:02:50,170524,,0,,,0,,1
1000,39480-2A150-B2,1,39480-2A150-P2,1,1,,2021-10-14,,,,1,,2021-10-14 16:02:21,170524,2021-10-14 16:02:50,170524,,0,,,0,,1
1000,39480-2A150-B7,1,39480-2A150-C3,1,1,,2021-10-14,,,,1,,2021-10-14 16:03:02,170524,2021-10-14 16:03:06,170524,,0,,,0,,1
1000,39480-2A160,1,39480-2A160-L1,1,1,,2021-10-14,,,,1,,2021-10-14 16:03:34,170524,2021-12-01 15:57:43,170524,,0,,,0,,0
1000,39480-2A160-L1,1,39480-2A160-D1,1,1,,2021-10-14,,,,1,,2021-10-14 16:03:43,170524,2021-10-14 16:05:07,170524,,0,,,0,,1
1000,39480-2A160-D1,1,39480-2A160-T1,1,1,,2021-10-14,,,,1,,2021-10-14 16:03:55,170524,2021-10-14 16:05:07,170524,,0,,,0,,1
1000,39480-2A160-T1,1,39480-2A160-B7,1,1,,2021-10-14,,,,1,,2021-10-14 16:04:13,170524,2021-11-26 14:11:55,170524,,0,,,0,,1
1000,39480-2A160-T1,2,39480-2A150-B2,1,1,,2021-10-14,,,,1,,2021-10-14 16:04:23,170524,2021-11-26 14:11:55,170524,,0,,,0,,1
1000,39480-2A160-T1,3,39480-2A150-B1,1,1,,2021-10-14,,,,1,,2021-10-14 16:04:35,170524,2021-11-26 14:11:55,170524,,0,,,0,,1
1000,39480-2A160-B7,1,39480-2A160-P7,1,1,,2021-10-14,,,,1,,2021-10-14 16:04:55,170524,2021-10-14 16:05:07,170524,,0,,,0,,1
1000,39480-2A160,2,394712A900,1,1,,2021-10-14,,,,1,,2021-10-14 16:05:21,170524,2021-10-14 16:05:42,170524,,0,,,0,,1
1000,39480-2A160,3,394712A851,1,1,,2021-10-14,,,,1,,2021-10-14 16:05:29,170524,2021-10-14 16:05:42,170524,,0,,,0,,1
1000,39480-2A160,4,394162A603,1,1,,2021-10-14,,,,1,,2021-10-14 16:05:38,170524,2021-10-14 16:05:42,170524,,0,,,0,,1
1000,39480-2A180,1,39480-2A180-D1,1,1,,2021-10-14,,,,1,,2021-10-14 16:06:39,170524,2021-10-14 16:08:45,170524,,0,,,0,,1
1000,39480-2A180-D1,1,39480-2A180-T1,1,1,,2021-10-14,,,,1,,2021-10-14 16:06:48,170524,2021-10-14 16:08:45,170524,,0,,,0,,1
1000,39480-2A180-T1,1,39480-2A180-B2,1,1,,2021-10-14,,,,1,,2021-10-14 16:06:58,170524,2021-10-14 16:08:45,170524,,0,,,0,,1
1000,39480-2A180-B2,1,39480-2A180-C2,1,1,,2021-10-14,,,,1,,2021-10-14 16:07:10,170524,2021-10-14 16:08:45,170524,,0,,,0,,1
1000,39480-2A180-T1,2,39480-2A180-B1,1,1,,2021-10-14,,,,1,,2021-10-14 16:07:23,170524,2021-10-14 16:08:45,170524,,0,,,0,,1
1000,39480-2A180-B1,1,39480-2A180-C1,1,1,,2021-10-14,,,,1,,2021-10-14 16:07:49,170524,2021-10-14 16:08:45,170524,,0,,,0,,1
1000,39480-2A180-T1,3,39480-2A150-3,1,1,,2021-10-14,,,,1,,2021-10-14 16:08:01,170524,2021-10-14 16:08:45,170524,,0,,,0,,1
1000,39480-2A180-T1,4,39480-2A150-4,1,1,,2021-10-14,,,,1,,2021-10-14 16:08:17,170524,2021-10-14 16:08:45,170524,,0,,,0,,1
1000,39480-2A180-T1,5,39480-2A150-8,1,1,,2021-10-14,,,,1,,2021-10-14 16:08:27,170524,2021-10-14 16:08:45,170524,,0,,,0,,1
1000,28235-2B730-P2,1,28235-2B730-C2,1,1,,2021-10-15,,,,1,,2021-10-15 16:15:41,170524,2021-10-15 16:18:05,170524,,0,,,0,,1
1000,28235-2B730-K2,2,28235-2B730-6,1,1,,2021-10-15,,,,1,,2021-10-15 16:15:54,170524,2021-10-15 16:18:05,170524,,0,,,0,,1
1000,28235-2B730-T1,3,28235-2B730-1,1,1,,2021-10-15,,,,1,,2021-10-15 16:16:06,170524,2021-10-15 16:18:05,170524,,0,,,0,,1
1000,28235-2B730-T1,4,28235-2B700-9(39211-2B070),1,1,,2021-10-15,,,,1,,2021-10-15 16:16:27,170524,2021-10-15 16:18:05,170524,,0,,,0,,1
1000,28235-2B730-T1,5,28235-2B710-10,1,1,,2021-10-15,,,,1,,2021-10-15 16:16:41,170524,2021-10-15 16:18:05,170524,,0,,,0,,1
1000,28235-2B740,1,28235-2B740-L2,1,1,,2021-10-15,,,,1,,2021-10-15 16:19:40,170524,2021-11-26 13:55:36,170524,,0,,,0,,1
1000,28235-2B740-L2,1,28235-2B740-D1,1,1,,2021-10-15,,,,1,,2021-10-15 16:19:49,170524,2021-10-15 16:24:10,170524,,0,,,0,,1
1000,28235-2B740-D1,1,28235-2B740-L1,1,1,,2021-10-15,,,,1,,2021-10-15 16:19:57,170524,2021-10-15 16:24:10,170524,,0,,,0,,1
1000,28235-2B740-L1,1,28235-2B740-T1,1,1,,2021-10-15,,,,1,,2021-10-15 16:20:12,170524,2021-11-26 13:55:36,170524,,0,,,0,,1
1000,28235-2B740-T1,1,28235-2B740-B3,1,1,,2021-10-15,,,,1,,2021-10-15 16:20:36,170524,2021-11-26 13:55:36,170524,,0,,,0,,1
1000,28235-2B740-B3,1,28235-2B740-R3,1,1,,2021-10-15,,,,1,,2021-10-15 16:20:44,170524,2021-11-26 13:55:36,170524,,0,,,0,,1
1000,28235-2B740-R3,1,28235-2B740-K3,1,1,,2021-10-15,,,,1,,2021-10-15 16:20:52,170524,2021-11-26 13:55:36,170524,,0,,,0,,1
1000,28235-2B740-K3,1,28235-2B740-P3,1,1,,2021-10-15,,,,1,,2021-10-15 16:21:01,170524,2021-10-15 16:24:10,170524,,0,,,0,,1
1000,28235-2B740-P3,1,28235-2B740-C3,1,1,,2021-10-15,,,,1,,2021-10-15 16:21:11,170524,2021-10-15 16:24:10,170524,,0,,,0,,1
1000,28235-2B740-T1,2,28235-2B740-B2,1,1,,2021-10-15,,,,1,,2021-10-15 16:21:28,170524,2021-11-26 13:55:36,170524,,0,,,0,,1
1000,28235-2B740-B2,1,28235-2B740-R2,1,1,,2021-10-15,,,,1,,2021-10-15 16:21:36,170524,2021-11-26 13:55:36,170524,,0,,,0,,1
1000,28235-2B740-R2,1,28235-2B740-K2,1,1,,2021-10-15,,,,1,,2021-10-15 16:21:46,170524,2021-11-26 13:55:36,170524,,0,,,0,,1
1000,28235-2B740-K2,1,28235-2B740-P2,1,1,,2021-10-15,,,,1,,2021-10-15 16:21:55,170524,2021-10-15 16:24:10,170524,,0,,,0,,1
1000,28235-2B740-P2,1,28235-2B740-C2,1,1,,2021-10-15,,,,1,,2021-10-15 16:22:05,170524,2021-10-15 16:24:10,170524,,0,,,0,,1
1000,28235-2B740-K2,2,28235-2B730-6,1,1,,2021-10-15,,,,1,,2021-10-15 16:22:19,170524,2021-10-15 16:24:10,170524,,0,,,0,,1
1000,28235-2B740-K3,2,28235-2B730-6,1,1,,2021-10-15,,,,1,,2021-10-15 16:22:34,170524,2021-10-15 16:24:10,170524,,0,,,0,,1
1000,28235-2B740-T1,3,28235-2B730-1,1,1,,2021-10-15,,,,1,,2021-10-15 16:22:46,170524,2021-10-15 16:24:10,170524,,0,,,0,,1
1000,28235-2B740-T1,4,28235-2B740-9(39211-2B076),1,1,,2021-10-15,,,,1,,2021-10-15 16:22:59,170524,2021-10-15 16:24:10,170524,,0,,,0,,1
1000,28235-2B740-T1,5,28235-2B710-10,1,1,,2021-10-15,,,,1,,2021-10-15 16:23:07,170524,2021-10-15 16:24:10,170524,,0,,,0,,1
1000,28235-2B740,2,282372B710B,1,1,,2021-10-15,,,,1,,2021-10-15 16:23:19,170524,2021-10-15 16:24:10,170524,,0,,,0,,1
1000,28235-2B740,3,282382B730A,1,1,,2021-10-15,,,,1,,2021-10-15 16:23:29,170524,2021-10-15 16:24:10,170524,,0,,,0,,1
1000,28235-2B800,1,28235-2B800-L1,1,1,,2021-10-15,,,,1,,2021-10-15 16:26:17,170524,2021-11-26 13:55:46,170524,,0,,,0,,1
1000,28235-2B800-L1,1,28235-2B800-D1,1,1,,2021-10-15,,,,1,,2021-10-15 16:26:25,170524,2021-10-15 16:30:43,170524,,0,,,0,,1
1000,28235-2B800-D1,1,28235-2B800-T1,1,1,,2021-10-15,,,,1,,2021-10-15 16:26:35,170524,2021-10-15 16:30:43,170524,,0,,,0,,1
1000,28235-2B800-T1,1,28235-2B800-B3,1,1,,2021-10-15,,,,1,,2021-10-15 16:26:48,170524,2021-11-26 13:55:46,170524,,0,,,0,,1
1000,28235-2B800-B3,1,28235-2B800-R3,1,1,,2021-10-15,,,,1,,2021-10-15 16:26:57,170524,2021-11-26 13:55:46,170524,,0,,,0,,1
1000,28235-2B800-R3,1,28235-2B800-K3,1,1,,2021-10-15,,,,1,,2021-10-15 16:27:06,170524,2021-11-26 13:55:46,170524,,0,,,0,,1
1000,28235-2B800-K3,1,28235-2B800-P3,1,1,,2021-10-15,,,,1,,2021-10-15 16:27:15,170524,2021-10-15 16:30:43,170524,,0,,,0,,1
1000,28235-2B800-P3,1,28235-2B800-C3,1,1,,2021-10-15,,,,1,,2021-10-15 16:27:24,170524,2021-10-15 16:30:43,170524,,0,,,0,,1
1000,28235-2B800-T1,2,28235-2B800-B2,1,1,,2021-10-15,,,,1,,2021-10-15 16:27:53,170524,2021-11-26 13:55:46,170524,,0,,,0,,1
1000,28235-2B800-B2,1,28235-2B800-R2,1,1,,2021-10-15,,,,1,,2021-10-15 16:28:05,170524,2021-11-26 13:55:46,170524,,0,,,0,,1
1000,28235-2B800-R2,1,28235-2B800-K2,1,1,,2021-10-15,,,,1,,2021-10-15 16:28:17,170524,2021-11-26 13:55:46,170524,,0,,,0,,1
1000,28235-2B800-K2,1,28235-2B800-P2,1,1,,2021-10-15,,,,1,,2021-10-15 16:28:28,170524,2021-10-15 16:30:43,170524,,0,,,0,,1
1000,28235-2B800-P2,1,28235-2B800-C2,1,1,,2021-10-15,,,,1,,2021-10-15 16:28:37,170524,2021-10-15 16:30:43,170524,,0,,,0,,1
1000,28235-2B800-K2,2,28235-2B730-6,1,1,,2021-10-15,,,,1,,2021-10-15 16:28:57,170524,2021-10-15 16:30:43,170524,,0,,,0,,1
1000,28235-2B800-K3,2,28235-2B730-6,1,1,,2021-10-15,,,,1,,2021-10-15 16:29:05,170524,2021-10-15 16:30:43,170524,,0,,,0,,1
1000,28235-2B800-T1,3,28235-2B730-1,1,1,,2021-10-15,,,,1,,2021-10-15 16:29:17,170524,2021-10-15 16:30:43,170524,,0,,,0,,1
1000,28235-2B800-T1,4,28235-2B800-9(39211-2B075),1,1,,2021-10-15,,,,1,,2021-10-15 16:29:25,170524,2021-10-15 16:30:43,170524,,0,,,0,,1
1000,28235-2B800-T1,5,28235-2B710-10,1,1,,2021-10-15,,,,1,,2021-10-15 16:29:33,170524,2021-10-15 16:30:43,170524,,0,,,0,,1
1000,28235-2B800,2,282372B710B,1,1,,2021-10-15,,,,1,,2021-10-15 16:29:46,170524,2021-10-15 16:30:43,170524,,0,,,0,,1
1000,28235-2B800,3,282382B710B,1,1,,2021-10-15,,,,1,,2021-10-15 16:29:54,170524,2021-10-15 16:30:43,170524,,0,,,0,,1
1000,25410-3V000,1,25410-3V000-L1,1,1,,2021-10-15,,,,1,,2021-10-15 16:38:50,170524,2021-12-01 15:49:28,170524,,0,,,0,,0
1000,25410-3V000-L1,1,25410-3V000-D1,1,1,,2021-10-15,,,,1,,2021-10-15 16:39:02,170524,2021-10-15 16:40:43,170524,,0,,,0,,1
1000,25410-3V000-D1,1,25410-3V000-R1,1,1,,2021-10-15,,,,1,,2021-10-15 16:39:16,170524,2021-10-15 16:40:43,170524,,0,,,0,,1
1000,25410-3V000-R1,1,25410-3V000-S1,1,1,,2021-10-15,,,,1,,2021-10-15 16:39:30,170524,2021-11-26 13:51:59,170524,,0,,,0,,1
1000,25410-3V000-S1,1,25411-3V000-B1,1,1,,2021-10-15,,,,1,,2021-10-15 16:39:43,170524,2021-10-15 16:40:43,170524,,0,,,0,,1
1000,25410-3V000-S1,2,25411-3V000-2,1,1,,2021-10-15,,,,1,,2021-10-15 16:40:07,170524,2021-10-15 16:40:43,170524,,0,,,0,,1
1000,25410-3V000,2,S254123V000,1,1,,2021-10-15,,,,1,,2021-10-15 16:40:24,170524,2021-10-15 16:40:43,170524,,0,,,0,,1
1000,28486-3V000,1,28486-3V000-L1,1,1,,2021-10-15,,,,1,,2021-10-15 16:51:02,170524,2021-12-01 15:52:07,170524,,0,,,0,,0
1000,28486-3V000-L1,1,28486-3V000-D1,1,1,,2021-10-15,,,,1,,2021-10-15 16:51:11,170524,2021-10-15 16:52:49,170524,,0,,,0,,1
1000,28486-3V000-D1,1,28486-3V000-R1,1,1,,2021-10-15,,,,1,,2021-10-15 16:51:19,170524,2021-10-15 16:52:49,170524,,0,,,0,,1
1000,28486-3V000-R1,1,28486-3V000-S1,1,1,,2021-10-15,,,,1,,2021-10-15 16:51:30,170524,2021-11-26 14:09:07,170524,,0,,,0,,1
1000,28486-3V000-S1,1,28486-3V000-B1,1,1,,2021-10-15,,,,1,,2021-10-15 16:51:38,170524,2021-10-15 16:52:49,170524,,0,,,0,,1
1000,28486-3V000-S1,2,28486-3V000-2,1,1,,2021-10-15,,,,1,,2021-10-15 16:51:59,170524,2021-10-15 16:52:49,170524,,0,,,0,,1
1000,28486-3V000-S1,3,28486-3V000-3,1,1,,2021-10-15,,,,1,,2021-10-15 16:52:09,170524,2021-10-15 16:52:49,170524,,0,,,0,,1
1000,39480-2A170,1,39480-2A170-L1,1,1,,2021-10-18,,,,1,,2021-10-18 09:56:41,170524,2021-12-01 15:57:53,170524,,0,,,0,,0
1000,39480-2A170-L1,1,39480-2A170-D1,1,1,,2021-10-18,,,,1,,2021-10-18 09:56:50,170524,2021-10-18 09:58:46,170524,,0,,,0,,1
1000,39480-2A170-D1,1,39480-2A170-T1,1,1,,2021-10-18,,,,1,,2021-10-18 09:57:01,170524,2021-10-18 09:58:46,170524,,0,,,0,,1
1000,39480-2A170-T1,1,39480-2A160-B7,1,1,,2021-10-18,,,,1,,2021-10-18 09:57:25,170524,2021-11-26 14:12:01,170524,,0,,,0,,1
1000,39480-2A170-T1,2,39480-2A150-B1,1,1,,2021-10-18,,,,1,,2021-10-18 09:57:38,170524,2021-11-26 14:12:01,170524,,0,,,0,,1
1000,39480-2A170-T1,3,39480-2A150-3,1,1,,2021-10-18,,,,1,,2021-10-18 09:57:57,170524,2021-10-18 09:58:46,170524,,0,,,0,,1
1000,39480-2A170-T1,4,39480-2A150-4,1,1,,2021-10-18,,,,1,,2021-10-18 09:58:06,170524,2021-10-18 09:58:46,170524,,0,,,0,,1
1000,39480-2A170-T1,5,39480-2A150-8,1,1,,2021-10-18,,,,1,,2021-10-18 09:58:14,170524,2021-10-18 09:58:46,170524,,0,,,0,,1
1000,39480-2A170,2,394712A851,1,1,,2021-10-18,,,,1,,2021-10-18 09:58:28,170524,2021-10-18 09:58:46,170524,,0,,,0,,1
1000,28820-4C001,1,28820-4C001-L1,1,1,,2021-10-18,,,,1,,2021-10-18 09:59:46,170524,2021-11-26 14:10:19,170524,,0,,,0,,1
1000,28820-4C001-L1,1,28820-4C001-D1,1,1,,2021-10-18,,,,1,,2021-10-18 09:59:53,170524,2021-10-18 10:02:12,170524,,0,,,0,,1
1000,28820-4C001-D1,1,28820-4C001-T1,1,1,,2021-10-18,,,,1,,2021-10-18 10:00:01,170524,2021-10-18 10:02:12,170524,,0,,,0,,1
1000,28820-4C001-T1,1,28820-4A910-B1,1,1,,2021-10-18,,,,1,,2021-10-18 10:00:10,170524,2021-11-26 14:10:19,170524,,0,,,0,,1
1000,28820-4A910-B1,1,28820-4A910-P1,1,1,,2021-10-18,,,,1,,2021-10-18 10:00:23,170524,2021-11-26 14:10:09,170524,,0,,,0,,1
1000,28820-4A910-P1,1,28820-4A910-C1,1,1,,2021-10-18,,,,1,,2021-10-18 10:00:31,170524,2025-07-07 11:34:53,181129,,0,,,0,,0
1000,28820-4C001-T1,2,28820-4A910-3,1,1,,2021-10-18,,,,1,,2021-10-18 10:00:44,170524,2021-10-18 10:02:12,170524,,0,,,0,,1
1000,28820-4C001-T1,3,28821-4C001,2,2,,2021-10-18,,,,1,,2021-10-18 10:00:54,170524,2024-05-23 11:12:15,170524,,0,,,0,,1
1000,28820-4C001,2,288114A001,1,1,,2021-10-18,,,,1,,2021-10-18 10:01:09,170524,2021-10-18 10:02:12,170524,,0,,,0,,1
1000,28820-4C200,1,28820-4C200-L1,1,1,,2021-10-18,,,,1,,2021-10-18 10:02:37,170524,2021-11-26 14:10:27,170524,,0,,,0,,1
1000,28820-4C200-L1,1,28820-4C200-D1,1,1,,2021-10-18,,,,1,,2021-10-18 10:02:44,170524,2021-10-18 10:03:41,170524,,0,,,0,,1
1000,28820-4C200-D1,1,28820-4C200-T1,1,1,,2021-10-18,,,,1,,2021-10-18 10:02:52,170524,2021-10-18 10:03:41,170524,,0,,,0,,1
1000,28820-4C200-T1,1,28820-4A910-B1,1,1,,2021-10-18,,,,1,,2021-10-18 10:02:59,170524,2021-11-26 14:10:27,170524,,0,,,0,,1
1000,28820-4C200-T1,2,28820-4A910-3,1,1,,2021-10-18,,,,1,,2021-10-18 10:03:12,170524,2021-10-18 10:03:41,170524,,0,,,0,,1
1000,28820-4C200-T1,3,28821-4C001,1,1,,2021-10-18,,,,1,,2021-10-18 10:03:23,170524,2021-10-18 10:03:41,170524,,0,,,0,,1
1000,28820-4C200,2,288114A001,1,1,,2021-10-18,,,,1,,2021-10-18 10:03:32,170524,2021-10-18 10:03:41,170524,,0,,,0,,1
1000,39420-2FC00,1,39420-2FC00-L1,1,1,,2021-10-18,,,,1,,2021-10-18 10:04:39,170524,2021-12-01 15:57:07,170524,,0,,,0,,0
1000,39420-2FC00-L1,1,39420-2FC00-D1,1,1,,2021-10-18,,,,1,,2021-10-18 10:04:50,170524,2021-10-18 10:06:10,170524,,0,,,0,,1
1000,39420-2FC00-D1,1,39420-2FC00-T1,1,1,,2021-10-18,,,,1,,2021-10-18 10:04:57,170524,2021-10-18 10:06:10,170524,,0,,,0,,1
1000,39420-2FC00-T1,1,39420-2FC00-B1,1,1,,2021-10-18,,,,1,,2021-10-18 10:05:06,170524,2021-11-26 14:11:37,170524,,0,,,0,,1
1000,39420-2FC00-B1,1,39420-2FC00-P1,1,1,,2021-10-18,,,,1,,2021-10-18 10:05:15,170524,2021-11-26 14:11:37,170524,,0,,,0,,1
1000,39420-2FC00-P1,1,39420-2FC00-C1,1,1,,2021-10-18,,,,1,,2021-10-18 10:05:23,170524,2025-03-27 16:34:34,181129,,0,,,0,,0
1000,39420-2FC00-T1,2,39420-2FC00-2,1,1,,2021-10-18,,,,1,,2021-10-18 10:05:37,170524,2021-10-18 10:06:10,170524,,0,,,0,,1
1000,39420-2FC00,2,394202FC003,1,1,,2021-10-18,,,,1,,2021-10-18 10:05:46,170524,2021-10-18 10:06:10,170524,,0,,,0,,1
1000,39420-2FC00,3,394202FC004,1,1,,2021-10-18,,,,1,,2021-10-18 10:05:54,170524,2021-10-18 10:06:10,170524,,0,,,0,,1
1000,28495-2FC00,1,28495-2F600-L1,1,1,,2021-10-18,,,,1,,2021-10-18 10:06:55,170524,2021-12-01 15:52:29,170524,,0,,,0,,0
1000,28495-2F600-D1,1,28495-2F600-T1,1,1,,2021-10-18,,,,1,,2021-10-18 10:07:28,170524,2021-10-18 10:11:19,170524,,0,,,0,,1
1000,28495-2FC00,2,394712F000,2,2,,2021-10-18,,,,1,,2021-10-18 10:11:11,170524,2021-10-18 10:11:19,170524,,0,,,0,,1
1000,28820-4A610,1,28820-4A610-L1,1,1,,2021-10-18,,,,1,,2021-10-18 11:09:52,170524,2021-11-26 14:09:29,170524,,0,,,0,,1
1000,28820-4A610-L1,1,28820-4A610-D1,1,1,,2021-10-18,,,,1,,2021-10-18 11:10:03,170524,2021-10-18 11:11:18,170524,,0,,,0,,1
1000,28820-4A610-D1,1,28820-4A610-T1,1,1,,2021-10-18,,,,1,,2021-10-18 11:10:11,170524,2021-10-18 11:11:18,170524,,0,,,0,,1
1000,28820-4A610-T1,1,28820-4A610-B1,1,1,,2021-10-18,,,,1,,2021-10-18 11:10:20,170524,2021-11-26 14:09:29,170524,,0,,,0,,1
1000,28820-4A610-B1,1,28820-4A610-P1,1,1,,2021-10-18,,,,1,,2021-10-18 11:10:30,170524,2021-11-26 14:09:29,170524,,0,,,0,,1
1000,28820-4A610-P1,1,28820-4A610-C1,1,1,,2021-10-18,,,,1,,2021-10-18 11:10:38,170524,2025-01-15 16:33:42,181129,,0,,,0,,0
1000,28820-4A610-T1,2,28820-4A600-3,1,1,,2021-10-18,,,,1,,2021-10-18 11:10:50,170524,2021-10-18 11:11:18,170524,,0,,,0,,1
1000,28820-4A610-T1,3,28820-4A700-4,1,1,,2021-10-18,,,,1,,2021-10-18 11:10:58,170524,2021-10-18 11:11:18,170524,,0,,,0,,1
1000,28820-4A610,2,288114A001,1,1,,2021-10-18,,,,1,,2021-10-18 11:11:05,170524,2021-10-18 11:11:18,170524,,0,,,0,,1
1000,28820-4A910-T1,2,28820-4A910-Q1,1,1,,2021-10-18,,,,1,,2021-10-18 11:34:00,170524,2021-11-26 14:10:09,170524,,0,,,0,,1
1000,28820-4A910-Q1,1,28820-4A910-B1,1,1,,2021-10-18,,,,1,,2021-10-18 11:34:12,170524,2021-11-26 14:10:09,170524,,0,,,0,,1
1000,28820-4A910-T1,3,28820-4A910-3,1,1,,2021-10-18,,,,1,,2021-10-18 11:34:28,170524,2021-10-18 11:35:23,170524,,0,,,0,,1
1000,28820-4A910-T1,4,28820-4A910-4,1,1,,2021-10-18,,,,1,,2021-10-18 11:34:38,170524,2021-10-18 11:35:23,170524,,0,,,0,,1
1000,28820-4A910-T1,5,28820-4A910-5,1,1,,2021-10-18,,,,1,,2021-10-18 11:34:46,170524,2021-10-18 11:35:23,170524,,0,,,0,,1
1000,28820-4A910,2,288114A001,1,1,,2021-10-18,,,,1,,2021-10-18 11:34:57,170524,2021-10-18 11:35:23,170524,,0,,,0,,1
1000,28820-4A920,1,28820-4A920-L1,1,1,,2021-10-18,,,,1,,2021-10-18 11:36:03,170524,2021-11-26 14:10:14,170524,,0,,,0,,1
1000,28820-4A920-L1,1,28820-4A920-D1,1,1,,2021-10-18,,,,1,,2021-10-18 11:36:10,170524,2021-10-18 11:37:28,170524,,0,,,0,,1
1000,28820-4A920-D1,1,28820-4A920-T1,1,1,,2021-10-18,,,,1,,2021-10-18 11:36:16,170524,2021-10-18 11:37:28,170524,,0,,,0,,1
1000,28820-4A920-T1,1,28820-4A910-B1,1,1,,2021-10-18,,,,1,,2021-10-18 11:36:26,170524,2021-11-26 14:10:14,170524,,0,,,0,,1
1000,28820-4A920-T1,3,28820-4A910-4,1,1,,2021-10-18,,,,1,,2021-10-18 11:37:20,170524,2021-10-18 11:37:28,170524,,0,,,0,,1
1000,3307-0120,1,3307-0120-L1,1,1,,2021-11-15,,,,1,,2021-11-15 09:31:23,170524,2021-12-02 13:41:10,170524,,0,,,0,,0
1000,28820-4A920,4,288114A001,1,1,,2021-10-18,,,,1,,2021-10-18 11:36:52,170524,2021-10-18 11:37:28,170524,,0,,,0,,1
1000,28820-4A920-T1,2,28820-4A910-3,1,1,,2021-10-18,,,,1,,2021-10-18 11:37:12,170524,2021-10-18 11:37:28,170524,,0,,,0,,1
1000,3307-0120-L1,1,3307-0120-D1,1,1,,2021-11-15,,,,1,,2021-11-15 09:31:29,170524,2021-11-15 09:33:30,170524,,0,,,0,,1
1000,3307-0120-D1,1,3307-0120-B1,1,1,,2021-11-15,,,,1,,2021-11-15 09:31:42,170524,2021-11-15 09:33:30,170524,,0,,,0,,1
1000,3307-0120-B1,1,3307-0120-R1,1,1,,2021-11-15,,,,1,,2021-11-15 09:31:48,170524,2021-11-26 14:10:55,170524,,0,,,0,,1
1000,3307-0120-R1,1,3307-0120-G1,1,1,,2021-11-15,,,,1,,2021-11-15 09:31:55,170524,2021-11-26 14:10:55,170524,,0,,,0,,1
1000,3307-0120-G1,1,3307-0133-P1,1,1,,2021-11-15,,,,1,,2021-11-15 09:32:03,170524,2021-11-15 09:33:30,170524,,0,,,0,,1
1000,3307-0133-P1,1,3307-0133-C1,1,1,,2021-11-15,,,,1,,2021-11-15 09:32:08,170524,2021-11-15 09:33:30,170524,,0,,,0,,1
1000,3307-0120-G1,2,3307-0120-4(3200-0285),1,1,,2021-11-15,,,,1,,2021-11-15 09:32:48,170524,2021-11-15 09:33:30,170524,,0,,,0,,1
1000,3307-0120-G1,3,3521-0294(15406-06000),1,1,,2021-11-15,,,,1,,2021-11-15 09:33:08,170524,2021-11-15 09:33:30,170524,,0,,,0,,1
1000,3307-0121,1,3307-0121-L1,1,1,,2021-11-15,,,,1,,2021-11-15 09:33:41,170524,2021-12-02 13:41:15,170524,,0,,,0,,0
1000,3307-0121-L1,1,3307-0121-D1,1,1,,2021-11-15,,,,1,,2021-11-15 09:33:47,170524,2021-11-15 09:34:43,170524,,0,,,0,,1
1000,3307-0121-D1,1,3307-0121-B1,1,1,,2021-11-15,,,,1,,2021-11-15 09:33:53,170524,2021-11-15 09:34:43,170524,,0,,,0,,1
1000,3307-0121-B1,1,3307-0121-R1,1,1,,2021-11-15,,,,1,,2021-11-15 09:33:59,170524,2021-11-26 14:11:00,170524,,0,,,0,,1
1000,3307-0121-R1,1,3307-0121-G1,1,1,,2021-11-15,,,,1,,2021-11-15 09:34:03,170524,2021-11-26 14:11:00,170524,,0,,,0,,1
1000,3307-0121-G1,1,3307-0132-P1,1,1,,2021-11-15,,,,1,,2021-11-15 09:34:08,170524,2021-11-15 09:34:43,170524,,0,,,0,,1
1000,3307-0132-P1,1,3307-0132-C1,1,1,,2021-11-15,,,,1,,2021-11-15 09:34:13,170524,2021-11-15 09:34:43,170524,,0,,,0,,1
1000,3307-0121-G1,2,3521-0294(15406-06000),1,1,,2021-11-15,,,,1,,2021-11-15 09:34:28,170524,2021-11-15 09:34:43,170524,,0,,,0,,1
1000,3307-0121-G1,3,3307-0121(3200-0286),1,1,,2021-11-15,,,,1,,2021-11-15 09:34:34,170524,2021-11-15 09:34:43,170524,,0,,,0,,1
1000,38600-52100-G1,5,1522815000,1,1,,2021-10-21,,,,1,,2021-10-21 15:15:56,170524,2021-10-21 15:16:31,170524,,0,,,0,,1
1000,38600-52100-G1,6,3811452000,1,1,,2021-10-21,,,,1,,2021-10-21 15:16:03,170524,2021-10-21 15:16:31,170524,,0,,,0,,1
1000,38600-52100-G1,7,S386005C0002,2,2,,2021-10-21,,,,1,,2021-10-21 15:16:13,170524,2021-10-21 15:16:31,170524,,0,,,0,,1
1000,25480-52802,1,25480-52802-L1,1,1,,2021-10-21,,,,1,,2021-10-21 15:17:38,170524,2021-12-01 15:50:30,170524,,0,,,0,,0
1000,25480-52802-L1,1,25480-52802-D1,1,1,,2021-10-21,,,,1,,2021-10-21 15:17:44,170524,2021-10-21 15:20:19,170524,,0,,,0,,1
1000,25480-52802-D1,1,25480-52802-S1,1,1,,2021-10-21,,,,1,,2021-10-21 15:17:58,170524,2021-10-21 15:20:19,170524,,0,,,0,,1
1000,25480-52802-S1,1,1390506000,1,1,,2021-10-21,,,,1,,2021-10-21 15:18:06,170524,2021-10-21 15:20:19,170524,,0,,,0,,1
1000,25480-52802-S1,2,25480-52802-T1,1,1,,2021-10-21,,,,1,,2021-10-21 15:18:14,170524,2021-10-21 15:20:19,170524,,0,,,0,,1
1000,25480-52802-T1,1,25481-52800-B1,1,1,,2021-10-21,,,,1,,2021-10-21 15:18:25,170524,2021-10-21 15:20:19,170524,,0,,,0,,1
1000,25481-52800-B1,1,25481-52800-P1,1,1,,2021-10-21,,,,1,,2021-10-21 15:18:32,170524,2021-10-21 15:20:19,170524,,0,,,0,,1
1000,25481-52800-P1,1,25481-52800-C1,1,1,,2021-10-21,,,,1,,2021-10-21 15:18:37,170524,2025-03-20 11:25:56,181129,,0,,,0,,0
1000,25480-52802-T1,2,25483-52802,1,1,,2021-10-21,,,,1,,2021-10-21 15:19:12,170524,2021-10-21 15:20:19,170524,,0,,,0,,1
1000,25480-52802,2,29730-52800,1,1,,2021-10-21,,,,1,,2021-10-21 15:19:30,170524,2021-10-21 15:20:19,170524,,0,,,0,,1
1000,25480-52802,3,282785C010,1,1,,2021-10-21,,,,1,,2021-10-21 15:19:35,170524,2022-04-13 13:31:40,170524,,0,,,0,,0
1000,25480-52802,4,1140306126K,1,1,,2021-10-21,,,,1,,2021-10-21 15:19:43,170524,2021-10-21 15:20:19,170524,,0,,,0,,1
1000,25490-52800,1,25490-52800-L1,1,1,,2021-10-21,,,,1,,2021-10-21 15:20:42,170524,2021-12-01 15:49:45,170524,,0,,,0,,0
1000,25490-52800-L1,1,25490-52800-D1,1,1,,2021-10-21,,,,1,,2021-10-21 15:20:48,170524,2021-10-21 15:24:35,170524,,0,,,0,,1
1000,25490-52800-D1,1,25490-52800-T1,1,1,,2021-10-21,,,,1,,2021-10-21 15:20:53,170524,2021-10-21 15:24:35,170524,,0,,,0,,1
1000,25490-52800-T1,1,25491-52800-B1,1,1,,2021-10-21,,,,1,,2021-10-21 15:20:59,170524,2021-11-26 13:52:12,170524,,0,,,0,,1
1000,25491-52800-B1,1,25491-52800-R1,1,1,,2021-10-21,,,,1,,2021-10-21 15:21:04,170524,2021-11-26 13:52:12,170524,,0,,,0,,1
1000,25491-52800-R1,1,25491-52800-G1,1,1,,2021-10-21,,,,1,,2021-10-21 15:21:16,170524,2021-11-26 13:52:12,170524,,0,,,0,,1
1000,25491-52800-G1,1,25491-52800-P1,1,1,,2021-10-21,,,,1,,2021-10-21 15:21:31,170524,2021-11-26 13:52:12,170524,,0,,,0,,1
1000,25491-52800-P1,1,25491-52800-C1,1,1,,2021-10-21,,,,1,,2021-10-21 15:21:36,170524,2025-03-19 14:08:19,181129,,0,,,0,,0
1000,25490-52800-T1,2,25490-52800-2,1,1,,2021-10-21,,,,1,,2021-10-21 15:23:19,170524,2021-10-21 15:24:35,170524,,0,,,0,,1
1000,25491-52800-G1,2,38215-84050,1,1,,2021-10-21,,,,1,,2021-10-21 15:23:54,170524,2021-10-21 15:24:35,170524,,0,,,0,,1
1000,25430-52801,1,25430-52801-L1,1,1,,2021-10-21,,,,1,,2021-10-21 15:24:55,170524,2021-11-26 13:52:12,170524,,0,,,0,,1
1000,25430-52801-L1,1,25490-52800,1,1,,2021-10-21,,,,1,,2021-10-21 15:25:06,170524,2021-12-10 10:06:32,170524,,0,,,0,,0
1000,25430-52801-L1,2,25480-52802,1,1,,2021-10-21,,,,1,,2021-10-21 15:25:39,170524,2021-12-10 10:06:32,170524,,0,,,0,,0
1000,28820-4A702-D1,1,28820-4A702-T1,1,1,,2021-11-01,,,,1,,2021-11-01 15:21:38,170524,2021-11-01 15:23:08,170524,,0,,,0,,1
1000,28820-4A702,1,28820-4A702-L1,1,1,,2021-11-01,,,,1,,2021-11-01 15:21:24,170524,2021-11-26 14:09:46,170524,,0,,,0,,1
1000,28820-4A702-L1,1,28820-4A702-D1,1,1,,2021-11-01,,,,1,,2021-11-01 15:21:32,170524,2021-11-01 15:23:08,170524,,0,,,0,,1
1000,28820-4A702-T1,1,28820-4A702-B2,1,1,,2021-11-01,,,,1,,2021-11-01 15:21:45,170524,2021-11-01 15:23:08,170524,,0,,,0,,1
1000,28820-4A702-B2,1,28820-4A702-P2,1,1,,2021-11-01,,,,1,,2021-11-01 15:21:53,170524,2021-11-26 14:09:36,170524,,0,,,0,,1
1000,28820-4A702-P2,1,28820-4A702-C2,1,1,,2021-11-01,,,,1,,2021-11-01 15:21:56,170524,2021-11-01 15:23:08,170524,,0,,,0,,1
1000,28820-4A702-T1,2,28820-4A702-Q1,1,1,,2021-11-01,,,,1,,2021-11-01 15:22:06,170524,2021-11-01 15:23:08,170524,,0,,,0,,1
1000,28820-4A702-T1,3,28820-4A600-3,1,1,,2021-11-01,,,,1,,2021-11-01 15:22:17,170524,2021-11-01 15:23:08,170524,,0,,,0,,1
1000,28820-4A702-T1,4,28820-4A700-4,1,1,,2021-11-01,,,,1,,2021-11-01 15:22:23,170524,2021-11-01 15:23:08,170524,,0,,,0,,1
1000,28820-4A702,2,288114A001,1,1,,2021-11-01,,,,1,,2021-11-01 15:22:42,170524,2021-11-01 15:23:08,170524,,0,,,0,,1
1000,28820-4A701,1,28820-4A702-L1,1,1,,2021-11-01,,,,1,,2021-11-01 15:26:46,170524,2021-11-26 14:09:41,170524,,0,,,0,,1
1000,28820-4A701,2,288114A001,1,1,,2021-11-01,,,,1,,2021-11-01 15:26:59,170524,2021-11-01 15:27:04,170524,,0,,,0,,1
1000,28820-4A700,1,28820-4A702-L1,1,1,,2021-11-01,,,,1,,2021-11-01 15:27:17,170524,2021-11-26 14:09:36,170524,,0,,,0,,1
1000,28820-4A700,2,288114A001,1,1,,2021-11-01,,,,1,,2021-11-01 15:27:23,170524,2021-11-26 14:09:36,170524,,0,,,0,,1
1000,38610-85700-R1,1,38610-85700-G1,1,1,,2021-11-01,,,,1,,2021-11-01 15:34:57,170524,2021-11-01 15:36:14,170524,,0,,,0,,1
1000,38610-85700-D1,1,38610-85700-L1,1,1,,2021-11-01,,,,1,,2021-11-01 15:34:47,170524,2021-11-01 15:36:14,170524,,0,,,0,,1
1000,38610-85700-L1,1,38610-85700-R1,1,1,,2021-11-01,,,,1,,2021-11-01 15:34:52,170524,2021-11-01 15:36:14,170524,,0,,,0,,1
1000,38610-85700,2,38610-85700-L2,1,1,,2021-11-01,,,,1,,2021-11-01 15:33:50,170524,2021-11-26 14:11:26,170524,,0,,,0,,1
1000,38610-85700-L2,1,38610-85700-D1,1,1,,2021-11-01,,,,1,,2021-11-01 15:33:55,170524,2021-11-01 15:36:14,170524,,0,,,0,,1
1000,38610-85700-G1,4,38610-85700-3,1,1,,2021-11-01,,,,1,,2021-11-01 15:35:49,170524,2021-11-01 15:36:14,170524,,0,,,0,,1
1000,38610-85700-G1,2,38610-85700-5,2,2,,2021-11-01,,,,1,,2021-11-01 15:35:36,170524,2021-11-01 15:36:14,170524,,0,,,0,,1
1000,38610-85700-G1,3,38610-85700-4,2,2,,2021-11-01,,,,1,,2021-11-01 15:35:43,170524,2021-11-01 15:36:14,170524,,0,,,0,,1
1000,38610-85700-G1,5,38610-85700-2,2,2,,2021-11-01,,,,1,,2021-11-01 15:35:55,170524,2021-11-01 15:36:14,170524,,0,,,0,,1
1000,S254523A6003,1,S25452-3A600-3-L1,1,1,,2021-11-01,,,,1,,2021-11-01 15:36:37,170524,2021-11-26 14:14:22,170524,,0,,,0,,1
1000,S25452-3A600-3-L1,1,S25452-3A600-3-T1,1,1,,2021-11-01,,,,1,,2021-11-01 15:36:42,170524,2021-11-01 15:38:56,170524,,0,,,0,,1
1000,S25452-3A600-3-T1,1,S25452-3A600-8-P1,1,1,,2021-11-01,,,,1,,2021-11-01 15:36:50,170524,2021-11-26 14:14:22,170524,,0,,,0,,1
1000,S25452-3A600-3-T1,2,S25452-3A600-3-1-Q1,1,1,,2021-11-01,,,,1,,2021-11-01 15:36:55,170524,2021-11-01 15:38:56,170524,,0,,,0,,1
1000,S25452-3A600-8-P1,1,S25452-3A600-8-C1,1,1,,2021-11-01,,,,1,,2021-11-01 15:37:05,170524,2021-11-01 15:38:56,170524,,0,,,0,,1
1000,S25452-3A600-3-1-Q1,1,S25452-3A600-3-1-P1,1,1,,2021-11-01,,,,1,,2021-11-01 15:38:09,170524,2022-03-28 09:22:31,170524,,0,,,0,,0
1000,S25452-3A600-3-1-P1,1,S25452-3A600-3-1-C1,1,1,,2021-11-01,,,,1,,2021-11-01 15:38:16,170524,2021-11-01 15:40:33,170524,,0,,,0,,1
1000,S25452-3A600-3-T1,3,S25452-3A600-7,1,1,,2021-11-01,,,,1,,2021-11-01 15:38:25,170524,2021-11-01 15:38:56,170524,,0,,,0,,1
1000,S25452-3A600-3-T1,4,S25452-3A600-10,1,1,,2021-11-01,,,,1,,2021-11-01 15:38:33,170524,2021-11-01 15:38:56,170524,,0,,,0,,1
1000,38600-52100-L2,1,38600-52100-D1,1,1,,2021-10-21,,,,1,,2021-10-21 15:14:57,170524,2021-10-21 15:16:31,170524,,0,,,0,,1
1000,38600-52100-D1,1,38600-52100-L1,1,1,,2021-10-21,,,,1,,2021-10-21 15:15:02,170524,2021-10-21 15:16:31,170524,,0,,,0,,1
1000,25451-07801-D1,1,25451-07801-L1,1,1,,2021-10-15,,,,1,,2021-10-15 17:35:04,170524,2021-10-15 17:43:15,170524,,0,,,0,,1
1000,25451-07801-L1,1,25451-07801-R1,1,1,,2021-10-15,,,,1,,2021-10-15 17:35:19,170524,2021-11-26 13:53:41,170524,,0,,,0,,1
1000,25451-07801-R1,1,25451-07801-S1,1,1,,2021-10-15,,,,1,,2021-10-15 17:35:29,170524,2021-10-18 11:42:56,170524,,0,,,0,,1
1000,25451-07801-S1,1,25451-07801-B2,1,1,,2021-10-15,,,,1,,2021-10-15 17:35:50,170524,2021-10-18 11:42:56,170524,,0,,,0,,1
1000,25451-07201-5-G1,2,25451-07201-4-P1,1,1,,2025-06-27,,,,1,,2025-06-27 13:22:50,170524,2025-06-27 13:23:21,170524,,0,,,0,,1
1000,25451-07201-3-P1,1,25451-07201-3-C1,1,1,,2025-06-27,,,,1,,2025-06-27 13:23:00,170524,2025-06-27 13:23:21,170524,,0,,,0,,1
1000,25451-07801-2-P1,1,25451-07801-2-C1,1,1,,2021-10-15,,,,1,,2021-10-15 17:36:30,170524,2023-03-02 09:26:51,170524,,0,,,0,,1
1000,25451-07801-2-P2,1,25451-07801-2-C2,1,1,,2021-10-15,,,,1,,2021-10-15 17:36:40,170524,2023-03-02 09:26:51,170524,,0,,,0,,1
1000,25451-07201-4-P1,1,25451-07201-4-C1,1,1,,2025-06-27,,,,1,,2025-06-27 13:23:11,170524,2025-06-27 13:23:21,170524,,0,,,0,,1
1000,25451-07801-E7,1,25451-07801-7,1,1,,2021-10-15,,,,1,,2021-10-15 17:37:07,170524,2021-10-15 17:43:15,170524,,0,,,0,,1
1000,25451-07801-S1,2,25451-07850-5,1,1,,2021-10-15,,,,1,,2021-10-15 17:37:39,170524,2021-10-15 17:43:15,170524,,0,,,0,,1
1000,25451-07801-S1,3,25451-07850-6,1,1,,2021-10-15,,,,1,,2021-10-15 17:37:50,170524,2021-10-15 17:43:15,170524,,0,,,0,,1
1000,25451-07801-S1,4,25451-07850-7,1,1,,2021-10-15,,,,1,,2021-10-15 17:38:02,170524,2021-10-15 17:43:15,170524,,0,,,0,,1
1000,25451-07801-S1,5,25451-07701-6-P1,1,1,,2021-10-15,,,,1,,2021-10-15 17:38:18,170524,2021-10-15 17:43:15,170524,,0,,,0,,1
1000,25451-07701-6-P1,1,25451-07701-6-C1,1,1,,2021-10-15,,,,1,,2021-10-15 17:38:35,170524,2023-10-31 18:33:59,170524,,0,,,0,,1
1000,25451-07201-5-G1,3,25451-07201-3-Q1,1,1,,2025-08-01,,,,1,,2025-08-01 14:20:54,170524,2025-08-01 14:21:16,170524,,0,,,0,,1
1000,25450-07801,3,S2545207801,1,1,,2021-10-15,,,,1,,2021-10-15 17:42:24,170524,2021-10-15 17:43:15,170524,,0,,,0,,1
1000,25450-07801,4,25474-2M000,1,1,,2021-10-15,,,,1,,2021-10-15 17:42:34,170524,2021-10-15 17:43:15,170524,,0,,,0,,1
1000,25451-07201-3-Q1,1,25451-07201-3-P1,1,1,,2025-08-01,,,,1,,2025-08-01 14:21:05,170524,2026-03-24 09:57:33,201214,,0,,,0,,1
1000,25451-07850-D1,1,25451-07850-L1,1,1,,2021-10-15,,,,1,,2021-10-15 17:44:09,170524,2021-10-15 17:51:20,170524,,0,,,0,,1
1000,25451-07850-L1,1,25451-07850-R1,1,1,,2021-10-15,,,,1,,2021-10-15 17:44:18,170524,2021-11-26 13:53:48,170524,,0,,,0,,1
1000,25451-07850-R1,1,25451-07850-S1,1,1,,2021-10-15,,,,1,,2021-10-15 17:44:31,170524,2021-10-18 11:43:27,170524,,0,,,0,,1
1000,25451-07850-S1,1,25451-07801-B2,1,1,,2021-10-15,,,,1,,2021-10-15 17:44:45,170524,2021-10-18 11:43:27,170524,,0,,,0,,1
1000,25451-07850-S1,2,25451-07701-6-P1,1,1,,2021-10-15,,,,1,,2021-10-15 17:45:12,170524,2021-10-15 17:51:20,170524,,0,,,0,,1
1000,25451-07850-S1,3,25451-07850-5,1,1,,2021-10-15,,,,1,,2021-10-15 17:45:31,170524,2021-10-15 17:51:20,170524,,0,,,0,,1
1000,25451-07850-S1,4,25451-07850-6,1,1,,2021-10-15,,,,1,,2021-10-15 17:45:45,170524,2021-10-15 17:51:20,170524,,0,,,0,,1
1000,25451-07850-S1,5,25451-07850-7,1,1,,2021-10-15,,,,1,,2021-10-15 17:45:53,170524,2021-10-15 17:51:20,170524,,0,,,0,,1
1000,25460-2R010,3,25461-2R010-D1,1,1,,2021-12-01,,,,1,,2021-12-01 15:45:53,170524,2021-12-01 15:46:04,170524,,0,,,0,,1
1000,25450-07850,3,S2545207801,1,1,,2021-10-15,,,,1,,2021-10-15 17:46:14,170524,2021-10-15 17:51:20,170524,,0,,,0,,1
1000,25450-07850,4,25474-2M000,1,1,,2021-10-15,,,,1,,2021-10-15 17:46:24,170524,2021-10-15 17:51:20,170524,,0,,,0,,1
1000,25451-07801-S1,6,25451-07801-Q1,1,1,,2021-10-15,,,,1,,2021-10-15 17:48:14,170524,2021-10-15 17:48:43,170524,,0,,,0,,1
1000,25451-07801-Q1,1,25451-07201-C1,1,1,,2021-10-15,,,,1,,2021-10-15 17:48:37,170524,2021-10-15 17:48:43,170524,,0,,,0,,1
1000,25451-07850-S1,6,25451-07850-Q1,1,1,,2021-10-15,,,,1,,2021-10-15 17:49:40,170524,2021-10-15 17:51:20,170524,,0,,,0,,1
1000,25451-07850-Q1,1,25451-07250-C1,1,1,,2021-10-15,,,,1,,2021-10-15 17:50:02,170524,2021-10-15 17:51:20,170524,,0,,,0,,1
1000,25451-07850-Q1,2,25451-07850-8,1,1,,2021-10-15,,,,1,,2021-10-15 17:52:38,170524,2021-10-15 17:52:43,170524,,0,,,0,,1
1000,25451-07201-D1,1,25451-07201-L1,1,1,,2021-10-15,,,,1,,2021-10-15 17:53:12,170524,2021-10-15 17:56:48,170524,,0,,,0,,1
1000,25451-07201-L1,1,25451-07201-R1,1,1,,2021-10-15,,,,1,,2021-10-15 17:53:21,170524,2021-11-26 13:52:57,170524,,0,,,0,,1
1000,25451-07201-R1,1,25451-07201-S1,1,1,,2021-10-15,,,,1,,2021-10-15 17:53:29,170524,2021-10-18 11:42:30,170524,,0,,,0,,1
1000,25451-07201-S1,1,25451-07801-B2,1,1,,2021-10-15,,,,1,,2021-10-15 17:53:41,170524,2021-10-18 11:42:30,170524,,0,,,0,,1
1000,25451-07201-S1,2,25451-07201-5-G1,1,1,,2021-10-15,,,,1,,2021-10-15 17:54:07,170524,2021-10-15 17:56:48,170524,,0,,,0,,1
1000,25451-07201-S1,3,25451-07201-Q1,1,1,,2021-10-15,,,,1,,2021-10-15 17:54:56,170524,2021-10-15 17:56:48,170524,,0,,,0,,1
1000,25451-07201-Q1,1,25451-07201-C1,1,1,,2021-10-15,,,,1,,2021-10-15 17:55:12,170524,2021-10-15 17:56:48,170524,,0,,,0,,1
1000,25451-07201-S1,4,25451-07850-5,1,1,,2021-10-15,,,,1,,2021-10-15 17:55:25,170524,2021-10-15 17:56:48,170524,,0,,,0,,1
1000,25451-07201-S1,5,25451-07850-6,1,1,,2021-10-15,,,,1,,2021-10-15 17:55:34,170524,2021-10-15 17:56:48,170524,,0,,,0,,1
1000,25451-07201-S1,6,25451-07850-7,1,1,,2021-10-15,,,,1,,2021-10-15 17:55:45,170524,2021-10-15 17:56:48,170524,,0,,,0,,1
1000,25450-07201,3,S2545207201,1,1,,2021-10-15,,,,1,,2021-10-15 17:56:13,170524,2021-10-15 17:56:48,170524,,0,,,0,,1
1000,25450-07201,4,25474-2M000,1,1,,2021-10-15,,,,1,,2021-10-15 17:56:21,170524,2021-10-15 17:56:48,170524,,0,,,0,,1
1000,25451-07250-D1,1,25451-07250-L1,1,1,,2021-10-15,,,,1,,2021-10-15 17:57:13,170524,2021-10-15 18:00:24,170524,,0,,,0,,1
1000,25451-07250-L1,1,25451-07250-R1,1,1,,2021-10-15,,,,1,,2021-10-15 17:57:20,170524,2021-11-26 13:53:22,170524,,0,,,0,,1
1000,25451-07250-R1,1,25451-07250-S1,1,1,,2021-10-15,,,,1,,2021-10-15 17:57:31,170524,2021-10-18 11:42:37,170524,,0,,,0,,1
1000,25451-07250-S1,1,25451-07801-B2,1,1,,2021-10-15,,,,1,,2021-10-15 17:57:40,170524,2021-10-18 11:42:37,170524,,0,,,0,,1
1000,25451-07250-S1,2,25451-07250-Q1,1,1,,2021-10-15,,,,1,,2021-10-15 17:58:09,170524,2021-10-15 18:00:24,170524,,0,,,0,,1
1000,25451-07250-Q1,1,25451-07250-C1,1,1,,2021-10-15,,,,1,,2021-10-15 17:58:18,170524,2021-10-15 18:00:24,170524,,0,,,0,,1
1000,25451-07250-Q1,2,25451-07850-8,1,1,,2021-10-15,,,,1,,2021-10-15 17:58:25,170524,2021-10-15 18:00:24,170524,,0,,,0,,1
1000,25451-07250-S1,3,25451-07850-5,1,1,,2021-10-15,,,,1,,2021-10-15 17:58:35,170524,2021-10-15 18:00:24,170524,,0,,,0,,1
1000,25451-07250-S1,4,25451-07850-6,1,1,,2021-10-15,,,,1,,2021-10-15 17:58:47,170524,2021-10-15 18:00:24,170524,,0,,,0,,1
1000,25451-07250-S1,5,25451-07850-7,1,1,,2021-10-15,,,,1,,2021-10-15 17:58:55,170524,2021-10-15 18:00:24,170524,,0,,,0,,1
1000,25451-07250-S1,6,25451-07201-5-G1,1,1,,2021-10-15,,,,1,,2021-10-15 17:59:14,170524,2021-10-15 18:00:24,170524,,0,,,0,,1
1000,25450-07250,3,S2545207201,1,1,,2021-10-15,,,,1,,2021-10-15 17:59:39,170524,2021-10-15 18:00:24,170524,,0,,,0,,1
1000,25450-07250,4,25474-2M000,1,1,,2021-10-15,,,,1,,2021-10-15 17:59:51,170524,2021-10-15 18:00:24,170524,,0,,,0,,1
1000,25451-07701-R1,1,25451-07701-S1,1,1,,2021-10-15,,,,1,,2021-10-15 18:01:07,170524,2021-10-15 18:04:56,170524,,0,,,0,,1
1000,25485-3A001-C20,1,25485-3A001-B2,1,1,,2021-11-29,,,,1,,2021-11-29 11:38:05,170524,2021-11-29 11:39:53,170524,,0,,,0,,1
1000,25485-3A001-B2,1,25485-3A001-P2,1,1,,2021-11-29,,,,1,,2021-11-29 11:38:11,170524,2025-11-14 13:56:04,181129,,0,,,0,,0
1000,25485-3A001-P2,1,25485-3A001-C2,1,1,,2021-11-29,,,,1,,2021-11-29 11:38:16,170524,2021-11-29 11:39:53,170524,,0,,,0,,1
1000,25485-3A001-B1,1,25485-3A001-P1,1,1,,2021-11-29,,,,1,,2021-11-29 11:38:29,170524,2025-11-14 13:56:04,181129,,0,,,0,,0
1000,25485-3A001-P1,1,25485-3A001-C1,1,1,,2021-11-29,,,,1,,2021-11-29 11:38:36,170524,2021-11-29 11:39:53,170524,,0,,,0,,1
1000,25450-07TA1-L2,2,25469-07TA1,1,1,,2024-11-06,,,,1,,2024-11-06 13:41:42,170524,2024-11-06 13:48:47,170524,,0,,,0,,0
1000,28235-2B710,1,28235-2B710-L1,1,1,,2021-11-29,,,,1,,2021-11-29 11:40:26,170524,2022-01-20 17:57:49,170524,,0,,,0,,0
1000,45264-23601(구형),1,45264-23601-L1(구형),1,1,,2021-11-24,,,,1,,2021-11-24 14:59:22,170524,2021-11-24 14:59:55,170524,,0,,,0,,1
1000,45264-23601-L1(구형),1,45264-23601-D1(구형),1,1,,2021-11-24,,,,1,,2021-11-24 14:59:28,170524,2021-11-24 14:59:55,170524,,0,,,0,,1
1000,45264-3D600-T1,1,45264-3D600-B3,1,1,,2021-10-14,,,,1,,2021-10-14 13:28:23,170524,2024-01-02 16:09:47,170524,,0,,,0,,0
1000,45264-3D600-B3,1,45264-3D600-R3,1,1,,2021-10-14,,,,1,,2021-10-14 13:28:44,170524,2021-10-14 15:13:33,170524,,0,,,0,,1
1000,45264-3D600-R3,1,45264-3D600-O3,1,1,,2021-10-14,,,,1,,2021-10-14 13:29:07,170524,2022-05-27 16:42:40,170524,,0,,,0,,1
1000,45264-3D600-O1,2,45264-3D600-P1,1,1,,2021-10-14,,,,1,,2021-10-14 13:35:28,170524,2024-11-11 15:21:45,170524,,0,,,0,,0
1000,45264-3D600-O3,2,MF650005-1(24구압입용),2,2,,2021-10-14,,,,1,,2021-10-14 13:29:53,170524,2021-10-14 15:13:33,170524,,0,,,0,,1
1000,45264-3D600-T1,4,45264-3D600-B2,1,1,,2021-10-14,,,,1,,2021-10-14 13:31:20,170524,2024-01-02 16:09:47,170524,,0,,,0,,0
1000,45264-3D600-T1,5,45264-3D600-B1,1,1,,2021-10-14,,,,1,,2021-10-14 13:33:21,170524,2024-01-02 16:09:47,170524,,0,,,0,,0
1000,45264-3D600-P1,1,45264-3D600-C1,1,1,,2021-10-14,,,,1,,2021-10-14 13:35:42,170524,2024-11-15 15:33:43,181129,,0,,,0,,0
1000,45264-3D600-B2,2,45264-3D600-R2,1,1,,2021-10-14,,,,1,,2021-10-14 13:32:02,170524,2021-10-14 15:14:17,170524,,0,,,0,,1
1000,45264-3D600-R2,1,45264-3D600-O2,1,1,,2021-10-14,,,,1,,2021-10-14 13:32:34,170524,2022-06-15 14:50:02,170524,,0,,,0,,1
1000,45264-3D600-O2,2,MF650005-1(24구압입용),1,1,,2021-10-14,,,,1,,2021-10-14 13:32:59,170524,2021-10-14 15:13:33,170524,,0,,,0,,1
1000,45264-3D600-B1,1,45264-3D600-R1,1,1,,2021-10-14,,,,1,,2021-10-14 13:33:34,170524,2021-12-01 16:36:57,170524,,0,,,0,,1
1000,45264-3D600-R1,1,45264-3D600-O1,1,1,,2021-10-14,,,,1,,2021-10-14 13:34:10,170524,2022-06-15 14:50:02,170524,,0,,,0,,1
1000,45264-3D600-O1,1,MF650005-1(24구압입용),1,1,,2021-10-14,,,,1,,2021-10-14 13:35:10,170524,2021-10-14 15:12:24,170524,,0,,,0,,1
1000,25410-2R000,1,25411-2R000-D1,1,1,,2021-12-01,,,,1,,2021-12-01 15:47:36,170524,2021-12-01 15:47:46,170524,,0,,,0,,1
1000,28820-4A910,1,28820-4A910-L1,1,1,,2021-10-18,,,,1,,2021-10-18 11:21:34,170524,2021-11-26 14:10:09,170524,,0,,,0,,1
1000,28820-4A910-L1,1,28820-4A910-D1,1,1,,2021-10-18,,,,1,,2021-10-18 11:21:42,170524,2021-10-18 11:35:23,170524,,0,,,0,,1
1000,28820-4A910-D1,1,28820-4A910-T1,1,1,,2021-10-18,,,,1,,2021-10-18 11:21:50,170524,2021-10-18 11:35:23,170524,,0,,,0,,1
1000,28820-4A910-T1,1,28820-4A910-B2,1,1,,2021-10-18,,,,1,,2021-10-18 11:22:05,170524,2021-11-26 14:10:09,170524,,0,,,0,,1
1000,28820-4A910-B2,1,28820-4A910-P2,1,1,,2021-10-18,,,,1,,2021-10-18 11:22:17,170524,2021-11-26 14:10:09,170524,,0,,,0,,1
1000,28820-4A910-P2,1,28820-4A910-C2,1,1,,2021-10-18,,,,1,,2021-10-18 11:22:31,170524,2025-04-09 16:28:48,181129,,0,,,0,,0
1000,25461-2R010-L1,1,25461-2R010-D1,1,1,,2021-10-19,,,,1,,2021-10-19 13:06:09,170524,2021-10-19 13:07:13,170524,,0,,,0,,1
1000,25461-2R010-D1,1,25461-2R010-T1,1,1,,2021-10-19,,,,1,,2021-10-19 13:06:18,170524,2021-10-19 13:07:13,170524,,0,,,0,,1
1000,25461-2R010-T1,1,25461-2R000-B1,1,1,,2021-10-19,,,,1,,2021-10-19 13:06:26,170524,2021-10-19 13:07:13,170524,,0,,,0,,1
1000,25461-2R010-T1,2,25461-2R010-2,1,1,,2021-10-19,,,,1,,2021-10-19 13:06:45,170524,2021-10-19 13:07:13,170524,,0,,,0,,1
1000,254112R6003,1,25411-2R600-L3,1,1,,2021-10-19,,,,1,,2021-10-19 13:15:23,170524,2021-11-26 13:52:03,170524,,0,,,0,,1
1000,25411-2R600-L3,1,25411-2R600-T3,1,1,,2021-10-19,,,,1,,2021-10-19 13:15:32,170524,2021-10-19 13:16:28,170524,,0,,,0,,1
1000,25411-2R600-T3,1,25411-2R000-B13,1,1,,2021-10-19,,,,1,,2021-10-19 13:15:40,170524,2021-10-19 13:16:28,170524,,0,,,0,,1
1000,25411-2R600-T3,2,25411-2R600-Q2,1,1,,2021-10-19,,,,1,,2021-10-19 13:15:50,170524,2021-10-19 13:16:28,170524,,0,,,0,,1
1000,25411-2R000-B13,1,25411-2R000-C13,1,1,,2021-10-19,,,,1,,2021-10-19 13:15:59,170524,2021-10-19 13:16:28,170524,,0,,,0,,1
1000,25411-2R600-Q2,1,25411-2R600-C2,1,1,,2021-10-19,,,,1,,2021-10-19 13:16:08,170524,2021-10-19 13:16:28,170524,,0,,,0,,1
1000,38131-48803,1,38131-48803-L1,1,1,,2021-10-19,,,,1,,2021-10-19 13:17:44,170524,2021-11-26 14:11:05,170524,,0,,,0,,1
1000,38131-48803-L1,1,38131-48803-D1,1,1,,2021-10-19,,,,1,,2021-10-19 13:17:51,170524,2021-10-19 13:20:31,170524,,0,,,0,,1
1000,38131-48803-D1,1,38131-48803-R1,1,1,,2021-10-19,,,,1,,2021-10-19 13:17:57,170524,2021-10-19 13:20:31,170524,,0,,,0,,1
1000,38131-48803-R1,1,38131-48803-G1,1,1,,2021-10-19,,,,1,,2021-10-19 13:18:06,170524,2021-10-19 13:20:31,170524,,0,,,0,,1
1000,45264-23601-T1(구형),1,45264-23601-B2,1,1,,2021-11-24,,,,1,,2021-11-24 14:59:40,170524,2021-11-24 14:59:55,170524,,0,,,0,,1
1000,45264-23421,1,45264-23421-L1,1,1,,2021-10-19,,,,1,,2021-10-19 13:22:00,170524,2021-11-24 15:00:49,170524,,0,,,0,,1
1000,38131-48803-G1,2,3811452000,1,1,,2021-10-19,,,,1,,2021-10-19 13:18:35,170524,2021-10-19 13:20:31,170524,,0,,,0,,1
1000,38131-48803-G1,3,1522815000,1,1,,2021-10-19,,,,1,,2021-10-19 13:18:45,170524,2021-10-19 13:20:31,170524,,0,,,0,,1
1000,38131-48803-G1,4,1522024151,1,1,,2021-10-19,,,,1,,2021-10-19 13:18:56,170524,2021-10-19 13:20:31,170524,,0,,,0,,1
1000,38131-48803-G1,5,38131-48803-B1,1,1,,2021-10-19,,,,1,,2021-10-19 13:19:46,170524,2021-10-19 13:20:31,170524,,0,,,0,,1
1000,45264-23421-L1,1,45264-23421-D1,1,1,,2021-10-19,,,,1,,2021-10-19 13:22:07,170524,2021-10-19 13:24:55,170524,,0,,,0,,1
1000,45264-23421-D1,1,45264-23421-T1,1,1,,2021-10-19,,,,1,,2021-10-19 13:22:14,170524,2021-10-19 13:24:55,170524,,0,,,0,,1
1000,45264-23421-T1,1,45264-23421-B2,1,1,,2021-10-19,,,,1,,2021-10-19 13:22:23,170524,2021-11-24 15:00:49,170524,,0,,,0,,1
1000,45264-23421-B2,1,45264-23421-R2,1,1,,2021-10-19,,,,1,,2021-10-19 13:22:31,170524,2021-11-24 15:00:49,170524,,0,,,0,,1
1000,45264-23421-R2,1,45264-23421-O2,1,1,,2021-10-19,,,,1,,2021-10-19 13:22:39,170524,2021-11-24 15:00:49,170524,,0,,,0,,1
1000,45264-23421-O2,1,45264-23421-P2,1,1,,2021-10-19,,,,1,,2021-10-19 13:22:46,170524,2025-01-16 16:17:26,170524,,0,,,0,,0
1000,45264-23421-P2,1,45264-23421-C2,1,1,,2021-10-19,,,,1,,2021-10-19 13:22:54,170524,2025-01-16 16:17:26,170524,,0,,,0,,0
1000,45264-3A560,1,45264-3A560-L1,1,1,,2021-11-24,,,,1,,2021-11-24 15:01:17,170524,2021-12-01 18:08:41,170524,,0,,,0,,0
1000,45264-23421-T1,2,45264-23421-B1,1,1,,2021-10-19,,,,1,,2021-10-19 13:23:28,170524,2021-11-24 15:00:49,170524,,0,,,0,,1
1000,45264-23421-B1,1,45264-23421-R1,1,1,,2021-10-19,,,,1,,2021-10-19 13:23:39,170524,2021-11-24 15:00:49,170524,,0,,,0,,1
1000,45264-23421-R1,1,45264-23421-O1,1,1,,2021-10-19,,,,1,,2021-10-19 13:23:47,170524,2021-11-24 15:00:49,170524,,0,,,0,,1
1000,45264-23421-O1,3,452643A5605,1,1,,2021-11-24,,,,1,,2021-11-24 15:00:31,170524,2021-11-24 15:00:49,170524,,0,,,0,,1
1000,45264-23421-O1,2,45264-23421-P1,1,1,,2021-10-19,,,,1,,2021-10-19 13:24:08,170524,2025-01-16 16:17:26,170524,,0,,,0,,0
1000,45264-23421-P1,1,45264-23421-C1,1,1,,2021-10-19,,,,1,,2021-10-19 13:24:17,170524,2025-01-16 16:17:26,170524,,0,,,0,,0
1000,45264-23421-T1,3,45264-23421-3,1,1,,2021-10-19,,,,1,,2021-10-19 13:24:27,170524,2021-10-19 13:24:55,170524,,0,,,0,,1
1000,45264-23421-T1,4,45264-23421-5,1,1,,2021-10-19,,,,1,,2021-10-19 13:24:36,170524,2021-10-19 13:24:55,170524,,0,,,0,,1
1000,45264-23601-D1(구형),1,45264-23601-T1(구형),1,1,,2021-11-24,,,,1,,2021-11-24 14:59:34,170524,2021-11-24 14:59:55,170524,,0,,,0,,1
1000,45264-23601-T1(구형),2,45264-23601-B1,1,1,,2021-11-24,,,,1,,2021-11-24 14:59:47,170524,2021-11-24 14:59:55,170524,,0,,,0,,1
1000,45264-23421-O2,2,452643A5605,1,1,,2021-11-24,,,,1,,2021-11-24 15:00:41,170524,2021-11-24 15:00:49,170524,,0,,,0,,1
1000,45264-3A560-L1,1,45264-3A560-D1,1,1,,2021-11-24,,,,1,,2021-11-24 15:01:23,170524,2021-11-24 15:03:22,170524,,0,,,0,,1
1000,45264-3A560-D1,1,45264-3A560-T1,1,1,,2021-11-24,,,,1,,2021-11-24 15:01:28,170524,2021-11-24 15:03:22,170524,,0,,,0,,1
1000,25465-84750,3,1140306101,1,1,,2021-10-21,,,,1,,2021-10-21 14:31:00,170524,2021-10-21 14:31:29,170524,,0,,,0,,1
1000,25465-84750,4,1481310179,1,1,,2021-10-21,,,,1,,2021-10-21 14:31:05,170524,2021-10-21 14:31:29,170524,,0,,,0,,1
1000,25467-84750,1,25467-84750-L1,1,1,,2021-10-21,,,,1,,2021-10-21 14:32:36,170524,2021-11-26 13:54:31,170524,,0,,,0,,1
1000,25467-84750-L1,1,25467-84750-D1,1,1,,2021-10-21,,,,1,,2021-10-21 14:32:41,170524,2021-10-21 14:33:57,170524,,0,,,0,,1
1000,25467-84750-D1,1,25467-84750-T1,1,1,,2021-10-21,,,,1,,2021-10-21 14:32:49,170524,2021-10-21 14:33:57,170524,,0,,,0,,1
1000,25467-84750-T1,1,25467-84750-B1,1,1,,2021-10-21,,,,1,,2021-10-21 14:33:02,170524,2021-10-21 14:33:57,170524,,0,,,0,,1
1000,25467-84750-B1,1,25467-84750-P1,1,1,,2021-10-21,,,,1,,2021-10-21 14:33:08,170524,2021-10-21 14:33:57,170524,,0,,,0,,1
1000,25467-84750-P1,1,25467-84750-C1,1,1,,2021-10-21,,,,1,,2021-10-21 14:33:15,170524,2024-12-23 16:30:13,181129,,0,,,0,,0
1000,25467-84750-T1,2,25467-84752-2,1,1,,2021-10-21,,,,1,,2021-10-21 14:33:30,170524,2021-10-21 14:33:57,170524,,0,,,0,,1
1000,25490-52812,1,25490-52812-L1,1,1,,2021-10-21,,,,1,,2021-10-21 14:34:46,170524,2021-12-01 15:49:51,170524,,0,,,0,,0
1000,25490-52812-L1,1,25490-52812-D1,1,1,,2021-10-21,,,,1,,2021-10-21 14:34:51,170524,2021-10-21 14:36:07,170524,,0,,,0,,1
1000,25490-52812-D1,1,25490-52812-R1,1,1,,2021-10-21,,,,1,,2021-10-21 14:34:55,170524,2021-10-21 14:36:07,170524,,0,,,0,,1
1000,25490-52812-R1,1,25490-52812-G1,1,1,,2021-10-21,,,,1,,2021-10-21 14:35:03,170524,2021-11-26 13:52:18,170524,,0,,,0,,1
1000,25490-52812-G1,1,25491-52811-B1,1,1,,2021-10-21,,,,1,,2021-10-21 14:35:10,170524,2021-10-21 14:36:07,170524,,0,,,0,,1
1000,25491-52811-B1,1,25491-52811-P1,1,1,,2021-10-21,,,,1,,2021-10-21 14:35:15,170524,2021-10-21 14:36:07,170524,,0,,,0,,1
1000,25491-52811-P1,1,25491-52811-C1,1,1,,2021-10-21,,,,1,,2021-10-21 14:35:20,170524,2021-10-21 14:36:07,170524,,0,,,0,,1
1000,25490-52812-G1,2,38215-84050,1,1,,2021-10-21,,,,1,,2021-10-21 14:35:31,170524,2021-10-21 14:36:07,170524,,0,,,0,,1
1000,25480-52812,1,25480-52812-L1,1,1,,2021-10-21,,,,1,,2021-10-21 14:36:34,170524,2021-12-01 15:50:45,170524,,0,,,0,,0
1000,25480-52812-L1,1,25480-52812-D1,1,1,,2021-10-21,,,,1,,2021-10-21 14:36:41,170524,2021-10-21 14:39:54,170524,,0,,,0,,1
1000,25480-52812-D1,1,25480-52812-S1,1,1,,2021-10-21,,,,1,,2021-10-21 14:37:00,170524,2021-10-21 14:39:54,170524,,0,,,0,,1
1000,25480-52812-S1,1,25480-52812-T1,1,1,,2021-10-21,,,,1,,2021-10-21 14:37:07,170524,2021-10-21 14:39:54,170524,,0,,,0,,1
1000,25480-52812-S1,2,1390506000,1,1,,2021-10-21,,,,1,,2021-10-21 14:37:19,170524,2021-10-21 14:39:54,170524,,0,,,0,,1
1000,25480-52812-T1,1,25481-52811-B1,1,1,,2021-10-21,,,,1,,2021-10-21 14:37:27,170524,2021-10-21 14:39:54,170524,,0,,,0,,1
1000,25481-52811-B1,1,25481-52811-P1,1,1,,2021-10-21,,,,1,,2021-10-21 14:37:34,170524,2021-10-21 14:39:54,170524,,0,,,0,,1
1000,25481-52811-P1,1,25481-52811-C1,1,1,,2021-10-21,,,,1,,2021-10-21 14:37:40,170524,2021-10-21 14:39:54,170524,,0,,,0,,1
1000,25480-52812,2,1140306126K,1,1,,2021-10-21,,,,1,,2021-10-21 14:38:01,170524,2021-10-21 14:39:54,170524,,0,,,0,,1
1000,25480-52812,3,282785C010,1,1,,2021-10-21,,,,1,,2021-10-21 14:38:08,170524,2021-10-21 14:39:54,170524,,0,,,0,,1
1000,25480-52812,4,29730-52800,1,1,,2021-10-21,,,,1,,2021-10-21 14:38:17,170524,2021-10-21 14:39:54,170524,,0,,,0,,1
1000,25430-52812-L1,1,25490-52812,1,1,,2021-10-21,,,,1,,2021-10-21 14:40:58,170524,2022-03-02 10:18:11,170524,,0,,,0,,0
1000,25430-52812-L1,2,25480-52812,1,1,,2021-10-21,,,,1,,2021-10-21 14:41:15,170524,2021-12-10 10:07:06,170524,,0,,,0,,0
1000,25430-52812,1,25430-52812-L1,1,1,,2021-10-21,,,,1,,2021-10-21 14:40:51,170524,2021-11-26 13:52:18,170524,,0,,,0,,1
1000,25470-52812,1,25470-52812-L1,1,1,,2021-10-21,,,,1,,2021-10-21 14:41:57,170524,2021-11-26 13:54:45,170524,,0,,,0,,1
1000,25470-52812-L1,1,25470-52812-D1,1,1,,2021-10-21,,,,1,,2021-10-21 14:42:02,170524,2021-10-21 14:42:58,170524,,0,,,0,,1
1000,25465-84750,2,25465-84703-D1,1,1,,2021-10-21,,,,1,,2021-10-21 14:30:39,170524,2021-10-21 14:31:29,170524,,0,,,0,,1
1000,25465-84703-D1,1,25465-84703,1,1,,2021-10-21,,,,1,,2021-10-21 14:30:48,170524,2021-10-21 14:31:29,170524,,0,,,0,,1
1000,25470-52812-D1,1,25470-52812-T1,1,1,,2021-10-21,,,,1,,2021-10-21 14:42:08,170524,2021-10-21 14:42:58,170524,,0,,,0,,1
1000,25470-52812-T1,1,25471-52812-B1,1,1,,2021-10-21,,,,1,,2021-10-21 14:42:14,170524,2021-10-21 14:42:58,170524,,0,,,0,,1
1000,25471-52812-B1,1,25470-52812-P1,1,1,,2021-10-21,,,,1,,2021-10-21 14:42:19,170524,2021-10-21 14:42:58,170524,,0,,,0,,1
1000,25470-52812-P1,1,25471-52812-C1,1,1,,2021-10-21,,,,1,,2021-10-21 14:42:24,170524,2025-01-13 16:50:33,181129,,0,,,0,,0
1000,25470-52812-T1,2,25470-52800-2,1,1,,2021-10-21,,,,1,,2021-10-21 14:42:33,170524,2021-10-21 14:42:58,170524,,0,,,0,,1
1000,25470-52812,2,282785C010,1,1,,2021-10-21,,,,1,,2021-10-21 14:42:42,170524,2021-10-21 14:42:58,170524,,0,,,0,,1
1000,22462-52001,1,22462-52001-L1,1,1,,2021-11-29,,,,1,,2021-11-29 11:04:50,170524,2021-11-29 11:05:39,170524,,0,,,0,,1
1000,28458-52238-T1,1,28458-52237-B4,1,1,,2021-10-21,,,,1,,2021-10-21 14:43:39,170524,2021-10-21 14:51:02,170524,,0,,,0,,1
1000,28458-52237-B4,1,28458-52237-C4,1,1,,2021-10-21,,,,1,,2021-10-21 14:43:56,170524,2021-10-21 14:51:02,170524,,0,,,0,,1
1000,28458-52238-T1,2,28458-52237-P3,1,1,,2021-10-21,,,,1,,2021-10-21 14:44:02,170524,2021-10-21 14:51:02,170524,,0,,,0,,1
1000,28458-52237-P3,1,28458-52237-C3,1,1,,2021-10-21,,,,1,,2021-10-21 14:44:08,170524,2021-10-21 14:51:02,170524,,0,,,0,,1
1000,28458-52238-T1,3,28458-52238-B1,1,1,,2021-10-21,,,,1,,2021-10-21 14:44:15,170524,2021-10-21 14:51:02,170524,,0,,,0,,1
1000,28458-52238-B1,1,28458-52238-C1,1,1,,2021-10-21,,,,1,,2021-10-21 14:44:22,170524,2021-10-21 14:51:02,170524,,0,,,0,,1
1000,28458-52238-T1,4,28458-52238-2,1,1,,2021-10-21,,,,1,,2021-10-21 14:44:34,170524,2021-10-21 14:51:02,170524,,0,,,0,,1
1000,28458-52238,2,28458-52238-7,1,1,,2021-10-21,,,,1,,2021-10-21 14:44:47,170524,2021-10-21 14:51:02,170524,,0,,,0,,1
1000,28458-52238,4,2847552236A,1,1,,2021-10-21,,,,1,,2021-10-21 14:45:00,170524,2021-10-21 14:51:02,170524,,0,,,0,,1
1000,25465-84200,1,25465-84200-L1,1,1,,2021-10-21,,,,1,,2021-10-21 14:51:27,170524,2021-12-16 09:37:00,170524,,0,,,0,,0
1000,25465-84200-L1,1,25465-84200-D1,1,1,,2021-10-21,,,,1,,2021-10-21 14:51:31,170524,2021-10-21 14:52:56,170524,,0,,,0,,1
1000,25465-84200-D1,1,25465-84210-B1,1,1,,2021-10-21,,,,1,,2021-10-21 14:51:39,170524,2021-10-21 14:52:56,170524,,0,,,0,,1
1000,25465-84210-B1,1,25465-84210-P1,1,1,,2021-10-21,,,,1,,2021-10-21 14:51:46,170524,2021-10-21 14:52:56,170524,,0,,,0,,1
1000,25465-84210-P1,1,25465-84210-C1,1,1,,2021-10-21,,,,1,,2021-10-21 14:51:52,170524,2025-07-03 15:23:05,181129,,0,,,0,,0
1000,25465-84200,2,25465-84703-D1,1,1,,2021-10-21,,,,1,,2021-10-21 14:52:14,170524,2021-10-21 14:52:56,170524,,0,,,0,,1
1000,25465-84200,3,1140306101,1,1,,2021-10-21,,,,1,,2021-10-21 14:52:23,170524,2021-10-21 14:52:56,170524,,0,,,0,,1
1000,25465-84200,4,2546584220A,1,1,,2021-10-21,,,,1,,2021-10-21 14:52:29,170524,2021-10-21 14:52:56,170524,,0,,,0,,1
1000,25465-84200,5,1481310179,1,1,,2021-10-21,,,,1,,2021-10-21 14:52:36,170524,2021-10-21 14:52:56,170524,,0,,,0,,1
1000,21780-82601,4,21782-82601-D1,1,1,,2021-10-21,,,,1,,2021-10-21 14:57:50,170524,2021-10-21 14:59:01,170524,,0,,,0,,1
1000,21780-82601,3,1140306141,1,1,,2021-10-21,,,,1,,2021-10-21 14:57:16,170524,2021-10-21 14:59:01,170524,,0,,,0,,1
1000,21782-82601-D1,1,21782-82601-S1,1,1,,2021-10-21,,,,1,,2021-10-21 14:56:03,170524,2021-10-21 14:59:01,170524,,0,,,0,,1
1000,21782-82601-S1,1,21780-82601-2,1,1,,2021-10-21,,,,1,,2021-10-21 14:56:11,170524,2021-10-21 14:59:01,170524,,0,,,0,,1
1000,21780-82601,2,1481310179,1,1,,2021-10-21,,,,1,,2021-10-21 14:56:52,170524,2021-10-21 14:59:01,170524,,0,,,0,,1
1000,21782-82601-S1,2,1390506000,1,1,,2021-10-21,,,,1,,2021-10-21 14:57:08,170524,2021-10-21 14:59:01,170524,,0,,,0,,1
1000,28820-4C101,1,28820-4C101-L1,1,1,,2021-10-21,,,,1,,2021-10-21 14:21:37,170524,2021-11-26 14:10:23,170524,,0,,,0,,1
1000,28820-4C101-L1,1,28820-4C101-D1,1,1,,2021-10-21,,,,1,,2021-10-21 14:21:45,170524,2021-10-21 14:22:57,170524,,0,,,0,,1
1000,28820-4C101-D1,1,28820-4C101-T1,1,1,,2021-10-21,,,,1,,2021-10-21 14:21:51,170524,2021-10-21 14:22:57,170524,,0,,,0,,1
1000,28820-4C101-T1,1,28820-4A910-B2,1,1,,2021-10-21,,,,1,,2021-10-21 14:21:59,170524,2021-11-26 14:10:23,170524,,0,,,0,,1
1000,28820-4C101-T1,2,28820-4A910-Q1,1,1,,2021-10-21,,,,1,,2021-10-21 14:22:09,170524,2021-10-21 14:22:57,170524,,0,,,0,,1
1000,28820-4C101,2,288114A001,1,1,,2021-10-21,,,,1,,2021-10-21 14:22:20,170524,2021-10-21 14:22:57,170524,,0,,,0,,1
1000,28820-4C101-T1,3,28820-4A910-3,1,1,,2021-10-21,,,,1,,2021-10-21 14:22:26,170524,2021-10-21 14:22:57,170524,,0,,,0,,1
1000,28820-4C101-T1,4,28821-4C001,1,1,,2021-10-21,,,,1,,2021-10-21 14:22:32,170524,2021-10-21 14:22:57,170524,,0,,,0,,1
1000,28820-4C101-T1,5,28820-4A910-5,1,1,,2021-10-21,,,,1,,2021-10-21 14:22:39,170524,2021-10-21 14:22:57,170524,,0,,,0,,1
1000,25465-84750,1,25465-84750-D1,1,1,,2021-10-21,,,,1,,2021-10-21 14:23:54,170524,2021-10-21 14:31:29,170524,,0,,,0,,1
1000,25465-84750-D1,1,25465-84750-B1,1,1,,2021-10-21,,,,1,,2021-10-21 14:24:01,170524,2021-10-21 14:31:29,170524,,0,,,0,,1
1000,25465-84750-B1,1,25465-84750-P1,1,1,,2021-10-21,,,,1,,2021-10-21 14:24:07,170524,2021-10-21 14:31:29,170524,,0,,,0,,1
1000,25465-84750-P1,1,25465-84750-C1,1,1,,2021-10-21,,,,1,,2021-10-21 14:24:13,170524,2024-12-16 10:53:06,181129,,0,,,0,,0
1000,21781-82600-B1,1,21781-82600-R1,1,1,,2021-10-21,,,,1,,2021-10-21 14:58:10,170524,2021-10-21 14:59:01,170524,,0,,,0,,1
1000,21781-82600-R1,1,21781-82600-O1,1,1,,2021-10-21,,,,1,,2021-10-21 14:58:18,170524,2021-11-24 15:23:59,170524,,0,,,0,,1
1000,21781-82600-O1,1,21781-82600-P1,1,1,,2021-10-21,,,,1,,2021-10-21 14:58:22,170524,2024-11-28 09:05:54,170524,,0,,,0,,0
1000,21781-82600-P1,1,21781-82600-C1,1,1,,2021-10-21,,,,1,,2021-10-21 14:58:28,170524,2024-11-25 09:29:16,181129,,0,,,0,,0
1000,25467-82600,1,25467-82600-L1,1,1,,2021-10-21,,,,1,,2021-10-21 14:59:43,170524,2021-11-26 13:54:24,170524,,0,,,0,,1
1000,25434-82600-S1,1,1390506000,1,1,,2021-10-21,,,,1,,2021-10-21 15:02:05,170524,2021-10-21 15:04:50,170524,,0,,,0,,1
1000,25434-82600-D1,1,25434-82600-S1,1,1,,2021-10-21,,,,1,,2021-10-21 15:01:59,170524,2021-10-21 15:04:50,170524,,0,,,0,,1
1000,25434-82600-S1,2,25433-82600,1,1,,2021-10-21,,,,1,,2021-10-21 15:03:16,170524,2021-10-21 15:04:50,170524,,0,,,0,,1
1000,25467-82600-L1,1,25467-82600-D1,1,1,,2021-10-21,,,,1,,2021-10-21 15:03:32,170524,2021-10-21 15:04:50,170524,,0,,,0,,1
1000,25467-82600-D1,1,25467-82600-T1,1,1,,2021-10-21,,,,1,,2021-10-21 15:03:37,170524,2021-10-21 15:04:50,170524,,0,,,0,,1
1000,25467-82600-T1,1,25434-82600,1,1,,2021-10-21,,,,1,,2021-10-21 15:03:43,170524,2021-10-21 15:04:50,170524,,0,,,0,,1
1000,25467-82600-T1,2,25467-82600-B1,1,1,,2021-10-21,,,,1,,2021-10-21 15:03:52,170524,2021-10-21 15:04:50,170524,,0,,,0,,1
1000,25467-82600-B1,1,25467-82600-P1,1,1,,2021-10-21,,,,1,,2021-10-21 15:03:58,170524,2021-10-21 15:04:50,170524,,0,,,0,,1
1000,25467-82600-P1,1,25467-82600-C1,1,1,,2021-10-21,,,,1,,2021-10-21 15:04:03,170524,2024-11-25 09:26:53,181129,,0,,,0,,0
1000,25467-82600,3,1140306141,1,1,,2021-10-21,,,,1,,2021-10-21 15:04:14,170524,2021-10-21 15:04:50,170524,,0,,,0,,1
1000,25466-84710,1,25466-84701-L1,1,1,,2021-10-21,,,,1,,2021-10-21 15:05:07,170524,2021-12-16 09:36:47,170524,,0,,,0,,0
1000,25466-84701-B1,1,25466-84701-P1,1,1,,2021-10-21,,,,1,,2021-10-21 15:05:54,170524,2021-10-21 15:08:43,170524,,0,,,0,,1
1000,25466-84701-L1,1,25466-84710-D1,1,1,,2021-10-21,,,,1,,2021-10-21 15:05:44,170524,2021-10-21 15:08:43,170524,,0,,,0,,1
1000,25466-84710-D1,1,25466-84701-B1,1,1,,2021-10-21,,,,1,,2021-10-21 15:05:48,170524,2021-10-21 15:08:43,170524,,0,,,0,,1
1000,25466-84701-P1,1,25466-84701-C1,1,1,,2021-10-21,,,,1,,2021-10-21 15:05:58,170524,2024-11-25 09:25:29,181129,,0,,,0,,0
1000,25466-84710,2,25466-84711-D1,1,1,,2021-10-21,,,,1,,2021-10-21 15:07:10,170524,2021-10-21 15:08:43,170524,,0,,,0,,1
1000,25466-84711-D1,1,25466-84711-S1,1,1,,2021-10-21,,,,1,,2021-10-21 15:07:17,170524,2021-10-21 15:08:43,170524,,0,,,0,,1
1000,25466-84711-S1,1,1390508000,1,1,,2021-10-21,,,,1,,2021-10-21 15:07:23,170524,2021-10-21 15:08:43,170524,,0,,,0,,1
1000,25466-84710,3,1140306101,1,1,,2021-10-21,,,,1,,2021-10-21 15:07:35,170524,2021-10-21 15:08:43,170524,,0,,,0,,1
1000,25466-84710,4,1481310179,1,1,,2021-10-21,,,,1,,2021-10-21 15:07:41,170524,2021-10-21 15:08:43,170524,,0,,,0,,1
1000,25466-84710,5,2546684702,1,1,,2021-10-21,,,,1,,2021-10-21 15:07:46,170524,2021-10-21 15:08:43,170524,,0,,,0,,1
1000,25466-84710,6,2546584702,1,1,,2021-10-21,,,,1,,2021-10-21 15:07:49,170524,2021-10-21 15:08:43,170524,,0,,,0,,1
1000,25466-84711-S1,2,25466-84710-4,1,1,,2021-10-21,,,,1,,2021-10-21 15:08:11,170524,2021-10-21 15:08:43,170524,,0,,,0,,1
1000,25470-52800,1,25470-52800-L1,1,1,,2021-10-21,,,,1,,2021-10-21 15:08:57,170524,2021-11-26 13:54:40,170524,,0,,,0,,1
1000,25470-52800-L1,1,25470-52800-D1,1,1,,2021-10-21,,,,1,,2021-10-21 15:09:03,170524,2021-10-21 15:09:44,170524,,0,,,0,,1
1000,25470-52800-D1,1,25470-52800-T1,1,1,,2021-10-21,,,,1,,2021-10-21 15:09:08,170524,2021-10-21 15:09:44,170524,,0,,,0,,1
1000,25470-52800-T1,1,25471-52800-B1,1,1,,2021-10-21,,,,1,,2021-10-21 15:09:13,170524,2021-10-21 15:09:44,170524,,0,,,0,,1
1000,25471-52800-B1,1,25471-52800-P1,1,1,,2021-10-21,,,,1,,2021-10-21 15:09:18,170524,2021-10-21 15:09:44,170524,,0,,,0,,1
1000,25471-52800-P1,1,25471-52800-C1,1,1,,2021-10-21,,,,1,,2021-10-21 15:09:23,170524,2021-10-21 15:09:44,170524,,0,,,0,,1
1000,25470-52800,2,282785C010,1,1,,2021-10-21,,,,1,,2021-10-21 15:09:31,170524,2021-10-21 15:09:44,170524,,0,,,0,,1
1000,38610-85800,1,38610-85800-L2,1,1,,2021-10-21,,,,1,,2021-10-21 15:10:12,170524,2021-11-26 14:11:30,170524,,0,,,0,,1
1000,38610-85800-L2,1,38610-85800-D1,1,1,,2021-10-21,,,,1,,2021-10-21 15:10:16,170524,2021-10-21 15:12:27,170524,,0,,,0,,1
1000,38610-85800-D1,1,38610-85800-L1,1,1,,2021-10-21,,,,1,,2021-10-21 15:10:21,170524,2021-10-21 15:12:27,170524,,0,,,0,,1
1000,38610-85800-L1,1,38610-85800-R1,1,1,,2021-10-21,,,,1,,2021-10-21 15:10:26,170524,2021-10-21 15:12:27,170524,,0,,,0,,1
1000,38610-85800-R1,1,38610-85800-G1,1,1,,2021-10-21,,,,1,,2021-10-21 15:10:31,170524,2021-10-21 15:12:27,170524,,0,,,0,,1
1000,38610-85800-G1,1,38610857001-산처리,1,1,,2021-10-21,,,,1,,2021-10-21 15:10:37,170524,2022-09-30 07:42:56,211213,,0,,,0,,0
1000,38610857001-산처리,1,38610857001,1,1,,2021-10-21,,,,1,,2021-10-21 15:10:45,170524,2021-10-21 15:12:27,170524,,0,,,0,,1
1000,38610-85800-G1,2,38610-85800-3,1,1,,2021-10-21,,,,1,,2021-10-21 15:10:54,170524,2021-10-21 15:12:27,170524,,0,,,0,,1
1000,38610-85800-G1,3,38610-85700-5,2,2,,2021-10-21,,,,1,,2021-10-21 15:11:04,170524,2021-10-21 15:12:27,170524,,0,,,0,,1
1000,38610-85800-G1,4,38610-85700-2,2,2,,2021-10-21,,,,1,,2021-10-21 15:11:48,170524,2021-10-21 15:12:27,170524,,0,,,0,,1
1000,26760-85800,1,26760-85800-L1,1,1,,2021-10-21,,,,1,,2021-10-21 15:12:44,170524,2022-10-28 15:04:21,211213,,0,,,0,,0
1000,26760-85800-L1,1,26760-85800-D1,1,1,,2021-10-21,,,,1,,2021-10-21 15:12:49,170524,2021-10-21 15:14:01,170524,,0,,,0,,1
1000,26760-85800-D1,1,26760-85800-R1,1,1,,2021-10-21,,,,1,,2021-10-21 15:12:54,170524,2021-10-21 15:14:01,170524,,0,,,0,,1
1000,26760-85800-R1,1,26760-85800-G1,1,1,,2021-10-21,,,,1,,2021-10-21 15:12:59,170524,2021-11-26 13:55:12,170524,,0,,,0,,1
1000,26760-85800-G1,1,26761-85800-B1,1,1,,2021-10-21,,,,1,,2021-10-21 15:13:04,170524,2021-10-21 15:14:01,170524,,0,,,0,,1
1000,26761-85800-B1,1,26761-85800-C1,1,1,,2021-10-21,,,,1,,2021-10-21 15:13:12,170524,2021-10-21 15:14:01,170524,,0,,,0,,1
1000,26760-85800-G1,2,26760-85800-2,1,1,,2021-10-21,,,,1,,2021-10-21 15:13:19,170524,2021-10-21 15:14:01,170524,,0,,,0,,1
1000,26760-85800,2,2676285800A,1,1,,2021-10-21,,,,1,,2021-10-21 15:13:35,170524,2021-10-21 15:14:01,170524,,0,,,0,,1
1000,26760-85800,3,2676385800A,1,1,,2021-10-21,,,,1,,2021-10-21 15:13:40,170524,2021-10-21 15:14:01,170524,,0,,,0,,1
1000,38600-52100,1,38600-52100-L2,1,1,,2021-10-21,,,,1,,2021-10-21 15:14:51,170524,2021-11-26 14:11:14,170524,,0,,,0,,1
1000,38600-52100-L1,1,38600-52100-R1,1,1,,2021-10-21,,,,1,,2021-10-21 15:15:08,170524,2021-10-21 15:16:31,170524,,0,,,0,,1
1000,38600-52100-R1,1,38600-52100-G1,1,1,,2021-10-21,,,,1,,2021-10-21 15:15:12,170524,2021-10-21 15:16:31,170524,,0,,,0,,1
1000,38600-52100-G1,1,38600-5C000-C4,1,1,,2021-10-21,,,,1,,2021-10-21 15:15:22,170524,2021-10-21 15:16:31,170524,,0,,,0,,1
1000,38600-52100-G1,2,38600-5C000-C3,1,1,,2021-10-21,,,,1,,2021-10-21 15:15:28,170524,2021-10-21 15:16:31,170524,,0,,,0,,1
1000,38600-52100-G1,3,38600-5C0001-A1,1,1,,2021-10-21,,,,1,,2021-10-21 15:15:34,170524,2022-11-07 18:05:24,170524,,0,,,0,,0
1000,38600-52100-G1,4,1522024151,1,1,,2021-10-21,,,,1,,2021-10-21 15:15:50,170524,2021-10-21 15:16:31,170524,,0,,,0,,1
1000,45264-02440-T1,2,45264-02440-B1,1,1,,2021-10-15,,,,1,,2021-10-15 15:20:18,170524,2021-10-15 15:22:07,170524,,0,,,0,,1
1000,45264-02440-B1,1,45264-02440-R1,1,1,,2021-10-15,,,,1,,2021-10-15 15:20:27,170524,2021-11-26 14:12:25,170524,,0,,,0,,1
1000,45264-02440-R1,1,45264-02440-O1,1,1,,2021-10-15,,,,1,,2021-10-15 15:20:39,170524,2021-11-26 14:12:25,170524,,0,,,0,,1
1000,45264-02440-O1,1,45264-02440-P1,1,1,,2021-10-15,,,,1,,2021-10-15 15:20:48,170524,2021-11-26 14:12:25,170524,,0,,,0,,1
1000,45264-02440-P1,1,45264-02440-C1,1,1,,2021-10-15,,,,1,,2021-10-15 15:20:58,170524,2021-10-15 15:22:07,170524,,0,,,0,,1
1000,45264-02440-T1,3,45264-02440-3,1,1,,2021-10-15,,,,1,,2021-10-15 15:21:20,170524,2021-10-15 15:22:07,170524,,0,,,0,,1
1000,45264-02440-T1,4,45264-02440-4,1,1,,2021-10-15,,,,1,,2021-10-15 15:21:30,170524,2021-10-15 15:22:07,170524,,0,,,0,,1
1000,28470-2F900,1,28470-2F900-L1,1,1,,2021-10-15,,,,1,,2021-10-15 15:23:10,170524,2021-11-26 14:08:55,170524,,0,,,0,,1
1000,28470-2F900-L1,1,28470-2F900-D1,1,1,,2021-10-15,,,,1,,2021-10-15 15:23:18,170524,2021-10-15 15:25:51,170524,,0,,,0,,1
1000,28470-2F900-D1,1,28470-2F900-T1,1,1,,2021-10-15,,,,1,,2021-10-15 15:23:27,170524,2021-10-15 15:25:51,170524,,0,,,0,,1
1000,28470-2F900-T1,1,28470-2F900-B1,1,1,,2021-10-15,,,,1,,2021-10-15 15:23:35,170524,2021-10-15 15:25:51,170524,,0,,,0,,1
1000,28470-2F900-B1,1,28470-2F900-P1,1,1,,2021-10-15,,,,1,,2021-10-15 15:23:54,170524,2021-10-15 15:25:51,170524,,0,,,0,,1
1000,28470-2F900-T1,2,28471-2F001-R1,1,1,,2021-10-15,,,,1,,2021-10-15 15:24:05,170524,2021-10-15 15:25:51,170524,,0,,,0,,1
1000,25480-52812-T1,2,25483-52802,1,1,,2022-06-16,,,,1,,2022-06-16 11:28:10,170524,2022-06-16 11:28:18,170524,,0,,,0,,1
1000,25465-84201,3,25465-84703-D1,1,1,,2022-06-22,,,,1,,2022-06-22 11:29:56,170524,2022-06-22 11:30:02,170524,,0,,,0,,1
1000,28470-2F900-T1,3,28471-2F600-6,1,1,,2021-10-15,,,,1,,2021-10-15 15:25:04,170524,2021-10-15 15:25:51,170524,,0,,,0,,1
1000,28470-2F900,2,284702F6001,1,1,,2021-10-15,,,,1,,2021-10-15 15:25:18,170524,2021-10-15 15:25:51,170524,,0,,,0,,1
1000,28470-2F900,3,284702F9005,1,1,,2021-10-15,,,,1,,2021-10-15 15:25:26,170524,2021-10-15 15:25:51,170524,,0,,,0,,1
1000,28495-2F600,1,28495-2F600-L1,1,1,,2021-10-15,,,,1,,2021-10-15 15:26:18,170524,2021-12-01 15:52:20,170524,,0,,,0,,0
1000,28495-2F600-L1,1,28495-2F600-D1,1,1,,2021-10-15,,,,1,,2021-10-15 15:26:26,170524,2021-10-15 15:27:20,170524,,0,,,0,,1
1000,28496-2F600-L1,1,28496-2F600-D1,1,1,,2021-10-15,,,,1,,2021-10-15 15:28:49,170524,2021-10-15 15:29:21,170524,,0,,,0,,1
1000,28495-2F600,2,394712F000,1,1,,2021-10-15,,,,1,,2021-10-15 15:27:06,170524,2021-10-15 15:27:20,170524,,0,,,0,,1
1000,28495-2F600,3,394722F600,1,1,,2021-10-15,,,,1,,2021-10-15 15:27:13,170524,2021-10-15 15:27:20,170524,,0,,,0,,1
1000,28496-2F600-D1,1,28496-2F600-T1,1,1,,2021-10-15,,,,1,,2021-10-15 15:28:56,170524,2021-10-15 15:29:21,170524,,0,,,0,,1
1000,28496-2F600,1,28496-2F600-L1,1,1,,2021-10-15,,,,1,,2021-10-15 15:28:42,170524,2022-09-28 20:10:41,211213,,0,,,0,,0
1000,28496-2F600,2,394712F000,1,1,,2021-10-15,,,,1,,2021-10-15 15:29:08,170524,2021-10-15 15:29:21,170524,,0,,,0,,1
1000,28496-2F600,3,394722F600,1,1,,2021-10-15,,,,1,,2021-10-15 15:29:16,170524,2021-10-15 15:29:21,170524,,0,,,0,,1
1000,28470-3A600,1,28470-3A600-L1,1,1,,2021-10-15,,,,1,,2021-10-15 15:29:50,170524,2021-11-26 14:09:01,170524,,0,,,0,,1
1000,28470-3A600-L1,1,28470-3A600-D1,1,1,,2021-10-15,,,,1,,2021-10-15 15:29:57,170524,2021-10-15 15:31:35,170524,,0,,,0,,1
1000,28470-3A600-D1,1,28470-3A600-T1,1,1,,2021-10-15,,,,1,,2021-10-15 15:30:04,170524,2021-10-15 15:31:35,170524,,0,,,0,,1
1000,28470-3A600-T1,1,28470-3A600-B1,1,1,,2021-10-15,,,,1,,2021-10-15 15:30:12,170524,2021-10-15 15:31:35,170524,,0,,,0,,1
1000,28470-3A600-B1,1,28470-3A600-P1,1,1,,2021-10-15,,,,1,,2021-10-15 15:30:20,170524,2022-01-27 11:25:37,170524,,0,,,0,,0
1000,28470-3A600-P1,1,28470-3A600-C1,1,1,,2021-10-15,,,,1,,2021-10-15 15:30:27,170524,2021-10-15 15:31:35,170524,,0,,,0,,1
1000,28470-3A600-T1,2,28470-3A600-2,1,1,,2021-10-15,,,,1,,2021-10-15 15:30:42,170524,2021-10-15 15:31:35,170524,,0,,,0,,1
1000,28470-3A600-T1,3,28470-3A600-3,1,1,,2021-10-15,,,,1,,2021-10-15 15:30:52,170524,2021-10-15 15:31:35,170524,,0,,,0,,1
1000,28470-3A600,2,284703A6005,1,1,,2021-10-15,,,,1,,2021-10-15 15:31:08,170524,2021-10-15 15:31:35,170524,,0,,,0,,1
1000,28470-3A600,3,284703A6006,1,1,,2021-10-15,,,,1,,2021-10-15 15:31:15,170524,2021-10-15 15:31:35,170524,,0,,,0,,1
1000,59138-S93801(D08275),1,59138-S9380-1-L1,1,1,,2021-10-15,,,,1,,2021-10-15 15:31:57,170524,2021-12-01 15:46:50,170524,,0,,,0,,0
1000,59138-S9380-1-L1,1,59138-S9380-1-D1,1,1,,2021-10-15,,,,1,,2021-10-15 15:32:07,170524,2021-10-15 15:32:53,170524,,0,,,0,,1
1000,59138-S9380-1-D1,1,59138-S9380-1-R1,1,1,,2021-10-15,,,,1,,2021-10-15 15:32:16,170524,2021-10-15 15:32:53,170524,,0,,,0,,1
1000,28235-2B720-T1,1,28235-2B720-B3,1,1,,2021-10-15,,,,1,,2021-10-15 15:34:10,170524,2021-11-26 13:55:23,170524,,0,,,0,,1
1000,28235-2B720-B3,1,28235-2B720-R3,1,1,,2021-10-15,,,,1,,2021-10-15 15:34:21,170524,2021-11-26 13:55:23,170524,,0,,,0,,1
1000,28235-2B720-R3,1,28235-2B720-K3,1,1,,2021-10-15,,,,1,,2021-10-15 15:34:30,170524,2021-11-26 13:55:23,170524,,0,,,0,,1
1000,28235-2B720-K3,1,28235-2B720-P3,1,1,,2021-10-15,,,,1,,2021-10-15 15:34:37,170524,2021-10-15 15:37:37,170524,,0,,,0,,1
1000,28235-2B720-P3,1,28235-2B720-C3,1,1,,2021-10-15,,,,1,,2021-10-15 15:34:44,170524,2021-10-15 15:37:37,170524,,0,,,0,,1
1000,28235-2B720-K3,2,28235-2B730-6,1,1,,2021-10-15,,,,1,,2021-10-15 15:35:04,170524,2021-10-15 15:37:37,170524,,0,,,0,,1
1000,28235-2B720-T1,2,28235-2B720-1(우신),1,1,,2021-10-15,,,,1,,2021-10-15 15:35:24,170524,2021-10-15 15:37:37,170524,,0,,,0,,1
1000,28235-2B720-T1,3,28235-2B720-B2,1,1,,2021-10-15,,,,1,,2021-10-15 15:35:40,170524,2021-11-26 13:55:23,170524,,0,,,0,,1
1000,28235-2B720-B2,1,28235-2B720-R2,1,1,,2021-10-15,,,,1,,2021-10-15 15:35:52,170524,2021-11-26 13:55:23,170524,,0,,,0,,1
1000,28235-2B720-R2,1,28235-2B720-K2,1,1,,2021-10-15,,,,1,,2021-10-15 15:36:07,170524,2021-11-26 13:55:23,170524,,0,,,0,,1
1000,28235-2B720-K2,1,28235-2B720-P2,1,1,,2021-10-15,,,,1,,2021-10-15 15:36:15,170524,2021-10-15 15:37:37,170524,,0,,,0,,1
1000,28235-2B720-P2,1,28235-2B720-C2,1,1,,2021-10-15,,,,1,,2021-10-15 15:36:23,170524,2021-10-15 15:37:37,170524,,0,,,0,,1
1000,28235-2B720-K2,2,28235-2B730-6,1,1,,2021-10-15,,,,1,,2021-10-15 15:36:34,170524,2021-10-15 15:37:37,170524,,0,,,0,,1
1000,28235-2B720,2,282372B720A,1,1,,2021-10-15,,,,1,,2021-10-15 15:36:47,170524,2021-10-15 15:37:37,170524,,0,,,0,,1
1000,28235-2B720,3,282382B720A,1,1,,2021-10-15,,,,1,,2021-10-15 15:36:54,170524,2021-10-15 15:37:37,170524,,0,,,0,,1
1000,28235-2B730,1,28235-2B730-L1,1,1,,2021-10-15,,,,1,,2021-10-15 16:13:07,170524,2021-11-24 15:22:46,170524,,0,,,0,,1
1000,28235-2B730-L1,1,28235-2B730-D1,1,1,,2021-10-15,,,,1,,2021-10-15 16:13:16,170524,2021-10-15 16:18:05,170524,,0,,,0,,1
1000,28235-2B730-D1,1,28235-2B730-T1,1,1,,2021-10-15,,,,1,,2021-10-15 16:13:25,170524,2021-10-15 16:18:05,170524,,0,,,0,,1
1000,28235-2B730-T1,1,28235-2B730-B3,1,1,,2021-10-15,,,,1,,2021-10-15 16:13:35,170524,2021-11-24 15:22:46,170524,,0,,,0,,1
1000,28235-2B730-B3,1,28235-2B730-R3,1,1,,2021-10-15,,,,1,,2021-10-15 16:13:51,170524,2021-11-24 15:22:46,170524,,0,,,0,,1
1000,28235-2B730-R3,1,28235-2B730-K3,1,1,,2021-10-15,,,,1,,2021-10-15 16:14:01,170524,2021-11-24 15:22:46,170524,,0,,,0,,1
1000,28235-2B730-K3,1,28235-2B730-P3,1,1,,2021-10-15,,,,1,,2021-10-15 16:14:11,170524,2021-10-15 16:18:05,170524,,0,,,0,,1
1000,28235-2B730-P3,1,28235-2B730-C3,1,1,,2021-10-15,,,,1,,2021-10-15 16:14:20,170524,2021-10-15 16:18:05,170524,,0,,,0,,1
1000,28235-2B730-K3,2,28235-2B730-6,1,1,,2021-10-15,,,,1,,2021-10-15 16:14:31,170524,2021-10-15 16:18:05,170524,,0,,,0,,1
1000,28235-2B730-T1,2,28235-2B730-B2,1,1,,2021-10-15,,,,1,,2021-10-15 16:14:51,170524,2021-11-24 15:22:46,170524,,0,,,0,,1
1000,28235-2B730-B2,1,28235-2B730-R2,1,1,,2021-10-15,,,,1,,2021-10-15 16:15:12,170524,2021-11-24 15:22:46,170524,,0,,,0,,1
1000,28235-2B730-R2,1,28235-2B730-K2,1,1,,2021-10-15,,,,1,,2021-10-15 16:15:24,170524,2021-11-24 15:22:46,170524,,0,,,0,,1
1000,28235-2B730-K2,1,28235-2B730-P2,1,1,,2021-10-15,,,,1,,2021-10-15 16:15:32,170524,2021-10-15 16:18:05,170524,,0,,,0,,1
1000,28820-4A861-P4,1,28820-4A861-C4,1,1,,2021-12-15,,,,1,,2021-12-15 09:53:35,170524,2021-12-15 09:56:47,170524,,0,,,0,,1
1000,28820-4A861-O2,2,28820-4A861-P6,1,1,,2021-12-15,,,,1,,2021-12-15 09:56:13,170524,2021-12-15 09:56:47,170524,,0,,,0,,1
1000,28820-4A861-O2,3,28820-4A861-P18,1,1,,2021-12-15,,,,1,,2021-12-15 09:56:19,170524,2021-12-15 09:56:47,170524,,0,,,0,,1
1000,25485-3A901-T1,4,254853A7003,1,1,,2022-01-11,,,,1,,2022-01-11 10:55:14,170524,2023-01-05 16:03:39,170524,,0,,,0,,1
1000,2246252001,1,22462-52001-L1,1,1,,2022-01-11,,,,1,,2022-01-11 10:57:48,170524,2023-04-17 10:14:01,211213,,0,,,0,,0
1000,38131-84300-B1,2,38135-84300,1,1,,2021-12-27,,,,1,,2021-12-27 12:16:14,170524,2021-12-27 12:16:28,170524,,0,,,0,,1
1000,25465-84701,1,25465-84700-D1,1,1,,2021-12-27,,,,1,,2021-12-27 12:22:00,170524,2021-12-27 12:22:17,170524,,0,,,0,,1
1000,48270-23020,1,48270-23020-L1,1,1,,2021-12-30,,,,1,,2021-12-30 12:17:27,170524,,,,0,,,0,,
1000,48270-23020-L1,1,48270-23020-D1,1,1,,2021-12-30,,,,1,,2021-12-30 12:17:33,170524,2021-12-30 12:19:09,170524,,0,,,0,,1
1000,48270-23020-D1,1,48270-23020-R1,1,1,,2021-12-30,,,,1,,2021-12-30 12:17:39,170524,2021-12-30 12:19:09,170524,,0,,,0,,1
1000,48270-23020-R1,1,48270-23020-G1,1,1,,2021-12-30,,,,1,,2021-12-30 12:17:56,170524,2021-12-30 12:19:09,170524,,0,,,0,,1
1000,48270-23020-G1,1,90143,1,1,,2021-12-30,,,,1,,2021-12-30 12:18:16,170524,2021-12-30 12:19:09,170524,,0,,,0,,1
1000,48270-23020-G1,2,90114,1,1,,2021-12-30,,,,1,,2021-12-30 12:18:21,170524,2021-12-30 12:19:09,170524,,0,,,0,,1
1000,48270-23020-G1,3,90097(58754-2F000),1,1,,2021-12-30,,,,1,,2021-12-30 12:18:27,170524,2021-12-30 12:19:09,170524,,0,,,0,,1
1000,48270-23020-G1,4,48270-23020-5,1,1,,2021-12-30,,,,1,,2021-12-30 12:18:35,170524,2021-12-30 12:19:09,170524,,0,,,0,,1
1000,48270-23020-G1,5,48273-23020-B1,1,1,,2021-12-30,,,,1,,2021-12-30 12:18:43,170524,2021-12-30 12:19:09,170524,,0,,,0,,1
1000,48273-23020-B1,1,48273-23020-C1,1,1,,2021-12-30,,,,1,,2021-12-30 12:18:50,170524,2021-12-30 12:19:09,170524,,0,,,0,,1
1000,48270-23020,2,90189,1,1,,2021-12-30,,,,1,,2021-12-30 12:18:58,170524,2021-12-30 12:19:09,170524,,0,,,0,,1
1000,25485-3A901-T1,5,254853A7004,1,1,,2022-01-11,,,,1,,2022-01-11 10:55:28,170524,2023-01-05 16:03:39,170524,,0,,,0,,1
1000,45264-02421-O2,2,452643A5605,1,1,,2022-01-12,,,,1,,2022-01-12 09:33:05,170524,2022-01-12 09:33:20,170524,,0,,,0,,1
1000,45264-23665,1,45264-23665-L1,1,1,,2022-01-12,,,,1,,2022-01-12 09:33:51,170524,2022-01-12 09:35:39,170524,,0,,,0,,1
1000,45264-23665-L1,1,45264-23665-D1,1,1,,2022-01-12,,,,1,,2022-01-12 09:33:56,170524,2022-01-12 09:35:39,170524,,0,,,0,,1
1000,45264-23665-D1,1,45264-23665-T1,1,1,,2022-01-12,,,,1,,2022-01-12 09:34:03,170524,2022-01-12 09:35:39,170524,,0,,,0,,1
1000,45264-23665-T1,1,45264-23665-B2,1,1,,2022-01-12,,,,1,,2022-01-12 09:34:09,170524,2022-01-12 09:35:39,170524,,0,,,0,,1
1000,45264-23665-B2,1,45264-23665-R2,1,1,,2022-01-12,,,,1,,2022-01-12 09:34:14,170524,2022-01-12 09:35:39,170524,,0,,,0,,1
1000,45264-23665-R2,1,45264-23665-O2,1,1,,2022-01-12,,,,1,,2022-01-12 09:34:18,170524,2022-01-12 09:35:39,170524,,0,,,0,,1
1000,45264-23665-O2,1,45264-23665-P2,1,1,,2022-01-12,,,,1,,2022-01-12 09:34:22,170524,2022-01-12 09:35:39,170524,,0,,,0,,1
1000,45264-23665-P2,1,45264-23665-C2,1,1,,2022-01-12,,,,1,,2022-01-12 09:34:28,170524,2022-01-12 09:35:39,170524,,0,,,0,,1
1000,45264-23665-T1,2,45264-23665-B1,1,1,,2022-01-12,,,,1,,2022-01-12 09:34:33,170524,2022-01-12 09:35:39,170524,,0,,,0,,1
1000,45264-23665-B1,1,45264-23665-R1,1,1,,2022-01-12,,,,1,,2022-01-12 09:34:39,170524,2022-01-12 09:35:39,170524,,0,,,0,,1
1000,45264-23665-R1,1,45264-23665-O1,1,1,,2022-01-12,,,,1,,2022-01-12 09:34:44,170524,2022-01-12 09:35:39,170524,,0,,,0,,1
1000,45264-23665-O1,1,45264-23665-P1,1,1,,2022-01-12,,,,1,,2022-01-12 09:34:50,170524,2022-01-12 09:35:39,170524,,0,,,0,,1
1000,45264-23665-P1,1,45264-23665-C1,1,1,,2022-01-12,,,,1,,2022-01-12 09:34:55,170524,2022-01-12 09:35:39,170524,,0,,,0,,1
1000,45264-23665-O1,2,452643A5605,1,1,,2022-01-12,,,,1,,2022-01-12 09:35:02,170524,2022-01-12 09:35:39,170524,,0,,,0,,1
1000,45264-23665-O2,2,452643A5605,1,1,,2022-01-12,,,,1,,2022-01-12 09:35:06,170524,2022-01-12 09:35:39,170524,,0,,,0,,1
1000,45264-23665-T1,3,45264-23620-6,1,1,,2022-01-12,,,,1,,2022-01-12 09:35:13,170524,2022-01-12 09:35:39,170524,,0,,,0,,1
1000,45264-23665-T1,4,45264-23601-4,1,1,,2022-01-12,,,,1,,2022-01-12 09:35:21,170524,2022-01-12 09:35:39,170524,,0,,,0,,1
1000,45264-23665-T1,5,45264-23665-6,1,1,,2022-01-12,,,,1,,2022-01-12 09:35:25,170524,2022-01-12 09:35:39,170524,,0,,,0,,1
1000,28235-2B700-L1,1,28235-2B700-D1,1,1,,2025-01-08,,,,1,,2025-01-08 16:21:55,170524,2025-01-08 16:22:12,170524,,0,,,0,,1
1000,28820-4A800-L1,1,28820-4A800-D1,1,1,,2022-01-12,,,,1,,2022-01-12 09:36:16,170524,2022-01-12 09:37:10,170524,,0,,,0,,1
1000,28820-4A800-D1,1,28820-4A800-T1,1,1,,2022-01-12,,,,1,,2022-01-12 09:36:21,170524,2022-01-12 09:37:10,170524,,0,,,0,,1
1000,28820-4A800-T1,1,28820-4A810-B3,1,1,,2022-01-12,,,,1,,2022-01-12 09:36:28,170524,2022-01-12 09:37:10,170524,,0,,,0,,1
1000,28820-4A800-T1,2,28820-4A800-C2,1,1,,2022-01-12,,,,1,,2022-01-12 09:36:40,170524,2022-01-12 09:37:10,170524,,0,,,0,,1
1000,28820-4A800-T1,3,28820-4A800-Q1,1,1,,2022-01-12,,,,1,,2022-01-12 09:36:46,170524,2022-01-12 09:37:10,170524,,0,,,0,,1
1000,28820-4A800-T1,4,28820-4A800-4,1,1,,2022-01-12,,,,1,,2022-01-12 09:36:55,170524,2022-01-12 09:37:10,170524,,0,,,0,,1
1000,28820-4A800-T1,5,28820-4A800-3,1,1,,2022-01-12,,,,1,,2022-01-12 09:37:00,170524,2022-01-12 09:37:10,170524,,0,,,0,,1
1000,45264-23870,1,45264-23870-L1,1,1,,2022-01-12,,,,1,,2022-01-12 09:39:21,170524,2022-01-24 13:27:13,170524,,0,,,0,,0
1000,45264-23870-L1,1,45264-23870-D1,1,1,,2022-01-12,,,,1,,2022-01-12 09:39:26,170524,2022-01-12 09:41:06,170524,,0,,,0,,1
1000,45264-23870-D1,1,45264-23870-T1,1,1,,2022-01-12,,,,1,,2022-01-12 09:39:31,170524,2022-01-12 09:41:06,170524,,0,,,0,,1
1000,45264-23870-T1,1,45264-23870-B2,1,1,,2022-01-12,,,,1,,2022-01-12 09:39:37,170524,2022-01-12 09:41:06,170524,,0,,,0,,1
1000,45264-23870-B2,1,45264-23870-R2,1,1,,2022-01-12,,,,1,,2022-01-12 09:39:42,170524,2022-01-12 09:41:06,170524,,0,,,0,,1
1000,28235-2B700,7,28235-2B700-L1,1,1,,2025-01-08,,,,1,,2025-01-08 16:21:49,170524,2025-01-08 16:22:12,170524,,0,,,0,,1
1000,45264-3A560-G2,1,45264-3A560-B2,1,1,,2021-11-24,,,,1,,2021-11-24 15:02:12,170524,2021-11-24 15:03:22,170524,,0,,,0,,1
1000,45264-3A560-P2,1,45264-3A560-C2,1,1,,2021-11-24,,,,1,,2021-11-24 15:02:22,170524,2021-11-24 15:03:22,170524,,0,,,0,,1
1000,45264-3A560-G1,1,45264-3A560-B1,1,1,,2021-11-24,,,,1,,2021-11-24 15:02:43,170524,2021-11-24 15:03:22,170524,,0,,,0,,1
1000,45264-3A560-P1,1,45264-3A560-C1,1,1,,2021-11-24,,,,1,,2021-11-24 15:02:55,170524,2021-11-24 15:03:22,170524,,0,,,0,,1
1000,45264-3A560-T1,3,45264-3A560-3,1,1,,2021-11-24,,,,1,,2021-11-24 15:03:05,170524,2021-11-24 15:03:22,170524,,0,,,0,,1
1000,45264-3A560-T1,4,45264-3A560-4,1,1,,2021-11-24,,,,1,,2021-11-24 15:03:11,170524,2021-11-24 15:03:22,170524,,0,,,0,,1
1000,45264-23430,1,45264-23430-L1,1,1,,2021-11-24,,,,1,,2021-11-24 15:04:54,170524,2021-11-24 15:06:46,170524,,0,,,0,,1
1000,45264-23430-L1,1,45264-23430-D1,1,1,,2021-11-24,,,,1,,2021-11-24 15:05:00,170524,2021-11-24 15:06:46,170524,,0,,,0,,1
1000,45264-23430-D1,1,45264-23430-T1,1,1,,2021-11-24,,,,1,,2021-11-24 15:05:05,170524,2021-11-24 15:06:46,170524,,0,,,0,,1
1000,45264-23430-T1,1,45264-23430-B2,1,1,,2021-11-24,,,,1,,2021-11-24 15:05:10,170524,2021-11-24 15:06:46,170524,,0,,,0,,1
1000,45264-23430-B2,1,45264-23430-R2,1,1,,2021-11-24,,,,1,,2021-11-24 15:05:15,170524,2021-11-24 15:06:46,170524,,0,,,0,,1
1000,45264-23430-R2,1,45264-23430-O2,1,1,,2021-11-24,,,,1,,2021-11-24 15:05:20,170524,2021-11-24 15:06:46,170524,,0,,,0,,1
1000,45264-23430-O2,1,45264-23430-P2,1,1,,2021-11-24,,,,1,,2021-11-24 15:05:25,170524,2025-01-09 11:19:16,170524,,0,,,0,,0
1000,45264-23430-P2,1,45264-23430-C2,1,1,,2021-11-24,,,,1,,2021-11-24 15:05:30,170524,2021-11-24 15:06:46,170524,,0,,,0,,1
1000,45264-23430-T1,2,45264-23430-B1,1,1,,2021-11-24,,,,1,,2021-11-24 15:05:35,170524,2021-11-24 15:06:46,170524,,0,,,0,,1
1000,45264-23430-B1,1,45264-23430-R1,1,1,,2021-11-24,,,,1,,2021-11-24 15:05:41,170524,2021-11-24 15:06:46,170524,,0,,,0,,1
1000,45264-23430-P1,1,45264-23430-C1,1,1,,2021-11-24,,,,1,,2021-11-24 15:06:07,170524,2021-11-24 15:06:46,170524,,0,,,0,,1
1000,45264-23430-R1,1,45264-23430-O1,1,1,,2021-11-24,,,,1,,2021-11-24 15:05:56,170524,2021-11-24 15:06:46,170524,,0,,,0,,1
1000,45264-23430-O1,1,45264-23430-P1,1,1,,2021-11-24,,,,1,,2021-11-24 15:06:02,170524,2025-01-09 11:19:16,170524,,0,,,0,,0
1000,45264-23430-O1,2,452643A5605,1,1,,2021-11-24,,,,1,,2021-11-24 15:06:18,170524,2021-11-24 15:06:46,170524,,0,,,0,,1
1000,45264-23430-O2,2,452643A5605,1,1,,2021-11-24,,,,1,,2021-11-24 15:06:22,170524,2021-11-24 15:06:46,170524,,0,,,0,,1
1000,45264-23430-T1,3,45264-23430-3,1,1,,2021-11-24,,,,1,,2021-11-24 15:06:30,170524,2021-11-24 15:06:46,170524,,0,,,0,,1
1000,45264-23430-T1,4,45264-23421-5,1,1,,2021-11-24,,,,1,,2021-11-24 15:06:35,170524,2021-11-24 15:06:46,170524,,0,,,0,,1
1000,39480-2A600,1,39480-2A600-L1,1,1,,2021-11-24,,,,1,,2021-11-24 15:11:22,170524,2022-01-20 12:23:28,170524,,0,,,0,,0
1000,39480-2A600-L1,1,39480-2A600-D1,1,1,,2021-11-24,,,,1,,2021-11-24 15:11:27,170524,2021-11-24 15:12:46,170524,,0,,,0,,1
1000,39480-2A600-D1,1,39480-2A600-T1,1,1,,2021-11-24,,,,1,,2021-11-24 15:11:31,170524,2021-11-24 15:12:46,170524,,0,,,0,,1
1000,39480-2A600-T1,1,39480-2A610-B3,1,1,,2021-11-24,,,,1,,2021-11-24 15:11:38,170524,2021-11-24 15:12:46,170524,,0,,,0,,1
1000,39480-2A610-B3,1,39480-2A610-P3,1,1,,2021-11-24,,,,1,,2021-11-24 15:11:45,170524,2021-11-24 15:12:46,170524,,0,,,0,,1
1000,39480-2A600-T1,2,39480-2A610-B1,1,1,,2021-11-24,,,,1,,2021-11-24 15:11:52,170524,2021-11-24 15:12:46,170524,,0,,,0,,1
1000,39480-2A610-B1,1,39480-2A610-P1,1,1,,2021-11-24,,,,1,,2021-11-24 15:11:57,170524,2021-11-24 15:12:46,170524,,0,,,0,,1
1000,39480-2A600,2,394162A601,1,1,,2021-11-24,,,,1,,2021-11-24 15:12:06,170524,2021-11-24 15:12:46,170524,,0,,,0,,1
1000,39480-2A600,3,394162A602,1,1,,2021-11-24,,,,1,,2021-11-24 15:12:12,170524,2021-11-24 15:12:46,170524,,0,,,0,,1
1000,39480-2A600-T1,3,39480-2A610-5,1,1,,2021-11-24,,,,1,,2021-11-24 15:12:23,170524,2021-11-24 15:12:46,170524,,0,,,0,,1
1000,39480-2A600-T1,4,39480-2A610-6,1,1,,2021-11-24,,,,1,,2021-11-24 15:12:32,170524,2021-11-24 15:12:46,170524,,0,,,0,,1
1000,28250-2G400,1,28250-2G400-L1,1,1,,2021-11-24,,,,1,,2021-11-24 15:13:27,170524,2021-12-20 11:03:52,170524,,0,,,0,,0
1000,28250-2G400-L1,1,28250-2G400-D1,1,1,,2021-11-24,,,,1,,2021-11-24 15:13:32,170524,2021-11-24 15:14:46,170524,,0,,,0,,1
1000,28250-2G400-D1,1,28250-2G400-B2,1,1,,2021-11-24,,,,1,,2021-11-24 15:13:36,170524,2021-11-24 15:14:46,170524,,0,,,0,,1
1000,28250-2G400-B2,1,28250-2G400-R2,1,1,,2021-11-24,,,,1,,2021-11-24 15:13:41,170524,2021-11-24 15:14:46,170524,,0,,,0,,1
1000,28250-2G400-R2,1,28250-2G400-G2,1,1,,2021-11-24,,,,1,,2021-11-24 15:13:45,170524,2021-11-24 15:14:46,170524,,0,,,0,,1
1000,28250-2G400-G2,1,28250-2G400-K2,1,1,,2021-11-24,,,,1,,2021-11-24 15:13:50,170524,2021-11-24 15:14:46,170524,,0,,,0,,1
1000,28250-2G400-K2,1,28250-2G400-P2,1,1,,2021-11-24,,,,1,,2021-11-24 15:13:56,170524,2021-11-24 15:14:46,170524,,0,,,0,,1
1000,28250-2G400-P2,1,28250-2G400-C2,1,1,,2021-11-24,,,,1,,2021-11-24 15:14:00,170524,2025-07-07 17:01:20,181129,,0,,,0,,0
1000,28250-2G400,2,282502G4003,1,1,,2021-11-24,,,,1,,2021-11-24 15:14:09,170524,2021-11-24 15:14:46,170524,,0,,,0,,1
1000,28250-2G400-G2,2,28250-2G400-5(스톱바),1,1,,2021-11-24,,,,1,,2021-11-24 15:14:20,170524,2021-11-24 15:14:46,170524,,0,,,0,,1
1000,28250-2G400-K2,2,28250-2G400-1,1,1,,2021-11-24,,,,1,,2021-11-24 15:14:32,170524,2021-11-24 15:14:46,170524,,0,,,0,,1
1000,28260-2G400,1,28260-2G410-L1,1,1,,2021-11-24,,,,1,,2021-11-24 15:15:06,170524,2021-12-20 11:04:00,170524,,0,,,0,,0
1000,28260-2G410-L1,1,28260-2G410-D1,1,1,,2021-11-24,,,,1,,2021-11-24 15:15:10,170524,2021-11-24 15:16:24,170524,,0,,,0,,1
1000,28260-2G410-D1,1,28260-2G410-B2,1,1,,2021-11-24,,,,1,,2021-11-24 15:15:32,170524,2021-11-24 15:16:24,170524,,0,,,0,,1
1000,28260-2G410-B2,1,28260-2G410-R2,1,1,,2021-11-24,,,,1,,2021-11-24 15:15:38,170524,2021-11-24 15:16:24,170524,,0,,,0,,1
1000,28260-2G410-R2,1,28260-2G410-G2,1,1,,2021-11-24,,,,1,,2021-11-24 15:15:44,170524,2021-11-24 15:16:24,170524,,0,,,0,,1
1000,28260-2G410-G2,1,28260-2G410-K2,1,1,,2021-11-24,,,,1,,2021-11-24 15:15:49,170524,2021-11-24 15:16:24,170524,,0,,,0,,1
1000,28260-2G410-K2,1,28260-2G410-P2,1,1,,2021-11-24,,,,1,,2021-11-24 15:15:54,170524,2021-11-24 15:16:24,170524,,0,,,0,,1
1000,28260-2G410-P2,1,28260-2G410-C2,1,1,,2021-11-24,,,,1,,2021-11-24 15:15:58,170524,2025-07-07 17:01:29,181129,,0,,,0,,0
1000,28260-2G400,2,282602G410A,1,1,,2021-11-24,,,,1,,2021-11-24 15:16:05,170524,2021-11-24 15:16:24,170524,,0,,,0,,1
1000,28260-2G410-G2,2,28250-2G400-5(스톱바),1,1,,2021-11-24,,,,1,,2021-11-24 15:16:12,170524,2021-11-24 15:16:24,170524,,0,,,0,,1
1000,28260-2G410-K2,2,28250-2G400-1,1,1,,2021-11-24,,,,1,,2021-11-24 15:16:17,170524,2021-11-24 15:16:24,170524,,0,,,0,,1
1000,28260-2G410,1,28260-2G410-L1,1,1,,2021-11-24,,,,1,,2021-11-24 15:16:43,170524,2021-12-20 11:04:13,170524,,0,,,0,,0
1000,25480-52800,1,25480-52802-L1,1,1,,2021-11-24,,,,1,,2021-11-24 15:22:04,170524,2021-12-01 15:50:09,170524,,0,,,0,,0
1000,28270-82711,1,28270-82711-L1,1,1,,2021-11-24,,,,1,,2021-11-24 15:34:06,170524,2021-11-24 15:35:13,170524,,0,,,0,,1
1000,28270-82711-L1,1,28270-82711-D1,1,1,,2021-11-24,,,,1,,2021-11-24 15:34:12,170524,2021-11-24 15:35:13,170524,,0,,,0,,1
1000,28270-82711-R1,1,28270-82711-G1,1,1,,2021-11-24,,,,1,,2021-11-24 15:34:23,170524,2021-11-24 15:35:13,170524,,0,,,0,,1
1000,28270-82711-G1,1,28271-82710-B1,1,1,,2021-11-24,,,,1,,2021-11-24 15:34:28,170524,2021-11-24 15:35:13,170524,,0,,,0,,1
1000,28271-82710-B1,1,28271-82710-C1,1,1,,2021-11-24,,,,1,,2021-11-24 15:34:34,170524,2021-11-24 15:35:13,170524,,0,,,0,,1
1000,28270-82711,2,2541483000,1,1,,2021-11-24,,,,1,,2021-11-24 15:34:44,170524,2021-11-24 15:35:13,170524,,0,,,0,,1
1000,28270-82711,3,2544985000,1,1,,2021-11-24,,,,1,,2021-11-24 15:34:49,170524,2021-11-24 15:35:13,170524,,0,,,0,,1
1000,28270-82711,4,1129306306B,1,1,,2021-11-24,,,,1,,2021-11-24 15:34:53,170524,2021-11-24 15:35:13,170524,,0,,,0,,1
1000,28270-82711-G1,2,MF65000(24구가접용),2,2,,2021-11-24,,,,1,,2021-11-24 15:35:07,170524,2021-11-24 15:35:13,170524,,0,,,0,,1
1000,28271-82710,1,28270-82711-L1,1,1,,2021-11-24,,,,1,,2021-11-24 15:37:24,170524,2022-01-20 18:00:57,170524,,0,,,0,,0
1000,28270-82701,1,28270-82701-L1,1,1,,2021-11-24,,,,1,,2021-11-24 15:41:33,170524,2021-11-24 15:42:37,170524,,0,,,0,,1
1000,28270-82701-L1,1,28270-82701-D1,1,1,,2021-11-24,,,,1,,2021-11-24 15:41:38,170524,2021-11-24 15:42:37,170524,,0,,,0,,1
1000,28270-82701-G1,1,28271-82700-B1,1,1,,2021-11-24,,,,1,,2021-11-24 15:41:52,170524,2021-11-24 15:42:37,170524,,0,,,0,,1
1000,28271-82700-B1,1,28271-82700-C1,1,1,,2021-11-24,,,,1,,2021-11-24 15:41:56,170524,2021-11-24 15:42:37,170524,,0,,,0,,1
1000,28270-82701,2,2544985000,1,1,,2021-11-24,,,,1,,2021-11-24 15:42:06,170524,2021-11-24 15:42:37,170524,,0,,,0,,1
1000,28270-82701,3,1129306306B,1,1,,2021-11-24,,,,1,,2021-11-24 15:42:10,170524,2021-11-24 15:42:37,170524,,0,,,0,,1
1000,28270-82701,4,2541483000,1,1,,2021-11-24,,,,1,,2021-11-24 15:42:14,170524,2021-11-24 15:42:37,170524,,0,,,0,,1
1000,28270-82701-G1,2,MF65000(24구가접용),2,2,,2021-11-24,,,,1,,2021-11-24 15:42:22,170524,2021-11-24 15:42:37,170524,,0,,,0,,1
1000,28271-82700,1,28270-82701-L1,1,1,,2021-11-24,,,,1,,2021-11-24 15:44:25,170524,2021-11-24 15:44:29,170524,,0,,,0,,1
1000,28458-52238-D1,2,28458-52238-L1,1,1,,2021-11-26,,,,1,,2021-11-26 14:00:25,170524,2021-11-26 14:00:48,170524,,0,,,0,,1
1000,28458-52238,5,28458-52238-L2,1,1,,2021-11-26,,,,1,,2021-11-26 14:00:06,170524,2021-11-26 14:00:48,170524,,0,,,0,,1
1000,28458-52238-L2,1,28458-52238-D1,1,1,,2021-11-26,,,,1,,2021-11-26 14:00:13,170524,2021-11-26 14:00:48,170524,,0,,,0,,1
1000,28458-52238-L1,1,28458-52238-T1,1,1,,2021-11-26,,,,1,,2021-11-26 14:00:34,170524,2023-12-15 08:52:15,170524,,0,,,0,,0
1000,28820-4A720-D1,1,28820-4A720-T1,1,1,,2021-11-29,,,,1,,2021-11-29 10:03:22,170524,2021-11-29 10:04:20,170524,,0,,,0,,1
1000,28820-4A720,1,28820-4A720-L1,1,1,,2021-11-29,,,,1,,2021-11-29 10:03:10,170524,2021-11-29 10:04:20,170524,,0,,,0,,1
1000,28820-4A720-L1,1,28820-4A720-D1,1,1,,2021-11-29,,,,1,,2021-11-29 10:03:16,170524,2021-11-29 10:04:20,170524,,0,,,0,,1
1000,28820-4A720-T1,1,28820-4A710-P3,1,1,,2021-11-29,,,,1,,2021-11-29 10:03:28,170524,2021-11-29 10:04:20,170524,,0,,,0,,1
1000,28820-4A710-P3,1,28820-4A710-C3,1,1,,2021-11-29,,,,1,,2021-11-29 10:03:37,170524,2025-04-23 16:54:16,181129,,0,,,0,,0
1000,28820-4A720-T1,2,28820-4A720-Q1,1,1,,2021-11-29,,,,1,,2021-11-29 10:03:44,170524,2021-11-29 10:04:20,170524,,0,,,0,,1
1000,28820-4A720-Q1,1,28820-4A710-C1,1,1,,2021-11-29,,,,1,,2021-11-29 10:03:49,170524,2021-11-29 10:04:20,170524,,0,,,0,,1
1000,28820-4A720,2,288114A001,1,1,,2021-11-29,,,,1,,2021-11-29 10:03:55,170524,2021-11-29 10:04:20,170524,,0,,,0,,1
1000,28820-4A720-T1,3,28820-4A600-3,1,1,,2021-11-29,,,,1,,2021-11-29 10:04:00,170524,2021-11-29 10:04:20,170524,,0,,,0,,1
1000,28820-4A720-T1,4,28820-4A700-4,1,1,,2021-11-29,,,,1,,2021-11-29 10:04:06,170524,2021-11-29 10:04:20,170524,,0,,,0,,1
1000,22462-52001-L1,1,22462-52001-D1,1,1,,2021-11-29,,,,1,,2021-11-29 11:04:55,170524,2021-11-29 11:05:39,170524,,0,,,0,,1
1000,22462-52001-D1,1,22462-52001-R1,1,1,,2021-11-29,,,,1,,2021-11-29 11:05:00,170524,2021-11-29 11:05:39,170524,,0,,,0,,1
1000,22462-52001-R1,1,22462-52001-S1,1,1,,2021-11-29,,,,1,,2021-11-29 11:05:05,170524,2021-11-29 11:05:39,170524,,0,,,0,,1
1000,22462-52001-S1,1,22462-52001-B1,1,1,,2021-11-29,,,,1,,2021-11-29 11:05:14,170524,2022-06-03 13:30:25,170524,,0,,,0,,1
1000,22462-52001-B1,1,22462-52001-P1,1,1,,2021-11-29,,,,1,,2021-11-29 11:05:20,170524,2022-01-06 10:00:48,170524,,0,,,0,,0
1000,22462-52001-P1,1,22462-52001-C1,1,1,,2021-11-29,,,,1,,2021-11-29 11:05:27,170524,2021-11-29 11:05:39,170524,,0,,,0,,1
1000,25470-4CC00-T1,1,25471-4CC00-P3,1,1,,2021-11-29,,,,1,,2021-11-29 11:06:12,170524,2021-11-29 11:09:22,170524,,0,,,0,,1
1000,25471-4CC00-P3,1,25471-4CC00-C3,1,1,,2021-11-29,,,,1,,2021-11-29 11:06:28,170524,2021-11-29 11:09:22,170524,,0,,,0,,1
1000,25470-4CC00-T1,2,25471-4CC00-C20,1,1,,2021-11-29,,,,1,,2021-11-29 11:06:35,170524,2021-11-29 11:09:22,170524,,0,,,0,,1
1000,25471-4CC00-C20,1,25471-4CC00-B2,1,1,,2021-11-29,,,,1,,2021-11-29 11:06:42,170524,2022-01-03 11:48:04,170524,,0,,,0,,0
1000,25471-4CC00-B2,1,25471-4CC00-P2,1,1,,2021-11-29,,,,1,,2021-11-29 11:06:47,170524,2021-12-08 11:11:01,170524,,0,,,0,,0
1000,25471-4CC00-P2,1,25471-4CC00-C2,1,1,,2021-11-29,,,,1,,2021-11-29 11:06:54,170524,2021-11-29 11:09:22,170524,,0,,,0,,1
1000,25470-4CC00-T1,3,25471-4CC00-C10,1,1,,2021-11-29,,,,1,,2021-11-29 11:07:05,170524,2021-11-29 11:09:22,170524,,0,,,0,,1
1000,25471-4CC00-C10,1,25471-4CC00-B1,1,1,,2021-11-29,,,,1,,2021-11-29 11:07:11,170524,2022-01-03 11:48:04,170524,,0,,,0,,0
1000,25471-4CC00-B1,1,25471-4CC00-P1,1,1,,2021-11-29,,,,1,,2021-11-29 11:07:16,170524,2021-12-08 11:11:01,170524,,0,,,0,,0
1000,25471-4CC00-P1,1,25471-4CC00-C1,1,1,,2021-11-29,,,,1,,2021-11-29 11:07:22,170524,2021-11-29 11:09:22,170524,,0,,,0,,1
1000,25470-4CC00-T1,4,25471-4CC00-4,1,1,,2021-11-29,,,,1,,2021-11-29 11:07:42,170524,2021-11-29 11:09:22,170524,,0,,,0,,1
1000,25470-4CC00-T1,5,25471-4CC00-5,1,1,,2021-11-29,,,,1,,2021-11-29 11:07:47,170524,2021-11-29 11:09:22,170524,,0,,,0,,1
1000,25470-4CC00-T1,6,25471-4CC00-6,1,1,,2021-11-29,,,,1,,2021-11-29 11:07:52,170524,2021-11-29 11:09:22,170524,,0,,,0,,1
1000,28820-4A820,1,28820-4A820-L1,1,1,,2021-11-29,,,,1,,2021-11-29 11:30:00,170524,2021-11-29 11:31:38,170524,,0,,,0,,1
1000,28820-4A820-L1,1,28820-4A820-D1,1,1,,2021-11-29,,,,1,,2021-11-29 11:30:07,170524,2021-11-29 11:31:38,170524,,0,,,0,,1
1000,28820-4A820-D1,1,28820-4A820-T1,1,1,,2021-11-29,,,,1,,2021-11-29 11:30:18,170524,2021-11-29 11:31:38,170524,,0,,,0,,1
1000,28820-4A820-T1,1,28820-4A810-B2,1,1,,2021-11-29,,,,1,,2021-11-29 11:30:26,170524,2021-11-29 11:31:38,170524,,0,,,0,,1
1000,28820-4A820-T1,2,28820-4A820-Q1,1,1,,2021-11-29,,,,1,,2021-11-29 11:30:35,170524,2021-11-29 11:31:38,170524,,0,,,0,,1
1000,28820-4A820-T1,3,28820-4A910-3,1,1,,2021-11-29,,,,1,,2021-11-29 11:30:48,170524,2021-11-29 11:31:38,170524,,0,,,0,,1
1000,28820-4A820-T1,4,28820-4A910-4,1,1,,2021-11-29,,,,1,,2021-11-29 11:30:54,170524,2021-11-29 11:31:38,170524,,0,,,0,,1
1000,28820-4A820-T1,5,28820-4A810-5,1,1,,2021-11-29,,,,1,,2021-11-29 11:31:01,170524,2021-11-29 11:31:38,170524,,0,,,0,,1
1000,28820-4A820-T1,6,28820-4A820-9,1,1,,2021-11-29,,,,1,,2021-11-29 11:31:07,170524,2021-11-29 11:31:38,170524,,0,,,0,,1
1000,28820-4A820,2,288114A001,1,1,,2021-11-29,,,,1,,2021-11-29 11:31:29,170524,2021-11-29 11:31:38,170524,,0,,,0,,1
1000,254853A001,1,25485-3A001-L1,1,1,,2021-11-29,,,,1,,2021-11-29 11:37:34,170524,2025-12-09 09:05:28,170524,,0,,,0,,0
1000,25485-3A001-L1,1,25485-3A001-D1,1,1,,2021-11-29,,,,1,,2021-11-29 11:37:40,170524,2021-11-29 11:39:53,170524,,0,,,0,,1
1000,25485-3A001-D1,1,25485-3A001-T1,1,1,,2021-11-29,,,,1,,2021-11-29 11:37:45,170524,2021-11-29 11:39:53,170524,,0,,,0,,1
1000,25465-84210,1,25465-84200-D1,1,1,,2022-01-21,,,,1,,2022-01-21 13:56:38,170524,2022-01-21 13:56:44,170524,,0,,,0,,1
1000,25431-42050-2-P1(신형),1,25431-42050-2-C1(신형),1,1,,2022-01-17,,,,1,,2022-01-17 14:44:33,170524,2022-01-17 14:44:37,170524,,0,,,0,,1
1000,25410-3V700,2,S254133V700,1,1,,2022-01-21,,,,1,,2022-01-21 14:15:19,170524,2022-01-21 14:15:22,170524,,0,,,0,,1
1000,38131-84300-G1,5,3813484300,1,1,,2022-03-11,,,,1,,2022-03-11 09:23:53,170524,2022-03-11 09:24:04,170524,,0,,,0,,1
1000,22152-03010,1,22152-03010-L1,1,1,,2022-03-15,,,,1,,2022-03-15 11:30:28,170524,2022-05-09 11:33:17,170524,,0,,,0,,0
1000,22152-03010-L1,1,22152-03010-D1,1,1,,2022-03-15,,,,1,,2022-03-15 11:30:36,170524,2022-03-15 11:31:04,170524,,0,,,0,,1
1000,25460-2R050-R1,1,25460-2R050-S1,1,1,,2022-03-25,,,,1,,2022-03-25 17:40:09,170524,2022-08-12 14:53:42,170524,,0,,,0,,1
1000,25460-2R050,1,25460-2R050-L1,1,1,,2022-03-25,,,,1,,2022-03-25 17:37:24,170524,,,,0,,,0,,
1000,25460-2R050-L1,1,25460-2R050-D1,1,1,,2022-03-25,,,,1,,2022-03-25 17:38:00,170524,2022-03-25 17:41:37,170524,,0,,,0,,1
1000,25460-2R050-D1,1,25460-2R050-R1,1,1,,2022-03-25,,,,1,,2022-03-25 17:40:06,170524,2022-03-25 17:41:37,170524,,0,,,0,,1
1000,28471-2F001-S2,1,28471-2F001-S1,1,1,,2023-02-27,,,,1,,2023-02-27 14:29:06,170524,2023-02-27 14:29:34,170524,,0,,,0,,1
1000,25461-2R050-CG1,1,25461-2R050-B1,1,1,,2022-03-25,,,,1,,2022-03-25 17:40:45,170524,,,,0,,,0,,
1000,25461-2R050-B1,1,25461-2R050-P1,1,1,,2022-03-25,,,,1,,2022-03-25 17:41:03,170524,,,,0,,,0,,
1000,25461-2R050-P1,1,25461-2R050-C1,1,1,,2022-03-25,,,,1,,2022-03-25 17:41:11,170524,2023-09-01 08:34:10,170524,,0,,,0,,1
1000,25460-2R050,2,254622R000,1,1,,2022-03-25,,,,1,,2022-03-25 17:41:25,170524,2022-03-25 17:41:37,170524,,0,,,0,,1
1000,25460-2R050-S1,2,25461-2R050-2,1,1,,2022-03-25,,,,1,,2022-03-25 17:42:09,170524,2022-03-25 17:42:15,170524,,0,,,0,,1
1000,25411-3V000-B1,1,25410-3V700-C1,1,1,,2022-03-31,,,,1,,2022-03-31 20:17:12,170524,2022-03-31 20:17:17,170524,,0,,,0,,1
1000,25470-4CC00,2,S254724A830,2,2,,2022-03-31,,,,1,,2022-03-31 20:24:34,170524,2022-03-31 20:24:38,170524,,0,,,0,,1
1000,31045-M2XX0-P1,1,31045M2XX1,1,1,,2022-03-31,,,,1,,2022-03-31 22:18:23,170524,2022-03-31 22:18:27,170524,,0,,,0,,1
1000,39480-2A200,1,39480-2A200-D1,1,1,,2022-04-13,,,,1,,2022-04-13 11:08:55,170524,2022-04-13 11:09:59,170524,,0,,,0,,1
1000,39480-2A200-D1,1,39480-2A200-T1,1,1,,2022-04-13,,,,1,,2022-04-13 11:08:59,170524,2022-04-13 11:09:59,170524,,0,,,0,,1
1000,39480-2A200-T1,1,39480-2A200-5,1,1,,2022-04-13,,,,1,,2022-04-13 11:09:03,170524,2022-04-13 11:09:59,170524,,0,,,0,,1
1000,39480-2A200-T1,2,39480-2A180-B2,1,1,,2022-04-13,,,,1,,2022-04-13 11:09:21,170524,2022-04-13 11:09:59,170524,,0,,,0,,1
1000,39480-2A200-T1,3,39480-2A180-B1,1,1,,2022-04-13,,,,1,,2022-04-13 11:09:31,170524,2022-04-13 11:09:59,170524,,0,,,0,,1
1000,39480-2A200-T1,4,39480-2A150-3,1,1,,2022-04-13,,,,1,,2022-04-13 11:09:44,170524,2022-04-13 11:09:59,170524,,0,,,0,,1
1000,39480-2A200-T1,5,39480-2A150-4,1,1,,2022-04-13,,,,1,,2022-04-13 11:09:50,170524,2022-04-13 11:09:59,170524,,0,,,0,,1
1000,25490-52800,2,282785C010,1,1,,2022-04-13,,,,1,,2022-04-13 13:29:07,170524,2022-04-13 13:31:29,170524,,0,,,0,,1
1000,46347-3A001,1,46347-3A001-L1,1,1,,2022-04-22,,,,1,,2022-04-22 15:46:54,170524,2022-04-22 15:47:47,170524,,0,,,0,,1
1000,28235-2B710-L1,1,28235-2B710-D1,1,1,,2021-11-29,,,,1,,2021-11-29 11:40:31,170524,2021-11-29 11:42:36,170524,,0,,,0,,1
1000,28235-2B710-D1,1,28235-2B710-T1,1,1,,2021-11-29,,,,1,,2021-11-29 11:40:36,170524,2021-11-29 11:42:36,170524,,0,,,0,,1
1000,28235-2B710-T1,1,28235-2B710-B3,1,1,,2021-11-29,,,,1,,2021-11-29 11:40:42,170524,2021-11-29 11:42:36,170524,,0,,,0,,1
1000,28235-2B710-B3,1,28235-2B710-R3,1,1,,2021-11-29,,,,1,,2021-11-29 11:40:48,170524,2021-11-29 11:42:36,170524,,0,,,0,,1
1000,28235-2B710-R3,1,28235-2B710-K3,1,1,,2021-11-29,,,,1,,2021-11-29 11:40:54,170524,2021-11-29 11:42:36,170524,,0,,,0,,1
1000,28235-2B710-K3,1,28235-2B710-P3,1,1,,2021-11-29,,,,1,,2021-11-29 11:41:00,170524,2021-11-29 11:42:36,170524,,0,,,0,,1
1000,28235-2B710-T1,2,28235-2B710-B2,1,1,,2021-11-29,,,,1,,2021-11-29 11:41:06,170524,2021-11-29 11:42:36,170524,,0,,,0,,1
1000,28235-2B710-B2,1,28235-2B710-R2,1,1,,2021-11-29,,,,1,,2021-11-29 11:41:11,170524,2021-11-29 11:42:36,170524,,0,,,0,,1
1000,28235-2B710-R2,1,28235-2B710-K2,1,1,,2021-11-29,,,,1,,2021-11-29 11:41:16,170524,2021-11-29 11:42:36,170524,,0,,,0,,1
1000,28235-2B710-K2,1,28235-2B710-P2,1,1,,2021-11-29,,,,1,,2021-11-29 11:41:22,170524,2021-11-29 11:42:36,170524,,0,,,0,,1
1000,28235-2B710-P2,1,28235-2B710-C2,1,1,,2021-11-29,,,,1,,2021-11-29 11:41:32,170524,2021-11-29 11:42:36,170524,,0,,,0,,1
1000,28235-2B710-P3,1,28235-2B710-C3,1,1,,2021-11-29,,,,1,,2021-11-29 11:41:37,170524,2021-11-29 11:42:36,170524,,0,,,0,,1
1000,28471-2F001,3,28471-2F001-D1,1,1,,2023-10-31,,,,1,,2023-10-31 18:30:58,170524,2023-10-31 18:31:27,170524,,0,,,0,,1
1000,28235-2B710-T1,3,28235-2B710-1,1,1,,2021-11-29,,,,1,,2021-11-29 11:41:59,170524,2021-11-29 11:42:36,170524,,0,,,0,,1
1000,28235-2B710-T1,4,28235-2B700-9(39211-2B070),1,1,,2021-11-29,,,,1,,2021-11-29 11:42:05,170524,2021-11-29 11:42:36,170524,,0,,,0,,1
1000,28235-2B710-T1,5,28235-2B710-10,1,1,,2021-11-29,,,,1,,2021-11-29 11:42:11,170524,2021-11-29 11:42:36,170524,,0,,,0,,1
1000,38600-5C800,1,38600-5C800-L1,1,1,,2021-11-29,,,,1,,2021-11-29 15:03:52,170524,2021-11-29 15:05:24,170524,,0,,,0,,1
1000,38600-5C800-L1,1,38600-5C800-D1,1,1,,2021-11-29,,,,1,,2021-11-29 15:03:58,170524,2021-11-29 15:05:24,170524,,0,,,0,,1
1000,38600-5C800-D1,1,38600-5C800-R1,1,1,,2021-11-29,,,,1,,2021-11-29 15:04:03,170524,2021-11-29 15:05:24,170524,,0,,,0,,1
1000,38600-5C800-R1,1,38600-5C800-G1,1,1,,2021-11-29,,,,1,,2021-11-29 15:04:08,170524,2021-11-29 15:05:24,170524,,0,,,0,,1
1000,38600-5C800-G1,1,38601-5C800-C1,1,1,,2021-11-29,,,,1,,2021-11-29 15:04:14,170524,2021-11-29 15:05:24,170524,,0,,,0,,1
1000,38600-5C800-G1,2,38602-5C800,2,2,,2021-11-29,,,,1,,2021-11-29 15:04:30,170524,2021-11-29 15:05:24,170524,,0,,,0,,1
1000,38600-5C800-G1,5,38604-5C800,1,1,,2021-11-29,,,,1,,2021-11-29 15:05:12,170524,2021-11-29 15:05:24,170524,,0,,,0,,1
1000,38600-5C800-G1,3,38610-85700-5,2,2,,2021-11-29,,,,1,,2021-11-29 15:04:50,170524,2021-11-29 15:05:24,170524,,0,,,0,,1
1000,38600-5C800-G1,4,38603-5C801,1,1,,2021-11-29,,,,1,,2021-11-29 15:04:59,170524,2021-11-29 15:05:24,170524,,0,,,0,,1
1000,28471-2F001-D1,1,28471-2F001-R1,1,1,,2023-10-31,,,,1,,2023-10-31 18:32:21,170524,2023-10-31 18:32:26,170524,,0,,,0,,1
1000,28820-4CC00,1,28820-4CC00-L1,1,1,,2021-11-29,,,,1,,2021-11-29 15:07:22,170524,2021-11-29 15:25:58,170524,,0,,,0,,1
1000,28820-4CC00-L1,1,28820-4CC00-D1,1,1,,2021-11-29,,,,1,,2021-11-29 15:07:27,170524,2021-11-29 15:25:58,170524,,0,,,0,,1
1000,28820-4CC00-D1,1,28820-4CC00-T1,1,1,,2021-11-29,,,,1,,2021-11-29 15:07:32,170524,2021-11-29 15:25:58,170524,,0,,,0,,1
1000,45264-23601-T1(구형),3,45264-23601-3(구형),1,1,,2021-12-01,,,,1,,2021-12-01 10:16:47,170524,2021-12-01 10:16:54,170524,,0,,,0,,1
1000,28820-4CC00-R1,1,28820-4CC00-G1,1,1,,2021-11-29,,,,1,,2021-11-29 15:10:47,170524,2021-11-29 15:25:58,170524,,0,,,0,,1
1000,28820-4CC00-B2,1,28820-4CC00-C2,1,1,,2021-11-29,,,,1,,2021-11-29 15:08:09,170524,,,,0,,,0,,
1000,28820-4CC00-G1,2,28820-4CC00-3,1,1,,2021-11-29,,,,1,,2021-11-29 15:21:58,170524,2021-11-29 15:25:58,170524,,0,,,0,,1
1000,28820-4CC00-G1,1,28820-4CC00-O1,1,1,,2021-11-29,,,,1,,2021-11-29 15:08:23,170524,2025-03-27 16:26:51,181129,,0,,,0,,0
1000,28820-4CC00-O1,1,28820-4CC00-1,1,1,,2021-11-29,,,,1,,2021-11-29 15:08:46,170524,2021-11-29 15:25:58,170524,,0,,,0,,1
1000,28820-4CC00-T1,2,28820-4CC00-R1,1,1,,2021-11-29,,,,1,,2021-11-29 15:10:41,170524,2021-11-29 15:25:58,170524,,0,,,0,,1
1000,28820-4CC00-O1,2,28820-4CC00-4,1,1,,2021-11-29,,,,1,,2021-11-29 15:24:47,170524,2021-11-29 15:25:58,170524,,0,,,0,,1
1000,28820-4CC00-T1,3,28820-4A910-B2,1,1,,2021-11-29,,,,1,,2021-11-29 15:25:14,170524,2021-11-29 15:25:58,170524,,0,,,0,,1
1000,28820-4CC00-T1,4,28820-4A910-5,1,1,,2021-11-29,,,,1,,2021-11-29 15:25:42,170524,2021-11-29 15:25:58,170524,,0,,,0,,1
1000,28470-3A640,1,28470-3A640-D1,1,1,,2021-12-01,,,,1,,2021-12-01 09:39:34,170524,2021-12-01 09:39:44,170524,,0,,,0,,1
1000,28470-3A640-D1,1,28470-3A600-3,1,1,,2021-12-01,,,,1,,2021-12-01 09:39:40,170524,2021-12-01 09:39:44,170524,,0,,,0,,1
1000,25466-84701,1,25466-84710-D1,1,1,,2021-12-01,,,,1,,2021-12-01 12:05:49,170524,2021-12-01 12:05:54,170524,,0,,,0,,1
1000,45264-23601-T1(구형),4,45264-23601-4,1,1,,2021-12-01,,,,1,,2021-12-01 12:07:11,170524,2021-12-01 12:07:19,170524,,0,,,0,,1
1000,25465-84700,1,25465-84700-L1,1,1,,2021-12-01,,,,1,,2021-12-01 12:07:43,170524,2021-12-01 18:08:50,170524,,0,,,0,,0
1000,25465-84700-L1,1,25465-84700-D1,1,1,,2021-12-01,,,,1,,2021-12-01 12:07:57,170524,2021-12-01 12:09:29,170524,,0,,,0,,1
1000,25465-84700-G1,1,25465-84701-B1,1,1,,2021-12-01,,,,1,,2021-12-01 12:08:16,170524,2021-12-01 12:09:29,170524,,0,,,0,,1
1000,25465-84701-B1,1,25465-84701-P1,1,1,,2021-12-01,,,,1,,2021-12-01 12:08:25,170524,2023-05-08 16:50:59,181129,,0,,,0,,1
1000,25465-84700-G1,2,MF65000(24구가접용),1,1,,2021-12-01,,,,1,,2021-12-01 12:08:37,170524,2021-12-01 12:09:29,170524,,0,,,0,,1
1000,25465-84701-P1,1,25465-84701-C1,1,1,,2021-12-01,,,,1,,2021-12-01 12:08:43,170524,2025-07-04 16:21:01,181129,,0,,,0,,0
1000,25465-84700,2,25465-84703-D1,1,1,,2021-12-01,,,,1,,2021-12-01 12:08:52,170524,2021-12-01 12:09:29,170524,,0,,,0,,1
1000,25465-84700,3,1140306101,1,1,,2021-12-01,,,,1,,2021-12-01 12:09:00,170524,2021-12-01 12:09:29,170524,,0,,,0,,1
1000,25465-84700,4,1481310179,1,1,,2021-12-01,,,,1,,2021-12-01 12:09:05,170524,2021-12-01 12:09:29,170524,,0,,,0,,1
1000,25460-2R010,2,254622R000,1,1,,2021-12-01,,,,1,,2021-12-01 14:29:38,170524,2021-12-01 14:29:40,170524,,0,,,0,,1
1000,25410-2R000,2,254112R0005,1,1,,2021-12-01,,,,1,,2021-12-01 15:47:55,170524,2021-12-01 15:48:11,170524,,0,,,0,,1
1000,25410-2R000,3,254202R000,1,1,,2021-12-01,,,,1,,2021-12-01 15:48:01,170524,2021-12-01 15:48:11,170524,,0,,,0,,1
1000,25410-2R000,4,254122R000,1,1,,2021-12-01,,,,1,,2021-12-01 15:48:07,170524,2021-12-01 15:48:11,170524,,0,,,0,,1
1000,21780-82601,5,21781-82600-L1,1,1,,2021-12-03,,,,1,,2021-12-03 09:19:53,170524,2021-12-03 09:20:44,170524,,0,,,0,,1
1000,21781-82600-L1,1,21781-82600-D1,1,1,,2021-12-03,,,,1,,2021-12-03 09:20:10,170524,2021-12-03 09:20:44,170524,,0,,,0,,1
1000,21781-82600-D1,1,21781-82600-B1,1,1,,2021-12-03,,,,1,,2021-12-03 09:20:22,170524,2021-12-03 09:20:44,170524,,0,,,0,,1
1000,25465-84751,1,25465-84750-D1,1,1,,2021-12-07,,,,1,,2021-12-07 09:15:34,170524,2021-12-07 09:16:22,170524,,0,,,0,,1
1000,25465-84751,4,1481310179,1,1,,2021-12-07,,,,1,,2021-12-07 09:16:15,170524,2021-12-07 09:16:22,170524,,0,,,0,,1
1000,25465-84751,2,25465-84703-D1,1,1,,2021-12-07,,,,1,,2021-12-07 09:16:00,170524,2021-12-07 09:16:22,170524,,0,,,0,,1
1000,25465-84751,3,1140306101,1,1,,2021-12-07,,,,1,,2021-12-07 09:16:10,170524,2021-12-07 09:16:22,170524,,0,,,0,,1
1000,38600-5C000-L2,1,38600-5C000-D1,1,1,,2024-11-20,,,,1,,2024-11-20 15:05:30,170524,2024-11-20 15:05:53,170524,,0,,,0,,1
1000,38600-5C000,1,38600-5C000-L2,1,1,,2024-11-20,,,,1,,2024-11-20 15:05:21,170524,2024-11-20 15:05:53,170524,,0,,,0,,1
1000,38600-5C000-R1,1,38600-5C000-G1,1,1,,2021-12-07,,,,1,,2021-12-07 09:17:24,170524,2021-12-07 09:18:42,170524,,0,,,0,,1
1000,38600-5C000-G1,1,1522024151,1,1,,2021-12-07,,,,1,,2021-12-07 09:17:38,170524,2021-12-07 09:18:42,170524,,0,,,0,,1
1000,38600-5C000-G1,2,1522815000,1,1,,2021-12-07,,,,1,,2021-12-07 09:17:50,170524,2021-12-07 09:18:42,170524,,0,,,0,,1
1000,38600-5C000-G1,3,3811452000,1,1,,2021-12-07,,,,1,,2021-12-07 09:17:57,170524,2021-12-07 09:18:42,170524,,0,,,0,,1
1000,22462-52101-S1,1,22464-52101-B1,1,1,,2024-11-08,,,,1,,2024-11-08 13:29:39,170524,2024-11-08 13:42:36,170524,,0,,,0,,1
1000,22464-52101-B1,1,22464-52101-P1,1,1,,2024-11-08,,,,1,,2024-11-08 13:30:07,170524,2024-11-14 14:55:27,181129,,0,,,0,,0
1000,38600-5C000-G1,6,38600-5C000-C1,1,1,,2021-12-07,,,,1,,2021-12-07 09:18:21,170524,2021-12-07 09:18:42,170524,,0,,,0,,1
1000,38600-5C000-G1,7,38600-5C000-C4,1,1,,2021-12-07,,,,1,,2021-12-07 09:18:28,170524,2021-12-07 09:18:42,170524,,0,,,0,,1
1000,38600-5C000-G1,8,38600-5C000-C3,1,1,,2021-12-07,,,,1,,2021-12-07 09:18:33,170524,2021-12-07 09:18:42,170524,,0,,,0,,1
1000,45264-02430,1,45264-02430-L1,1,1,,2021-12-07,,,,1,,2021-12-07 09:19:51,170524,2022-12-08 08:39:50,170524,,0,,,0,,1
1000,45264-02430-L1,1,45264-02430-D1,1,1,,2021-12-07,,,,1,,2021-12-07 09:19:57,170524,2021-12-07 09:21:44,170524,,0,,,0,,1
1000,45264-02430-D1,1,45264-02430-T1,1,1,,2021-12-07,,,,1,,2021-12-07 09:20:04,170524,2021-12-07 09:21:44,170524,,0,,,0,,1
1000,22464-52101-P1,1,22464-52101-C1,1,1,,2024-11-08,,,,1,,2024-11-08 13:30:30,170524,2024-11-08 13:42:36,170524,,0,,,0,,1
1000,25430-52901,1,25430-52901-L1,1,1,,2024-11-08,,,,1,,2024-11-08 14:06:52,170524,2024-11-08 14:12:45,170524,,0,,,0,,1
1000,45264-02430-O2,1,45264-02430-P2,1,1,,2021-12-07,,,,1,,2021-12-07 09:20:32,170524,2021-12-07 09:21:44,170524,,0,,,0,,1
1000,45264-02430-P2,1,45264-02430-C2,1,1,,2021-12-07,,,,1,,2021-12-07 09:20:38,170524,2026-06-23 09:27:03,170524,,0,,,0,,1
1000,25430-52901,2,28458-52238-7,1,1,,2024-11-08,,,,1,,2024-11-08 14:07:28,170524,2024-11-08 14:12:46,170524,,0,,,0,,1
1000,25430-52901,3,282785C010,2,2,,2024-11-08,,,,1,,2024-11-08 14:07:50,170524,2025-04-30 09:47:45,170524,,0,,,0,,1
1000,45264-02430-O1,1,45264-02430-P1,1,1,,2021-12-07,,,,1,,2021-12-07 09:21:05,170524,2021-12-07 09:21:44,170524,,0,,,0,,1
1000,45264-02430-P1,1,45264-02430-C1,1,1,,2021-12-07,,,,1,,2021-12-07 09:21:09,170524,2026-06-23 09:27:03,170524,,0,,,0,,1
1000,25430-52901-L1,1,25451-52901-L1,1,1,,2024-11-08,,,,1,,2024-11-08 14:08:25,170524,2024-11-08 14:12:45,170524,,0,,,0,,1
1000,25451-52901-L1,1,25451-52901-D1,1,1,,2024-11-08,,,,1,,2024-11-08 14:08:39,170524,2024-11-08 14:12:45,170524,,0,,,0,,1
1000,25431-42050-2-P1(구형),1,25431-42050-2-C1(구형),1,1,,2021-12-08,,,,1,,2021-12-08 10:21:15,170524,2021-12-08 10:21:25,170524,,0,,,0,,1
1000,25485-3A901-D1,1,25485-3A901-T1,1,1,,2021-12-08,,,,1,,2021-12-08 11:27:52,170524,2021-12-08 11:29:52,170524,,0,,,0,,1
1000,25480-3A901,1,25485-3A901-L1,1,1,,2021-12-08,,,,1,,2021-12-08 11:27:31,170524,2022-10-05 07:59:50,181129,,0,,,0,,0
1000,25485-3A901-L1,1,25485-3A901-D1,1,1,,2021-12-08,,,,1,,2021-12-08 11:27:46,170524,2021-12-08 11:29:52,170524,,0,,,0,,1
1000,25485-3A901-T1,1,25485-3A901-P3,1,1,,2021-12-08,,,,1,,2021-12-08 11:28:01,170524,2021-12-08 11:29:52,170524,,0,,,0,,1
1000,25485-3A901-T1,2,25485-3A901-P2,1,1,,2021-12-08,,,,1,,2021-12-08 11:28:06,170524,2021-12-08 11:29:52,170524,,0,,,0,,1
1000,25485-3A901-T1,3,25485-3A901-Q1,1,1,,2021-12-08,,,,1,,2021-12-08 11:28:13,170524,2021-12-08 11:29:52,170524,,0,,,0,,1
1000,25485-3A901-Q1,1,25485-3A901-B1,1,1,,2021-12-08,,,,1,,2021-12-08 11:28:19,170524,,,,0,,,0,,
1000,25485-3A901-B1,1,25485-3A901-P1,1,1,,2021-12-08,,,,1,,2021-12-08 11:28:24,170524,,,,0,,,0,,
1000,25451-52901-B1,1,25451-52901-P1,1,1,,2024-11-08,,,,1,,2024-11-08 14:10:07,170524,2024-11-14 14:57:23,181129,,0,,,0,,0
1000,25460-52901-R1,1,25460-52901-G1,1,1,,2024-11-08,,,,1,,2024-11-08 14:09:27,170524,2024-11-08 14:12:46,170524,,0,,,0,,1
1000,TEST1,1,TEST2,1,1,,2021-12-16,,,,1,,2021-12-16 14:07:36,SYSTEM,,,,0,,,0,,
1000,25451-52901-D1,1,25451-52901-B1,1,1,,2024-11-08,,,,1,,2024-11-08 14:09:54,170524,2024-11-08 14:12:45,170524,,0,,,0,,1
1000,25485-3A901-P1,1,25485-3A901-C1,1,1,,2021-12-08,,,,1,,2021-12-08 11:28:59,170524,2021-12-08 11:29:52,170524,,0,,,0,,1
1000,25485-3A901-P2,1,25485-3A901-C2,1,1,,2021-12-08,,,,1,,2021-12-08 11:29:05,170524,2021-12-08 11:29:52,170524,,0,,,0,,1
1000,2507643300,1,25076-43300-D1,1,1,,2021-12-09,,,,1,,2021-12-09 14:24:22,170524,2021-12-09 14:24:35,170524,,0,,,0,,1
1000,25485-3A901-P3,1,25485-3A901-C3,1,1,,2021-12-08,,,,1,,2021-12-08 11:29:26,170524,2021-12-08 11:29:52,170524,,0,,,0,,1
1000,28820-4A861,1,28820-4A861 小-L1,1,1,,2021-12-15,,,,1,,2021-12-15 09:44:11,170524,,,,0,,,0,,
1000,28820-4A861,2,28820-4A861 大-L1,1,1,,2021-12-15,,,,1,,2021-12-15 09:44:15,170524,2021-12-15 09:56:47,170524,,0,,,0,,1
1000,28820-4A861 小-L1,1,28820-4A861 小-D1,1,1,,2021-12-15,,,,1,,2021-12-15 09:44:27,170524,2021-12-15 09:56:47,170524,,0,,,0,,1
1000,28820-4A861 大-L1,1,28820-4A861 大-D1,1,1,,2021-12-15,,,,1,,2021-12-15 09:44:35,170524,2021-12-15 09:56:47,170524,,0,,,0,,1
1000,28820-4A861 小-D1,1,28820-4A861 小-T1,1,1,,2021-12-15,,,,1,,2021-12-15 09:44:41,170524,2021-12-15 09:56:47,170524,,0,,,0,,1
1000,28820-4A861 大-D1,1,28820-4A861 大-T1,1,1,,2021-12-15,,,,1,,2021-12-15 09:44:48,170524,2021-12-15 09:56:47,170524,,0,,,0,,1
1000,28820-4A861 大-T1,1,28820-4A861-Q1,1,1,,2021-12-15,,,,1,,2021-12-15 09:48:53,170524,2021-12-15 09:56:47,170524,,0,,,0,,1
1000,28820-4A861-P2,1,28820-4A861-C2,1,1,,2021-12-15,,,,1,,2021-12-15 09:50:23,170524,2021-12-15 09:56:47,170524,,0,,,0,,1
1000,28820-4A861 大-T1,2,28820-4A861-P3,1,1,,2021-12-15,,,,1,,2021-12-15 09:49:25,170524,2021-12-15 09:56:47,170524,,0,,,0,,1
1000,28820-4A861 大-T1,3,28820-4A861-B2,1,1,,2021-12-15,,,,1,,2021-12-15 09:50:08,170524,2021-12-15 09:56:47,170524,,0,,,0,,1
1000,28820-4A861-B2,1,28820-4A861-P2,1,1,,2021-12-15,,,,1,,2021-12-15 09:50:13,170524,2021-12-15 09:56:47,170524,,0,,,0,,1
1000,28820-4A861-P3,1,28820-4A861-C3,1,1,,2021-12-15,,,,1,,2021-12-15 09:50:29,170524,2021-12-15 09:56:47,170524,,0,,,0,,1
1000,28820-4A861,3,288204A850A,2,2,,2021-12-15,,,,1,,2021-12-15 09:50:52,170524,2021-12-15 09:56:47,170524,,0,,,0,,1
1000,28820-4A861,4,288114A001,1,1,,2021-12-15,,,,1,,2021-12-15 09:51:14,170524,2021-12-15 09:56:47,170524,,0,,,0,,1
1000,25411-2R600-T2,3,25411-2R600-B13,1,1,,2021-12-09,,,,1,,2021-12-09 09:57:56,170524,2021-12-09 09:58:23,170524,,0,,,0,,1
1000,25411-2R600-B13,1,25411-2R600-C13,1,1,,2021-12-09,,,,1,,2021-12-09 09:58:14,170524,2021-12-09 09:58:23,170524,,0,,,0,,1
1000,28820-4A851,1,28820-4A851 小-L1,1,1,,2021-12-15,,,,1,,2021-12-15 08:51:09,170524,,,,0,,,0,,
1000,28820-4A851,2,28820-4A851 大-L1,1,1,,2021-12-15,,,,1,,2021-12-15 08:51:18,170524,2021-12-15 08:59:52,170524,,0,,,0,,1
1000,28820-4A851,3,288114A001,1,1,,2021-12-15,,,,1,,2021-12-15 08:51:26,170524,2021-12-15 08:59:46,170524,,0,,,0,,1
1000,28820-4A851,4,288204A85010,1,1,,2021-12-15,,,,1,,2021-12-15 08:51:40,170524,2021-12-15 08:59:31,170524,,0,,,0,,1
1000,28820-4A851,5,288204A850A,2,2,,2021-12-15,,,,1,,2021-12-15 08:51:49,170524,2021-12-15 08:59:31,170524,,0,,,0,,1
1000,28820-4A851 大-L1,1,28820-4A851 大-D1,1,1,,2021-12-15,,,,1,,2021-12-15 08:51:57,170524,2021-12-15 08:59:46,170524,,0,,,0,,1
1000,28820-4A851 大-D1,1,28820-4A851 大-T1,1,1,,2021-12-15,,,,1,,2021-12-15 08:52:07,170524,2021-12-15 08:59:46,170524,,0,,,0,,1
1000,28820-4A851 大-T1,1,28820-4A851-Q1,1,1,,2021-12-15,,,,1,,2021-12-15 08:55:45,170524,2021-12-15 08:59:31,170524,,0,,,0,,1
1000,28820-4A851 大-T1,2,28820-4A851-B2,1,1,,2021-12-15,,,,1,,2021-12-15 08:55:53,170524,2021-12-15 08:59:46,170524,,0,,,0,,1
1000,28820-4A851 大-T1,3,28820-4A851-B3,1,1,,2021-12-15,,,,1,,2021-12-15 08:55:58,170524,2021-12-15 08:59:46,170524,,0,,,0,,1
1000,28820-4A851-B2,1,28820-4A851-P2,1,1,,2021-12-15,,,,1,,2021-12-15 08:56:07,170524,2021-12-15 08:59:46,170524,,0,,,0,,1
1000,28820-4A851-B3,1,28820-4A851-P3,1,1,,2021-12-15,,,,1,,2021-12-15 08:56:12,170524,2021-12-15 08:59:46,170524,,0,,,0,,1
1000,28820-4A851-P2,1,28820-4A851-C2,1,1,,2021-12-15,,,,1,,2021-12-15 08:56:21,170524,2021-12-15 08:59:46,170524,,0,,,0,,1
1000,28820-4A851-P3,1,28820-4A851-C3,1,1,,2021-12-15,,,,1,,2021-12-15 08:56:28,170524,2021-12-15 08:59:46,170524,,0,,,0,,1
1000,28820-4A851 大-T1,4,28820-4A851-4,1,1,,2021-12-15,,,,1,,2021-12-15 08:57:20,170524,2021-12-15 08:59:46,170524,,0,,,0,,1
1000,28820-4A851 大-T1,5,28820-4A910-4,1,1,,2021-12-15,,,,1,,2021-12-15 08:57:44,170524,2021-12-15 08:59:31,170524,,0,,,0,,1
1000,28820-4A851 小-L1,1,28820-4A851 小-D1,1,1,,2021-12-15,,,,1,,2021-12-15 08:58:12,170524,2021-12-15 08:59:31,170524,,0,,,0,,1
1000,28820-4A851 小-D1,1,28820-4A851 小-T1,1,1,,2021-12-15,,,,1,,2021-12-15 08:58:20,170524,2021-12-15 08:59:31,170524,,0,,,0,,1
1000,28820-4A851 小-T1,1,28820-4A851-B12,1,1,,2021-12-15,,,,1,,2021-12-15 08:58:29,170524,2021-12-15 08:59:31,170524,,0,,,0,,1
1000,28820-4A851 小-T1,2,28820-4A851-B11,1,1,,2021-12-15,,,,1,,2021-12-15 08:58:36,170524,2021-12-15 08:59:31,170524,,0,,,0,,1
1000,28820-4A851-B12,1,28820-4A851-P12,1,1,,2021-12-15,,,,1,,2021-12-15 08:58:43,170524,2021-12-15 08:59:31,170524,,0,,,0,,1
1000,28820-4A851-B11,1,28820-4A851-P11,1,1,,2021-12-15,,,,1,,2021-12-15 08:58:52,170524,2021-12-15 08:59:31,170524,,0,,,0,,1
1000,28820-4A851-P11,1,28820-4A851-C11,1,1,,2021-12-15,,,,1,,2021-12-15 08:59:00,170524,2021-12-15 08:59:31,170524,,0,,,0,,1
1000,28820-4A851-P12,1,28820-4A851-C12,1,1,,2021-12-15,,,,1,,2021-12-15 08:59:06,170524,2021-12-15 08:59:31,170524,,0,,,0,,1
1000,28820-4A851 小-T1,3,28820-4A851-6,1,1,,2021-12-15,,,,1,,2021-12-15 09:00:14,170524,2021-12-15 09:00:21,170524,,0,,,0,,1
1000,38600-84301-A1,1,38600843001,1,1,,2021-12-21,,,,1,,2021-12-21 11:51:51,170524,2021-12-21 11:51:58,170524,,0,,,0,,1
1000,28471-2F001-S1,1,28471-2F600-1 大,1,1,,2021-12-24,,,,1,,2021-12-24 10:01:12,170524,2021-12-24 10:01:33,170524,,0,,,0,,1
1000,28471-2F001-S1,3,1390506000,1,1,,2021-12-24,,,,1,,2021-12-24 10:01:24,170524,2021-12-24 10:01:33,170524,,0,,,0,,1
1000,25451-07701,1,25451-07701-D1,1,1,,2021-12-24,,,,1,,2021-12-24 10:35:45,170524,2021-12-24 10:36:43,170524,,0,,,0,,1
1000,25410-3V700,1,25410-3V700-L1,1,1,,2021-12-24,,,,1,,2021-12-24 16:35:39,170524,,,,0,,,0,,
1000,25410-3V700-L1,1,25410-3V700-D1,1,1,,2021-12-24,,,,1,,2021-12-24 16:35:46,170524,2021-12-24 16:37:32,170524,,0,,,0,,1
1000,25410-3V700-D1,1,25410-3V000-R1,1,1,,2021-12-24,,,,1,,2021-12-24 16:36:02,170524,2021-12-24 16:37:32,170524,,0,,,0,,1
1000,28353-2M100,1,28350-2M100-L1,1,1,,2021-12-27,,,,1,,2021-12-27 13:22:43,170524,2021-12-27 13:22:51,170524,,0,,,0,,1
1000,25467-84700,1,25467-84700-L1,1,1,,2022-01-07,,,,1,,2022-01-07 11:45:23,170524,2022-01-07 11:46:13,170524,,0,,,0,,1
1000,25467-84700-L1,1,25467-84700-D1,1,1,,2022-01-07,,,,1,,2022-01-07 11:45:28,170524,2022-01-07 11:46:13,170524,,0,,,0,,1
1000,25467-84700-D1,1,25467-84700-T1,1,1,,2022-01-07,,,,1,,2022-01-07 11:45:40,170524,2022-01-07 11:46:13,170524,,0,,,0,,1
1000,25467-84701-B1,1,25467-84701-P1,1,1,,2022-01-07,,,,1,,2022-01-07 11:45:50,170524,2022-01-07 11:46:13,170524,,0,,,0,,1
1000,25467-84701-P1,1,25467-84701-C1,1,1,,2022-01-07,,,,1,,2022-01-07 11:45:55,170524,2025-12-04 10:59:52,181129,,0,,,0,,0
1000,25467-84700-T1,2,25467-84702,1,1,,2022-01-07,,,,1,,2022-01-07 11:46:01,170524,2022-01-07 11:46:13,170524,,0,,,0,,1
1000,25472-52812,1,25470-52812-D1,1,1,,2022-01-11,,,,1,,2022-01-11 10:19:51,170524,2022-01-11 10:20:03,170524,,0,,,0,,1
1000,25482-52811,1,25480-52812-D1,1,1,,2022-01-11,,,,1,,2022-01-11 10:21:17,170524,2022-01-11 10:21:34,170524,,0,,,0,,1
1000,38620-3A002,1,38620-3A002-L1,1,1,,2022-01-12,,,,1,,2022-01-12 09:12:28,170524,,,,0,,,0,,
1000,38620-3A002-L1,1,38620-3A002-D1,1,1,,2022-01-12,,,,1,,2022-01-12 09:12:34,170524,2022-01-12 09:13:58,170524,,0,,,0,,1
1000,38620-3A002-D1,1,38620-3A002-T1,1,1,,2022-01-12,,,,1,,2022-01-12 09:12:41,170524,2022-01-12 09:13:58,170524,,0,,,0,,1
1000,38620-3A002-T1,1,38620-3A002-P2,1,1,,2022-01-12,,,,1,,2022-01-12 09:12:51,170524,2022-01-12 09:13:58,170524,,0,,,0,,1
1000,38620-3A002-T1,2,38620-3A002-Q1,1,1,,2022-01-12,,,,1,,2022-01-12 09:12:58,170524,2022-01-12 09:13:58,170524,,0,,,0,,1
1000,38620-3A002-P2,1,38620-3A002-C2,1,1,,2022-01-12,,,,1,,2022-01-12 09:13:05,170524,2022-01-12 09:13:58,170524,,0,,,0,,1
1000,38620-3A002,2,386203A0013,1,1,,2022-01-12,,,,1,,2022-01-12 09:13:16,170524,2022-01-12 09:13:58,170524,,0,,,0,,1
1000,38620-3A002-T1,3,39480-3A002-3,1,1,,2022-01-12,,,,1,,2022-01-12 09:13:24,170524,2022-01-12 09:13:58,170524,,0,,,0,,1
1000,38620-3A002-T1,4,39480-3A002-4,1,1,,2022-01-12,,,,1,,2022-01-12 09:13:30,170524,2022-01-12 09:13:58,170524,,0,,,0,,1
1000,38620-3A002-T1,5,39480-3A002-5,1,1,,2022-01-12,,,,1,,2022-01-12 09:13:36,170524,2022-01-12 09:13:58,170524,,0,,,0,,1
1000,38620-3A002-T1,6,39480-3A002-6,1,1,,2022-01-12,,,,1,,2022-01-12 09:13:41,170524,2022-01-12 09:13:58,170524,,0,,,0,,1
1000,38620-3A100,1,38620-3A100-L1,1,1,,2022-01-12,,,,1,,2022-01-12 09:14:44,170524,2022-01-12 09:22:14,170524,,0,,,0,,1
1000,38620-3A100-L1,1,38620-3A100-D1,1,1,,2022-01-12,,,,1,,2022-01-12 09:14:49,170524,2022-01-12 09:22:14,170524,,0,,,0,,1
1000,38620-3A100-D1,1,38620-3A100-T1,1,1,,2022-01-12,,,,1,,2022-01-12 09:14:54,170524,2022-01-12 09:22:14,170524,,0,,,0,,1
1000,38620-3A100-T1,1,38620-3A100-S1,1,1,,2022-01-12,,,,1,,2022-01-12 09:15:16,170524,2022-01-12 09:22:14,170524,,0,,,0,,1
1000,38620-3A100-S1,1,38620-3A100-Q1,1,1,,2022-01-12,,,,1,,2022-01-12 09:19:32,170524,2022-01-12 09:22:14,170524,,0,,,0,,1
1000,38620-3A100-T1,2,39420-3A100-5,1,1,,2022-01-12,,,,1,,2022-01-12 09:19:44,170524,2022-01-12 09:22:14,170524,,0,,,0,,1
1000,38620-3A100-T1,3,39420-3A100-6,1,1,,2022-01-12,,,,1,,2022-01-12 09:19:49,170524,2022-01-12 09:22:14,170524,,0,,,0,,1
1000,38620-3A100-T1,4,39420-3A100-7,1,1,,2022-01-12,,,,1,,2022-01-12 09:19:57,170524,2022-01-12 09:22:14,170524,,0,,,0,,1
1000,38620-3A100-T1,5,39420-3A100-10,1,1,,2022-01-12,,,,1,,2022-01-12 09:20:09,170524,2022-01-12 09:22:14,170524,,0,,,0,,1
1000,38620-3A100,2,386203A1003,1,1,,2022-01-12,,,,1,,2022-01-12 09:20:14,170524,2022-01-12 09:22:14,170524,,0,,,0,,1
1000,38620-3A100-T1,6,38620-3A100-P3,1,1,,2022-01-12,,,,1,,2022-01-12 09:20:23,170524,2022-01-12 09:22:14,170524,,0,,,0,,1
1000,38620-3A100-T1,7,38620-3A100-P2,1,1,,2022-01-12,,,,1,,2022-01-12 09:20:29,170524,2022-01-12 09:22:14,170524,,0,,,0,,1
1000,25450-07201,5,25475-2M000,1,1,,2021-12-01,,,,1,,2021-12-01 13:47:04,170524,2021-12-01 13:47:13,170524,,0,,,0,,1
1000,25450-07850,5,25475-2M000,1,1,,2021-12-01,,,,1,,2021-12-01 13:47:31,170524,2021-12-01 13:47:35,170524,,0,,,0,,1
1000,25450-07801,5,25475-2M000,1,1,,2021-12-01,,,,1,,2021-12-01 13:47:46,170524,2021-12-01 13:47:52,170524,,0,,,0,,1
1000,25450-07701,5,25475-2M000,1,1,,2021-12-01,,,,1,,2021-12-01 13:48:03,170524,2021-12-01 13:48:07,170524,,0,,,0,,1
1000,25450-07250,5,25475-2M000,1,1,,2021-12-01,,,,1,,2021-12-01 13:48:19,170524,2021-12-01 13:48:22,170524,,0,,,0,,1
1000,25431420502(구형),1,25431-42050-2-P1(구형),1,1,,2021-12-02,,,,1,,2021-12-02 13:50:08,170524,2022-09-20 15:24:51,211213,,0,,,0,,1
1000,45264-23320,1,45264-23320-L1,1,1,,2022-01-07,,,,1,,2022-01-07 14:23:53,170524,2022-01-12 16:05:05,170524,,0,,,0,,0
1000,25431420502(신형),1,25431-42050-2-P1(신형),1,1,,2021-12-02,,,,1,,2021-12-02 13:50:28,170524,,,,0,,,0,,
1000,25465-84201,1,25465-84200-L1,1,1,,2022-04-11,,,,1,,2022-04-11 11:04:15,170524,,,,0,,,0,,
1000,45264-23320-D1,1,45264-23320-T1,1,1,,2022-01-07,,,,1,,2022-01-07 14:24:09,170524,2022-01-07 14:27:32,170524,,0,,,0,,1
1000,45264-23320-L1,1,45264-23320-D1,1,1,,2022-01-07,,,,1,,2022-01-07 14:23:59,170524,2022-01-07 14:27:32,170524,,0,,,0,,1
1000,25465-84201,2,2546584220A,1,1,,2022-04-11,,,,1,,2022-04-11 11:04:26,170524,2022-04-11 11:05:23,170524,,0,,,0,,1
1000,25485-3A100,1,25485-3A100-L1,1,1,,2022-07-13,,,,1,,2022-07-13 17:05:15,170524,,,,0,,,0,,
1000,45264-23320-R2,1,45264-23320-O2,1,1,,2022-01-07,,,,1,,2022-01-07 14:24:27,170524,2022-01-07 14:27:32,170524,,0,,,0,,1
1000,25485-3A100-L1,1,25485-3A100-D1,1,1,,2022-07-13,,,,1,,2022-07-13 17:05:20,170524,2022-07-13 17:07:40,170524,,0,,,0,,1
1000,45264-23320-P2,1,45264-23320-C2,1,1,,2022-01-07,,,,1,,2022-01-07 14:24:55,170524,2022-01-07 14:27:32,170524,,0,,,0,,1
1000,25485-3A100-D1,1,25485-3A100-T1,1,1,,2022-07-13,,,,1,,2022-07-13 17:05:26,170524,2022-07-13 17:07:40,170524,,0,,,0,,1
1000,45264-23320-B1,1,45264-23320-R1,1,1,,2022-01-07,,,,1,,2022-01-07 14:25:07,170524,2022-01-07 14:27:32,170524,,0,,,0,,1
1000,45264-23320-R1,1,45264-23320-O1,1,1,,2022-01-07,,,,1,,2022-01-07 14:25:14,170524,2022-01-07 14:27:32,170524,,0,,,0,,1
1000,25485-3A100-T1,1,25485-3A100-B1,1,1,,2022-07-13,,,,1,,2022-07-13 17:05:47,170524,2022-07-13 17:07:40,170524,,0,,,0,,1
1000,45264-23320-P1,1,45264-23320-C1,1,1,,2022-01-07,,,,1,,2022-01-07 14:25:28,170524,2022-01-07 14:27:32,170524,,0,,,0,,1
1000,25485-3A100-T1,2,25485-3A100-B2,1,1,,2022-07-13,,,,1,,2022-07-13 17:05:54,170524,2022-07-13 17:07:40,170524,,0,,,0,,1
1000,45264-23320-T1,3,45264-23320-3,1,1,,2022-01-07,,,,1,,2022-01-07 14:26:46,170524,2022-01-07 14:27:32,170524,,0,,,0,,1
1000,45264-23320-T1,4,45264-23320-4,1,1,,2022-01-07,,,,1,,2022-01-07 14:26:52,170524,2022-01-07 14:27:32,170524,,0,,,0,,1
1000,45264-23320-T1,5,45264-23320-6,1,1,,2022-01-07,,,,1,,2022-01-07 14:27:00,170524,2022-01-07 14:27:32,170524,,0,,,0,,1
1000,38620-3A100-P3,1,38620-3A100-C3,1,1,,2022-01-12,,,,1,,2022-01-12 09:20:35,170524,2022-01-12 09:22:14,170524,,0,,,0,,1
1000,38620-3A100-P2,1,38620-3A100-C2,1,1,,2022-01-12,,,,1,,2022-01-12 09:20:41,170524,2022-01-12 09:22:14,170524,,0,,,0,,1
1000,38620-3A100-Q1,1,38620-3A100-C1,1,1,,2022-01-12,,,,1,,2022-01-12 09:20:48,170524,2022-01-12 09:22:14,170524,,0,,,0,,1
1000,38620-3A100-S1,2,1390506000,1,1,,2022-01-12,,,,1,,2022-01-12 09:21:45,170524,2022-01-12 09:22:14,170524,,0,,,0,,1
1000,38620-3A100-S1,3,39420-3A100-8,1,1,,2022-01-12,,,,1,,2022-01-12 09:21:55,170524,2022-01-12 09:22:14,170524,,0,,,0,,1
1000,28244-3A000,1,28244-3A000-L1,1,1,,2022-01-12,,,,1,,2022-01-12 09:23:04,170524,2022-01-14 10:59:21,170524,,0,,,0,,0
1000,28244-3A000-L1,1,28244-3A000-D1,1,1,,2022-01-12,,,,1,,2022-01-12 09:23:10,170524,2022-01-12 09:28:44,170524,,0,,,0,,1
1000,28244-3A000-D1,1,28244-3A000-T1,1,1,,2022-01-12,,,,1,,2022-01-12 09:23:14,170524,2022-01-12 09:28:44,170524,,0,,,0,,1
1000,28244-3A000-T1,1,28244-3A000-G1,1,1,,2022-01-12,,,,1,,2022-01-12 09:23:29,170524,2022-01-12 09:28:44,170524,,0,,,0,,1
1000,28244-3A000-G1,1,28244-3A000-B1,1,1,,2022-01-12,,,,1,,2022-01-12 09:23:36,170524,2022-01-12 09:28:44,170524,,0,,,0,,1
1000,28244-3A000-B1,1,28244-3A000-R1,1,1,,2022-01-12,,,,1,,2022-01-12 09:23:41,170524,2022-01-12 09:28:44,170524,,0,,,0,,1
1000,28244-3A000-R1,1,28244-3A000-O1,1,1,,2022-01-12,,,,1,,2022-01-12 09:23:46,170524,2022-01-12 09:28:44,170524,,0,,,0,,1
1000,28244-3A000-O1,1,28244-3A000-C1,1,1,,2022-01-12,,,,1,,2022-01-12 09:23:51,170524,2022-01-12 09:28:44,170524,,0,,,0,,1
1000,28244-3A000-O1,2,28240-2F000-6,1,1,,2022-01-12,,,,1,,2022-01-12 09:24:00,170524,2022-01-12 09:28:44,170524,,0,,,0,,1
1000,28244-3A000-T1,3,28244-3A001-4,1,1,,2022-01-12,,,,1,,2022-01-12 09:28:33,170524,2022-01-12 09:28:44,170524,,0,,,0,,1
1000,28244-3A000-O1,4,45264-3A001-5,1,1,,2022-01-12,,,,1,,2022-01-12 09:27:43,170524,2022-01-12 09:28:44,170524,,0,,,0,,1
1000,28244-3A000-O1,5,45264-3A001-6,1,1,,2022-01-12,,,,1,,2022-01-12 09:28:08,170524,2022-01-12 09:28:44,170524,,0,,,0,,1
1000,28244-3A000-T1,2,28244-3A001-3,1,1,,2022-01-12,,,,1,,2022-01-12 09:28:27,170524,2022-01-12 09:28:44,170524,,0,,,0,,1
1000,28244-3A001,1,28244-3A001-L1,1,1,,2022-01-12,,,,1,,2022-01-12 09:29:01,170524,2022-01-14 12:17:50,170524,,0,,,0,,0
1000,28244-3A001-L1,1,28244-3A001-D1,1,1,,2022-01-12,,,,1,,2022-01-12 09:29:06,170524,2022-01-12 09:31:16,170524,,0,,,0,,1
1000,28244-3A001-D1,1,28244-3A001-T1,1,1,,2022-01-12,,,,1,,2022-01-12 09:29:11,170524,2022-01-12 09:31:16,170524,,0,,,0,,1
1000,28244-3A001-T1,1,28244-3A001-G1,1,1,,2022-01-12,,,,1,,2022-01-12 09:29:15,170524,2022-01-12 09:31:16,170524,,0,,,0,,1
1000,28244-3A001-G1,1,28244-3A001-B1,1,1,,2022-01-12,,,,1,,2022-01-12 09:29:20,170524,2022-01-12 09:31:16,170524,,0,,,0,,1
1000,28244-3A001-B1,1,28244-3A001-R1,1,1,,2022-01-12,,,,1,,2022-01-12 09:29:25,170524,2022-01-12 09:31:16,170524,,0,,,0,,1
1000,28244-3A001-R1,1,28244-3A001-O1,1,1,,2022-01-12,,,,1,,2022-01-12 09:29:30,170524,2022-01-12 09:31:16,170524,,0,,,0,,1
1000,28244-3A001-O1,1,28244-3A001-C1,1,1,,2022-01-12,,,,1,,2022-01-12 09:29:35,170524,2022-01-12 09:31:16,170524,,0,,,0,,1
1000,28244-3A001-O1,2,28240-2F000-6,2,2,,2022-01-12,,,,1,,2022-01-12 09:29:53,170524,2022-01-12 09:31:16,170524,,0,,,0,,1
1000,45264-02421,1,45264-02421-L1,1,1,,2022-01-12,,,,1,,2022-01-12 09:31:41,170524,2022-01-12 09:33:20,170524,,0,,,0,,1
1000,28244-3A001-G1,3,28244-3A001-4,1,1,,2022-01-12,,,,1,,2022-01-12 09:30:10,170524,2022-01-12 09:31:16,170524,,0,,,0,,1
1000,28244-3A001,2,28244-3A001-3,1,1,,2022-01-12,,,,1,,2022-01-12 09:31:00,170524,2022-01-14 12:17:50,170524,,0,,,0,,1
1000,45264-02421-L1,1,45264-02421-D1,1,1,,2022-01-12,,,,1,,2022-01-12 09:31:46,170524,2022-01-12 09:33:20,170524,,0,,,0,,1
1000,45264-02421-D1,1,45264-02421-T1,1,1,,2022-01-12,,,,1,,2022-01-12 09:31:50,170524,2022-01-12 09:33:20,170524,,0,,,0,,1
1000,45264-02421-T1,1,45264-02421-B2,1,1,,2022-01-12,,,,1,,2022-01-12 09:31:56,170524,2022-01-12 09:33:20,170524,,0,,,0,,1
1000,45264-02421-B2,1,45264-02421-R2,1,1,,2022-01-12,,,,1,,2022-01-12 09:32:00,170524,2022-01-12 09:33:20,170524,,0,,,0,,1
1000,45264-02421-R2,1,45264-02421-O2,1,1,,2022-01-12,,,,1,,2022-01-12 09:32:06,170524,2022-01-12 09:33:20,170524,,0,,,0,,1
1000,45264-02421-O2,1,45264-02421-P2,1,1,,2022-01-12,,,,1,,2022-01-12 09:32:12,170524,2022-01-12 09:33:20,170524,,0,,,0,,1
1000,45264-02421-P2,1,45264-02421-C2,1,1,,2022-01-12,,,,1,,2022-01-12 09:32:16,170524,2022-01-12 09:33:20,170524,,0,,,0,,1
1000,45264-02421-T1,2,45264-02421-B1,1,1,,2022-01-12,,,,1,,2022-01-12 09:32:24,170524,2022-01-12 09:33:20,170524,,0,,,0,,1
1000,45264-02421-B1,1,45264-02421-R1,1,1,,2022-01-12,,,,1,,2022-01-12 09:32:30,170524,2022-01-12 09:33:20,170524,,0,,,0,,1
1000,45264-02421-R1,1,45264-02421-O1,1,1,,2022-01-12,,,,1,,2022-01-12 09:32:34,170524,2022-01-12 09:33:20,170524,,0,,,0,,1
1000,45264-02421-O1,1,45264-02421-P1,1,1,,2022-01-12,,,,1,,2022-01-12 09:32:43,170524,2022-01-12 09:33:20,170524,,0,,,0,,1
1000,45264-02421-P1,1,45264-02421-C1,1,1,,2022-01-12,,,,1,,2022-01-12 09:32:49,170524,2022-01-12 09:33:20,170524,,0,,,0,,1
1000,45264-02421-T1,3,45264-02400-4,1,1,,2022-01-12,,,,1,,2022-01-12 09:32:55,170524,2022-01-12 09:33:20,170524,,0,,,0,,1
1000,45264-02421-O1,2,452643A5605,1,1,,2022-01-12,,,,1,,2022-01-12 09:33:00,170524,2022-01-12 09:33:20,170524,,0,,,0,,1
1000,25411-2R600-L2,1,25411-2R600-T2,1,1,,2021-11-30,,,,1,,2021-11-30 17:14:01,170524,2021-11-30 17:14:22,170524,,0,,,0,,1
1000,2507643300-J1,1,25076-43300-D1,1,1,,2021-11-25,,,,1,,2021-11-25 16:31:47,170524,2021-11-25 16:31:55,170524,,0,,,0,,1
1000,28820-4A861 小-T1,3,28820-4A861-R1,1,1,,2021-12-15,,,,1,,2021-12-15 09:55:59,170524,2021-12-15 09:56:47,170524,,0,,,0,,1
1000,28235-2B730,4,282382B710B,1,1,,2021-12-01,,,,1,,2021-12-01 18:23:00,170524,2021-12-01 18:23:53,170524,,0,,,0,,1
1000,25410-2R000-J1,3,254122R000,1,1,,2021-11-25,,,,1,,2021-11-25 16:45:50,170524,2021-11-25 16:46:16,170524,,0,,,0,,1
1000,25410-2R000-J1,1,25411-2R000-L2,1,1,,2021-11-25,,,,1,,2021-11-25 16:45:11,170524,2021-11-25 16:46:16,170524,,0,,,0,,1
1000,25410-2R000-J1,2,254112R0005,1,1,,2021-11-25,,,,1,,2021-11-25 16:45:35,170524,2021-11-25 16:46:16,170524,,0,,,0,,1
1000,25410-2R000-J1,4,254202R000,1,1,,2021-11-25,,,,1,,2021-11-25 16:45:57,170524,2021-11-25 16:46:16,170524,,0,,,0,,1
1000,254112R6002,1,25411-2R600-L2,1,1,,2021-11-30,,,,1,,2021-11-30 17:13:55,170524,2021-11-30 17:14:22,170524,,0,,,0,,1
1000,28820-4A861-O2,1,28820-4A861-P4,1,1,,2021-12-15,,,,1,,2021-12-15 09:55:40,170524,2021-12-15 09:56:47,170524,,0,,,0,,1
1000,25411-2R600-T2,2,25411-2R600-Q2,1,1,,2021-11-30,,,,1,,2021-11-30 17:14:15,170524,2021-11-30 17:14:22,170524,,0,,,0,,1
1000,28820-4A861 小-T1,2,28820-4A861-B5,1,1,,2021-12-15,,,,1,,2021-12-15 09:52:40,170524,2021-12-15 09:56:47,170524,,0,,,0,,1
1000,28235-2B730,5,282372B710A,1,1,,2021-12-01,,,,1,,2021-12-01 18:23:32,170524,2021-12-01 18:23:53,170524,,0,,,0,,1
1000,28820-4A861-R1,1,28820-4A861-O2,1,1,,2021-12-15,,,,1,,2021-12-15 09:56:04,170524,2021-12-15 09:56:47,170524,,0,,,0,,1
1000,28820-4A861-P18,1,28820-4A861-C18,1,1,,2021-12-15,,,,1,,2021-12-15 09:53:02,170524,2021-12-15 09:56:47,170524,,0,,,0,,1
1000,28820-4A861-P6,1,28820-4A861-C6,1,1,,2021-12-15,,,,1,,2021-12-15 09:53:10,170524,2021-12-15 09:56:47,170524,,0,,,0,,1
1000,28820-4A861-B5,1,28820-4A861-C5,1,1,,2021-12-15,,,,1,,2021-12-15 09:53:29,170524,2021-12-15 09:56:47,170524,,0,,,0,,1
1000,45264-P3B760-B2,1,45264-P3B760-P2,1,1,,2022-06-13,,,,1,,2022-06-13 11:04:20,170524,2022-06-13 11:19:29,170524,,0,,,0,,1
1000,45264-P3B760-P1,1,45264-P3B760-C1,1,1,,2022-06-13,,,,1,,2022-06-13 11:04:31,170524,2022-06-13 11:05:57,170524,,0,,,0,,1
1000,45264-P3B760-P2,1,45264-P3B760-C2,1,1,,2022-06-13,,,,1,,2022-06-13 11:04:38,170524,2022-06-13 11:05:57,170524,,0,,,0,,1
1000,45264-P3B760-G1,2,MF65000(24구가접용),1,1,,2022-06-13,,,,1,,2022-06-13 11:05:02,170524,2022-06-13 11:05:57,170524,,0,,,0,,1
1000,45264-P3B760-G2,2,MF65000(24구가접용),1,1,,2022-06-13,,,,1,,2022-06-13 11:05:16,170524,2022-06-13 11:05:57,170524,,0,,,0,,1
1000,45264-3D600,1,45264-3D600-D1,1,1,,2022-10-06,,,,1,,2022-10-06 10:01:16,170524,2022-10-06 10:02:28,170524,,0,,,0,,1
1000,45264-3D600-D1,1,45264-3D600-L1,1,1,,2022-10-06,,,,1,,2022-10-06 10:01:58,170524,2022-10-06 10:02:28,170524,,0,,,0,,1
1000,45264-3D600-L1,1,45264-3D600-T1,1,1,,2022-10-06,,,,1,,2022-10-06 10:02:09,170524,2023-12-01 14:52:07,170524,,0,,,0,,0
1000,25451-07701-D1,1,25451-07701-L1,1,1,,2022-11-07,,,,1,,2022-11-07 09:29:04,170524,2022-11-07 09:29:19,170524,,0,,,0,,1
1000,25451-07701-L1,1,25451-07701-R1,1,1,,2022-11-07,,,,1,,2022-11-07 09:29:13,170524,2022-11-07 09:29:19,170524,,0,,,0,,1
1000,25470-4CC00,3,25470-4CC00-D1,1,1,,2022-11-07,,,,1,,2022-11-07 09:29:52,170524,2022-11-07 09:30:02,170524,,0,,,0,,1
1000,25470-4CC00-D1,1,25470-4CC00-L1,1,1,,2022-11-07,,,,1,,2022-11-07 09:30:28,170524,2024-08-22 09:12:33,170524,,0,,,0,,1
1000,25470-4CC00-L1,1,25470-4CC00-T1,1,1,,2022-11-07,,,,1,,2022-11-07 09:30:36,170524,2022-11-07 09:30:48,170524,,0,,,0,,1
1000,45264-3B620,1,45264-3B620-L1,1,1,,2022-12-08,,,,1,,2022-12-08 08:41:30,170524,2022-12-08 08:44:01,170524,,0,,,0,,1
1000,45264-3B620-L1,1,45264-3B620-D1,1,1,,2022-12-08,,,,1,,2022-12-08 08:41:41,170524,2022-12-08 08:44:01,170524,,0,,,0,,1
1000,45264-3B620-D1,1,45264-3B620-T1,1,1,,2022-12-08,,,,1,,2022-12-08 08:41:49,170524,2022-12-08 08:44:01,170524,,0,,,0,,1
1000,45264-3B620-T1,1,45264-3B620-B2,1,1,,2022-12-08,,,,1,,2022-12-08 08:41:58,170524,2022-12-08 08:44:01,170524,,0,,,0,,1
1000,45264-3B620-B2,1,45264-3B620-R2,1,1,,2022-12-08,,,,1,,2022-12-08 08:42:05,170524,2022-12-08 08:44:01,170524,,0,,,0,,1
1000,45264-3B620-R2,1,45264-3B620-O2,1,1,,2022-12-08,,,,1,,2022-12-08 08:42:11,170524,2022-12-08 08:44:01,170524,,0,,,0,,1
1000,45264-3B620-O2,1,45264-3B620-P2,1,1,,2022-12-08,,,,1,,2022-12-08 08:42:16,170524,2025-05-15 14:31:07,181129,,0,,,0,,0
1000,45264-3B620-P2,1,45264-3B620-C2,1,1,,2022-12-08,,,,1,,2022-12-08 08:42:22,170524,2025-05-15 14:31:07,181129,,0,,,0,,0
1000,45264-3B620-T1,2,45264-3B620-B1,1,1,,2022-12-08,,,,1,,2022-12-08 08:42:46,170524,2022-12-08 08:44:01,170524,,0,,,0,,1
1000,45264-3B620-B1,1,45264-3B620-R1,1,1,,2022-12-08,,,,1,,2022-12-08 08:42:53,170524,2022-12-08 08:44:01,170524,,0,,,0,,1
1000,45264-3B620-R1,1,45264-3B620-O1,1,1,,2022-12-08,,,,1,,2022-12-08 08:42:59,170524,2022-12-08 08:44:01,170524,,0,,,0,,1
1000,45264-3B620-O1,1,45264-3B620-P1,1,1,,2022-12-08,,,,1,,2022-12-08 08:43:04,170524,2025-05-15 14:31:07,181129,,0,,,0,,0
1000,45264-3B620-O1,2,MF650005-1(24구압입용),1,1,,2022-12-08,,,,1,,2022-12-08 08:43:40,170524,2022-12-08 08:44:01,170524,,0,,,0,,1
1000,45264-3B620-P1,1,45264-3B620-C1,1,1,,2022-12-08,,,,1,,2022-12-08 08:43:24,170524,2025-05-15 14:31:07,181129,,0,,,0,,0
1000,45264-3B620-O2,2,MF650005-1(24구압입용),1,1,,2022-12-08,,,,1,,2022-12-08 08:43:34,170524,2022-12-08 08:44:01,170524,,0,,,0,,1
1000,45264-3B620-T1,3,45264-3B620-3,1,1,,2022-12-08,,,,1,,2022-12-08 08:43:50,170524,2022-12-08 08:44:01,170524,,0,,,0,,1
1000,28471-2F001-S2,2,28471-2F600-2 小,1,1,,2023-02-27,,,,1,,2023-02-27 14:29:22,170524,2023-02-27 14:29:34,170524,,0,,,0,,1
1000,25451-07801-B2,1,25451-07801-O2,1,1,,2023-03-02,,,,1,,2023-03-02 09:23:46,170524,2023-03-29 14:15:09,170524,,0,,,0,,1
1000,25451-07801-O2,1,25451-07801-2-P1,1,1,,2023-03-02,,,,1,,2023-03-02 09:24:23,170524,2023-03-02 09:25:42,170524,,0,,,0,,1
1000,25451-07801-O2,2,25451-07801-2-P2,1,1,,2023-03-02,,,,1,,2023-03-02 09:24:34,170524,2023-03-02 09:25:42,170524,,0,,,0,,1
1000,25451-07801-O2,3,25451-07801-E7,1,1,,2023-03-02,,,,1,,2023-03-02 09:24:51,170524,2023-03-02 09:25:43,170524,,0,,,0,,1
1000,25450-07801,6,25450-07801-L2,1,1,,2023-03-02,,,,1,,2023-03-02 09:28:30,170524,2023-07-10 08:34:51,170524,,0,,,0,,1
1000,25450-07801-L2,1,25451-07801-D1,1,1,,2023-03-02,,,,1,,2023-03-02 09:28:48,170524,2023-03-02 09:28:54,170524,,0,,,0,,1
1000,25450-07850,6,25450-07850-L2,1,1,,2023-03-02,,,,1,,2023-03-02 09:30:04,170524,2023-07-10 08:35:22,170524,,0,,,0,,1
1000,25450-07850-L2,1,25451-07850-D1,1,1,,2023-03-02,,,,1,,2023-03-02 09:30:18,170524,2023-03-02 09:30:21,170524,,0,,,0,,1
1000,25450-07201,6,25450-07201-L2,1,1,,2023-03-02,,,,1,,2023-03-02 09:30:40,170524,2023-07-10 08:35:01,170524,,0,,,0,,1
1000,25450-07201-L2,1,25451-07201-D1,1,1,,2023-03-02,,,,1,,2023-03-02 09:30:51,170524,2023-03-02 09:30:56,170524,,0,,,0,,1
1000,45264-23870-R2,1,45264-23870-O2,1,1,,2022-01-12,,,,1,,2022-01-12 09:39:46,170524,2022-01-12 09:41:06,170524,,0,,,0,,1
1000,45264-23870-O2,1,45264-23870-P2,1,1,,2022-01-12,,,,1,,2022-01-12 09:39:53,170524,2022-01-12 09:41:06,170524,,0,,,0,,1
1000,45264-23870-P2,1,45264-23870-C2,1,1,,2022-01-12,,,,1,,2022-01-12 09:39:58,170524,2022-01-12 09:41:06,170524,,0,,,0,,1
1000,45264-23870-T1,2,45264-23870-B1,1,1,,2022-01-12,,,,1,,2022-01-12 09:40:03,170524,2022-01-12 09:41:06,170524,,0,,,0,,1
1000,45264-23870-B1,1,45264-23870-R1,1,1,,2022-01-12,,,,1,,2022-01-12 09:40:08,170524,2022-01-12 09:41:06,170524,,0,,,0,,1
1000,45264-23870-R1,1,45264-23870-O1,1,1,,2022-01-12,,,,1,,2022-01-12 09:40:14,170524,2022-01-12 09:41:06,170524,,0,,,0,,1
1000,45264-23870-O1,1,45264-23870-P1,1,1,,2022-01-12,,,,1,,2022-01-12 09:40:19,170524,2022-01-12 09:41:06,170524,,0,,,0,,1
1000,45264-23870-P1,1,45264-23870-C1,1,1,,2022-01-12,,,,1,,2022-01-12 09:40:23,170524,2022-01-12 09:41:06,170524,,0,,,0,,1
1000,45264-23870-T1,3,45264-23870-3,1,1,,2022-01-12,,,,1,,2022-01-12 09:40:30,170524,2022-01-12 09:41:06,170524,,0,,,0,,1
1000,45264-23870-T1,4,45264-23870-5,1,1,,2022-01-12,,,,1,,2022-01-12 09:40:38,170524,2022-01-12 09:41:06,170524,,0,,,0,,1
1000,45264-23870-T1,5,45264-23870-6,1,1,,2022-01-12,,,,1,,2022-01-12 09:40:43,170524,2022-01-12 09:41:06,170524,,0,,,0,,1
1000,45264-23870-O1,2,MF650005-1(24구압입용),1,1,,2022-01-12,,,,1,,2022-01-12 09:40:49,170524,2022-01-12 09:41:06,170524,,0,,,0,,1
1000,45264-23870-O2,2,MF650005-1(24구압입용),1,1,,2022-01-12,,,,1,,2022-01-12 09:40:54,170524,2022-01-12 09:41:06,170524,,0,,,0,,1
1000,28244-3A100,1,28244-3A100-L1,1,1,,2022-01-12,,,,1,,2022-01-12 09:42:39,170524,2022-01-12 09:46:20,170524,,0,,,0,,1
1000,28244-3A100-L1,1,28244-3A100-D1,1,1,,2022-01-12,,,,1,,2022-01-12 09:42:45,170524,2022-01-12 09:46:20,170524,,0,,,0,,1
1000,28244-3A100-D1,1,28244-3A100-T1,1,1,,2022-01-12,,,,1,,2022-01-12 09:42:50,170524,2022-01-12 09:46:20,170524,,0,,,0,,1
1000,28244-3A100-R1,1,28244-3A100-O1,1,1,,2022-01-12,,,,1,,2022-01-12 09:45:47,170524,2022-01-12 09:46:20,170524,,0,,,0,,1
1000,28244-3A100-G1,1,28244-3A100-B1,1,1,,2022-01-12,,,,1,,2022-01-12 09:43:04,170524,,,,0,,,0,,
1000,28244-3A100-T1,1,28244-3A100-B1,1,1,,2022-01-12,,,,1,,2022-01-12 09:45:38,170524,2022-01-12 09:46:20,170524,,0,,,0,,1
1000,28244-3A100-B1,1,28244-3A100-R1,1,1,,2022-01-12,,,,1,,2022-01-12 09:45:42,170524,2022-01-12 09:46:20,170524,,0,,,0,,1
1000,28244-3A100-O1,1,28244-3A100-C1,1,1,,2022-01-12,,,,1,,2022-01-12 09:45:52,170524,2022-01-12 09:46:20,170524,,0,,,0,,1
1000,28244-3A100,2,28244-3A100-3,1,1,,2022-01-12,,,,1,,2022-01-12 09:45:56,170524,2022-01-12 09:46:20,170524,,0,,,0,,1
1000,28244-3A100-O1,2,28240-2F000-6,2,2,,2022-01-12,,,,1,,2022-01-12 09:46:14,170524,2022-01-12 09:46:20,170524,,0,,,0,,1
1000,25465-84201,5,1481310179,1,1,,2022-06-22,,,,1,,2022-06-22 11:30:43,170524,2022-06-22 11:30:47,170524,,0,,,0,,1
1000,25485-3A900,1,25485-3A901-L1,1,1,,2022-02-15,,,,1,,2022-02-15 14:40:34,170524,2022-02-15 14:40:53,170524,,0,,,0,,1
1000,31303-84210,1,31303-84210-L1,1,1,,2022-03-10,,,,1,,2022-03-10 09:06:38,170524,2022-03-10 09:07:49,170524,,0,,,0,,1
1000,31303-84210-L1,1,31303-84210-D1,1,1,,2022-03-10,,,,1,,2022-03-10 09:06:46,170524,2022-03-10 09:07:49,170524,,0,,,0,,1
1000,31303-84210-D1,1,31303-84210-R1,1,1,,2022-03-10,,,,1,,2022-03-10 09:07:00,170524,2022-03-10 09:07:49,170524,,0,,,0,,1
1000,31303-84210-R1,1,31303-84210-G1,1,1,,2022-03-10,,,,1,,2022-03-10 09:07:11,170524,2022-03-10 09:07:49,170524,,0,,,0,,1
1000,31303-84210-G1,1,31303-84210-B1,1,1,,2022-03-10,,,,1,,2022-03-10 09:07:29,170524,2022-03-10 09:07:49,170524,,0,,,0,,1
1000,31303-84210-B1,1,31303-84210-P1,1,1,,2022-03-10,,,,1,,2022-03-10 09:07:40,170524,2022-03-10 09:07:49,170524,,0,,,0,,1
1000,31303-84210-P1,1,31303-84210-C1,1,1,,2022-03-10,,,,1,,2022-03-10 09:07:55,170524,2025-04-07 10:59:14,170524,,0,,,0,,0
1000,31303-84210-G1,2,31303-84200-2,1,1,,2022-03-10,,,,1,,2022-03-10 09:08:23,170524,2022-03-10 09:08:26,170524,,0,,,0,,1
1000,28486-3V000-B1,1,28486-3V000-C1,1,1,,2022-03-10,,,,1,,2022-03-10 09:10:13,170524,2022-03-10 09:10:19,170524,,0,,,0,,1
1000,25465-84201,4,1140306101,1,1,,2022-06-22,,,,1,,2022-06-22 11:30:20,170524,2022-06-22 11:30:28,170524,,0,,,0,,1
1000,28235-2B700-T1,1,28235-2B700-B3,1,1,,2022-09-15,,,,1,,2022-09-15 14:34:38,170524,2022-09-15 14:35:38,170524,,0,,,0,,1
1000,28235-2B700-B3,1,28235-2B700-R3,1,1,,2022-09-15,,,,1,,2022-09-15 14:34:50,170524,2022-09-15 14:35:38,170524,,0,,,0,,1
1000,28235-2B700-R3,1,28235-2B700-K3,1,1,,2022-09-15,,,,1,,2022-09-15 14:35:09,170524,2022-09-15 14:35:38,170524,,0,,,0,,1
1000,28235-2B700-K3,1,28235-2B700-P3,1,1,,2022-09-15,,,,1,,2022-09-15 14:35:23,170524,2022-09-15 14:35:38,170524,,0,,,0,,1
1000,28235-2B700-P3,1,28235-2B700-C3,1,1,,2022-09-15,,,,1,,2022-09-15 14:35:28,170524,2022-09-15 14:35:38,170524,,0,,,0,,1
1000,28235-2B700-T1,2,28235-2B700-B2,1,1,,2022-09-15,,,,1,,2022-09-15 14:35:52,170524,2022-09-15 14:37:04,170524,,0,,,0,,1
1000,28235-2B700-B2,1,28235-2B700-B2,1,1,,2022-09-15,,,,1,,2022-09-15 14:36:02,170524,,,,0,,,0,,
1000,28235-2B700-B2,2,28235-2B700-R2,1,1,,2022-09-15,,,,1,,2022-09-15 14:36:20,170524,2022-09-15 14:37:04,170524,,0,,,0,,1
1000,28235-2B700-R2,1,28235-2B700-K2,1,1,,2022-09-15,,,,1,,2022-09-15 14:36:34,170524,2022-09-15 14:39:39,170524,,0,,,0,,1
1000,28235-2B700-K2,1,28235-2B700-P2,1,1,,2022-09-15,,,,1,,2022-09-15 14:36:48,170524,2022-09-15 14:37:04,170524,,0,,,0,,1
1000,28235-2B700-P2,1,28235-2B700-C2,1,1,,2022-09-15,,,,1,,2022-09-15 14:36:55,170524,2022-09-15 14:37:04,170524,,0,,,0,,1
1000,28235-2B700-T1,3,28235-2B700-1,1,1,,2022-09-15,,,,1,,2022-09-15 14:37:50,170524,2022-09-15 14:39:39,170524,,0,,,0,,1
1000,28235-2B700-T1,4,28235-2B700-9(39211-2B070),1,1,,2022-09-15,,,,1,,2022-09-15 14:38:04,170524,2022-09-15 14:39:39,170524,,0,,,0,,1
1000,31303-84200-O1,2,MF650005-1(24구압입용),1,1,,2023-04-20,,,,1,,2023-04-20 17:10:41,170524,2023-04-20 17:11:13,170524,,0,,,0,,1
1000,31303-84200-D1,1,31303-84200-T1,1,1,,2023-03-14,,,,1,,2023-03-14 19:16:39,170524,2023-03-14 19:17:05,170524,,0,,,0,,1
1000,31303-84200-B1,1,31303-84200-R1,1,1,,2023-04-20,,,,1,,2023-04-20 17:09:27,170524,2023-04-20 17:11:13,170524,,0,,,0,,1
1000,31303-84200-G1,1,31303-84200-2,1,1,,2022-09-16,,,,1,,2022-09-16 16:56:36,170524,2022-09-16 16:58:33,170524,,0,,,0,,1
1000,31303-84200-T1,2,31303-84200-2,1,1,,2023-04-20,,,,1,,2023-04-20 17:11:04,170524,2023-04-20 17:11:13,170524,,0,,,0,,1
1000,31303-84200-G1,3,31303-84200-B1,1,1,,2022-09-16,,,,1,,2022-09-16 16:57:43,170524,2022-09-16 16:58:33,170524,,0,,,0,,1
1000,31303-84200-R1,1,31303-84200-O1,1,1,,2023-04-20,,,,1,,2023-04-20 17:10:22,170524,2023-04-20 17:11:13,170524,,0,,,0,,1
1000,25450-07250,6,25450-07250-L2,1,1,,2023-03-02,,,,1,,2023-03-02 09:31:07,170524,2023-07-10 08:35:05,170524,,0,,,0,,1
1000,25450-07250-L2,1,25451-07250-D1,1,1,,2023-03-02,,,,1,,2023-03-02 09:31:14,170524,2023-03-02 09:31:18,170524,,0,,,0,,1
1000,25450-07701,6,25450-07701-L2,1,1,,2023-03-02,,,,1,,2023-03-02 09:31:33,170524,2023-07-10 08:35:15,170524,,0,,,0,,1
1000,25450-07701-L2,1,25451-07701-D1,1,1,,2023-03-02,,,,1,,2023-03-02 09:31:39,170524,2023-03-02 09:31:44,170524,,0,,,0,,1
1000,31303-84200-T1,1,31303-84200-B1,1,1,,2023-04-20,,,,1,,2023-04-20 17:09:06,170524,2023-04-20 17:09:16,170524,,0,,,0,,1
1000,31044-2J000,1,31044-2J000-B1,1,1,,2023-04-21,,,,1,,2023-04-21 16:38:28,170524,2023-04-21 16:38:37,170524,,0,,,0,,1
1000,31044-2J000-B1,1,31044-2J000-C1,1,1,,2023-04-21,,,,1,,2023-04-21 16:38:32,170524,2023-04-21 16:38:37,170524,,0,,,0,,1
1000,21780-82600,1,21781-82600-L1,1,1,,2022-01-14,,,,1,,2022-01-14 11:42:28,170524,2023-02-08 08:43:40,170524,,0,,,0,,1
1000,25482-5C000,1,254805C0001,1,1,,2023-05-03,,,,1,,2023-05-03 08:21:24,170524,2023-05-03 08:21:33,170524,,0,,,0,,1
1000,45264-02440-O2,2,452643A5605,1,1,,2022-11-16,,,,1,,2022-11-16 15:48:45,170524,2022-11-16 15:48:51,170524,,0,,,0,,1
1000,25465-84750,5,2546684752A,1,1,,2022-11-29,,,,1,,2022-11-29 15:49:11,170524,2022-11-29 15:49:14,170524,,0,,,0,,1
1000,28235-2B720-L1,1,28235-2B720-T1,1,1,,2022-04-01,,,,1,,2022-04-01 16:14:27,170524,2022-04-01 16:14:51,170524,,0,,,0,,1
1000,45264-02440-O1,2,452643A5605,1,1,,2022-11-16,,,,1,,2022-11-16 15:48:30,170524,2022-11-16 15:48:51,170524,,0,,,0,,1
1000,45264-3D900-T1,4,45264-3D900-BR3,1,1,,2023-01-11,,,,1,,2023-01-11 13:55:29,170524,2023-08-10 16:02:19,170524,,0,,,0,,0
1000,45264-3D900-BR3,1,45264-3D900-3,1,1,,2023-01-11,,,,1,,2023-01-11 13:55:48,170524,2023-01-11 13:55:53,170524,,0,,,0,,1
1000,45264-3D600-T1,6,45264-3D000-BR4,1,1,,2023-01-11,,,,1,,2023-01-11 13:56:26,170524,2024-03-06 08:16:48,181129,,0,,,0,,1
1000,45264-3D600-T1,7,45264-3D000-BR5,1,1,,2023-01-11,,,,1,,2023-01-11 13:56:38,170524,2024-03-06 08:16:48,181129,,0,,,0,,1
1000,45264-3D000-BR4,1,45264-3D000-4,1,1,,2023-01-11,,,,1,,2023-01-11 13:56:54,170524,2023-01-11 13:57:10,170524,,0,,,0,,1
1000,45264-3D000-BR5,1,45264-3D000-5,1,1,,2023-01-11,,,,1,,2023-01-11 13:57:05,170524,2023-01-11 13:57:10,170524,,0,,,0,,1
1000,45264-3D000-T1,6,45264-3D000-BR4,1,1,,2023-01-11,,,,1,,2023-01-11 13:57:51,170524,2025-10-28 07:49:13,170524,,0,,,0,,1
1000,45264-3D000-T1,7,45264-3D000-BR5,1,1,,2023-01-11,,,,1,,2023-01-11 13:58:05,170524,2025-10-28 07:49:13,170524,,0,,,0,,1
1000,38600-52530-G1,10,38600-5C000-C1,1,1,,2023-01-26,,,,1,,2023-01-26 17:15:55,170524,2023-01-26 17:16:00,170524,,0,,,0,,1
1000,25460-2T500-R1,1,25460-2T500-S2,1,1,,2023-09-22,,,,1,,2023-09-22 10:06:43,170524,2023-09-22 10:08:17,170524,,0,,,0,,1
1000,25480-5C000,1,25480-5C000-L1,1,1,,2023-05-03,,,,1,,2023-05-03 08:24:14,170524,2023-05-03 08:29:42,170524,,0,,,0,,1
1000,21780-82600,3,21782-82600-D1,1,1,,2023-05-01,,,,1,,2023-05-01 09:59:07,170524,2023-05-01 09:59:28,170524,,0,,,0,,1
1000,21782-82600-D1,1,21780-82600-2,1,1,,2023-05-01,,,,1,,2023-05-01 09:59:17,170524,2023-05-01 09:59:28,170524,,0,,,0,,1
1000,25480-5C000-L1,1,25480-5C000-D1,1,1,,2023-05-03,,,,1,,2023-05-03 08:24:27,170524,2023-05-03 08:29:42,170524,,0,,,0,,1
1000,25480-5C000-D1,1,25480-5C000-T1,1,1,,2023-05-03,,,,1,,2023-05-03 08:24:45,170524,2023-05-03 08:29:42,170524,,0,,,0,,1
1000,25480-5C000-T1,1,25480-5C000-P5,1,1,,2023-05-03,,,,1,,2023-05-03 08:26:46,170524,2023-05-03 08:29:42,170524,,0,,,0,,1
1000,25480-5C000-P5,1,25480-5C000-C5,1,1,,2023-05-03,,,,1,,2023-05-03 08:26:56,170524,2023-05-03 08:29:42,170524,,0,,,0,,1
1000,25480-5C000-T1,2,25480-5C000-B3,1,1,,2023-05-03,,,,1,,2023-05-03 08:27:22,170524,2023-05-03 08:29:42,170524,,0,,,0,,1
1000,25480-5C000-B3,1,25480-5C000-P3,1,1,,2023-05-03,,,,1,,2023-05-03 08:27:28,170524,2023-05-03 08:29:42,170524,,0,,,0,,1
1000,25480-5C000-P3,1,25480-5C000-C3,1,1,,2023-05-03,,,,1,,2023-05-03 08:27:35,170524,2023-05-03 08:29:42,170524,,0,,,0,,1
1000,25480-5C000-T1,3,25480-5C000-Q1,1,1,,2023-05-03,,,,1,,2023-05-03 08:27:49,170524,2023-05-03 08:29:42,170524,,0,,,0,,1
1000,25480-5C000-Q1,1,25480-5C000-C1,1,1,,2023-05-03,,,,1,,2023-05-03 08:27:57,170524,2023-05-03 08:29:42,170524,,0,,,0,,1
1000,25480-5C000,2,254805C0001,1,1,,2023-05-03,,,,1,,2023-05-03 08:28:11,170524,2023-05-03 08:29:42,170524,,0,,,0,,1
1000,25480-5C000-T1,4,25480-5C000-S7,2,2,,2023-05-03,,,,1,,2023-05-03 08:28:20,170524,2023-05-03 08:29:42,170524,,0,,,0,,1
1000,25480-5C000-S7,1,25480-5C000-7,1,1,,2023-05-03,,,,1,,2023-05-03 08:28:31,170524,2023-05-03 08:31:43,170524,,0,,,0,,1
1000,25480-5C000-T1,5,25480-5C000-4,2,2,,2023-05-03,,,,1,,2023-05-03 08:28:57,170524,2023-05-03 08:29:42,170524,,0,,,0,,1
1000,25480-5C000-T1,6,25480-5C000-3,1,1,,2023-05-03,,,,1,,2023-05-03 08:29:04,170524,2023-05-03 08:29:42,170524,,0,,,0,,1
1000,28236-2MAA0-K1,2,28236-2MAA0-4,1,1,,2024-07-10,,,,1,,2024-07-10 16:33:11,170524,2024-07-10 16:34:23,170524,,0,,,0,,1
1000,28236-2MAA0-S1,2,28236-2MAA0-2,1,1,,2024-07-10,,,,1,,2024-07-10 16:33:43,170524,2024-07-10 16:34:23,170524,,0,,,0,,1
1000,28236-2MAA0-S2,2,28236-2MAA0-3,1,1,,2024-07-10,,,,1,,2024-07-10 16:33:51,170524,2024-07-10 16:34:23,170524,,0,,,0,,1
1000,28237-2MAA0,1,28237-2MAA0-L2,1,1,,2024-07-10,,,,1,,2024-07-10 16:35:30,170524,2024-07-10 16:38:17,170524,,0,,,0,,1
1000,28237-2MAA0-L2,1,28237-2MAA0-L1,1,1,,2024-07-10,,,,1,,2024-07-10 16:37:00,170524,2024-07-10 16:38:17,170524,,0,,,0,,1
1000,28237-2MAA0-L1,1,28237-2MAA0-D1,1,1,,2024-07-10,,,,1,,2024-07-10 16:37:07,170524,2024-07-10 16:38:17,170524,,0,,,0,,1
1000,28237-2MAA0-D1,1,28237-2MAA0-R1,1,1,,2024-07-10,,,,1,,2024-07-10 16:37:15,170524,2024-07-10 16:38:17,170524,,0,,,0,,1
1000,28237-2MAA0-R1,1,28237-2MAA0-S1,1,1,,2024-07-10,,,,1,,2024-07-10 16:37:17,170524,2024-07-10 16:38:17,170524,,0,,,0,,1
1000,28237-2MAA0-S1,1,28237-2MAA0-B1,1,1,,2024-07-10,,,,1,,2024-07-10 16:37:26,170524,2024-07-10 16:38:17,170524,,0,,,0,,1
1000,28237-2MAA0-B1,1,28237-2MAA0-P1,1,1,,2024-07-10,,,,1,,2024-07-10 16:37:36,170524,2024-07-10 16:38:17,170524,,0,,,0,,1
1000,28237-2MAA0-P1,1,28237-2MAA0-C1,1,1,,2024-07-10,,,,1,,2024-07-10 16:37:39,170524,,,,0,,,0,,
1000,28237-2MAA0,2,28237-2MAA0-2,1,1,,2024-07-10,,,,1,,2024-07-10 16:38:32,170524,2024-07-10 16:38:43,170524,,0,,,0,,1
1000,28237-2MAA0,3,28237-2MAA0-3,1,1,,2024-07-10,,,,1,,2024-07-10 16:38:39,170524,2024-07-10 16:38:43,170524,,0,,,0,,1
1000,28237-2MAA0-S1,2,28237-2MAA0-4,1,1,,2024-07-10,,,,1,,2024-07-10 16:38:50,170524,,,,0,,,0,,
1000,28235-2B710-K2,3,28250-2G400-1,1,1,,2024-09-30,,,,1,,2024-09-30 20:08:55,170524,2024-09-30 20:09:07,170524,,0,,,0,,1
1000,28235-2B710-K3,3,28250-2G400-1,1,1,,2024-09-30,,,,1,,2024-09-30 20:09:12,170524,2024-09-30 20:09:22,170524,,0,,,0,,1
1000,28270-82711-D1,1,28270-82711-T1,1,1,,2024-10-22,,,,1,,2024-10-22 14:56:50,170524,2024-10-22 14:57:30,170524,,0,,,0,,1
1000,28270-82711-T1,1,28270-82711-G1,1,1,,2024-10-22,,,,1,,2024-10-22 14:56:57,170524,2024-10-22 14:57:30,170524,,0,,,0,,1
1000,25430-52813,1,25430-52813-L2,1,1,,2024-10-22,,,,1,,2024-10-22 14:59:29,170524,2024-10-22 15:09:30,170524,,0,,,0,,1
1000,25430-52813-D1,1,25430-52813-L1,1,1,,2024-10-22,,,,1,,2024-10-22 14:59:38,170524,2025-01-23 16:25:53,170524,,0,,,0,,1
1000,25430-52813-L2,1,25430-52813-D1,1,1,,2024-10-22,,,,1,,2024-10-22 14:59:33,170524,2024-10-22 15:09:30,170524,,0,,,0,,1
1000,25430-52813-L1,1,25430-52813-T1,1,1,,2024-10-22,,,,1,,2024-10-22 15:00:29,170524,2025-01-23 16:25:53,170524,,0,,,0,,0
1000,25430-52813-T1,1,25483-52802-S1,1,1,,2024-10-22,,,,1,,2024-10-22 15:04:22,170524,2024-10-22 15:09:30,170524,,0,,,0,,1
1000,25483-52802-S1,1,25483-52802,1,1,,2024-10-22,,,,1,,2024-10-22 15:04:31,170524,2024-10-22 15:09:30,170524,,0,,,0,,1
1000,25483-52802-S1,2,1390506000,1,1,,2024-10-22,,,,1,,2024-10-22 15:04:44,170524,2024-10-22 15:09:30,170524,,0,,,0,,1
1000,25430-52813-T1,2,25491-52813-B1,1,1,,2024-10-22,,,,1,,2024-10-22 15:05:40,170524,2024-10-22 15:09:30,170524,,0,,,0,,1
1000,25491-52813-B1,1,25491-52813-P1,1,1,,2024-10-22,,,,1,,2024-10-22 15:05:56,170524,2024-10-22 15:12:23,170524,,0,,,0,,0
1000,25491-52813-P1,1,25491-52813-C1,1,1,,2024-10-22,,,,1,,2024-10-22 15:06:05,170524,2024-10-22 15:09:30,170524,,0,,,0,,1
1000,25430-52813-T1,3,38215-84050,1,1,,2024-10-22,,,,1,,2024-10-22 15:06:26,170524,2024-10-22 15:09:30,170524,,0,,,0,,1
1000,25430-52813,2,25430-52813-5-D1,1,1,,2024-10-22,,,,1,,2024-10-22 15:07:36,170524,2024-10-22 15:09:30,170524,,0,,,0,,1
1000,25430-52813-5-D1,1,25430-52813-5,1,1,,2024-10-22,,,,1,,2024-10-22 15:07:47,170524,2024-10-22 15:09:30,170524,,0,,,0,,1
1000,25430-52813,3,29730-52800,1,1,,2024-10-22,,,,1,,2024-10-22 15:08:19,170524,2024-10-22 15:09:30,170524,,0,,,0,,1
1000,25480-3A901,4,254633A900A,1,1,,2022-02-25,,,,1,,2022-02-25 17:17:14,170524,2022-02-25 17:17:19,170524,,0,,,0,,1
1000,25480-3A901,5,254673A901,1,1,,2022-02-25,,,,1,,2022-02-25 17:20:50,170524,2022-02-25 17:20:55,170524,,0,,,0,,1
1000,39480-2A190,1,39480-2A190-L1,1,1,,2022-04-13,,,,1,,2022-04-13 10:58:45,170524,2023-04-05 10:37:24,211213,,0,,,0,,1
1000,39480-2A190-L1,1,39480-2A190-D1,1,1,,2022-04-13,,,,1,,2022-04-13 10:58:57,170524,2022-04-13 10:59:21,170524,,0,,,0,,1
1000,39480-2A190-D1,1,39480-2A190-T1,1,1,,2022-04-13,,,,1,,2022-04-13 10:59:05,170524,2022-04-13 10:59:21,170524,,0,,,0,,1
1000,39480-2A190-T1,1,39480-2A190-7,1,1,,2022-04-13,,,,1,,2022-04-13 10:59:15,170524,2022-04-13 10:59:21,170524,,0,,,0,,1
1000,39480-2A190-T1,2,39480-2A150-B7,1,1,,2022-04-13,,,,1,,2022-04-13 10:59:57,170524,2022-04-13 11:01:24,170524,,0,,,0,,1
1000,39480-2A190-T1,3,39480-2A150-B2,1,1,,2022-04-13,,,,1,,2022-04-13 11:00:10,170524,2022-04-13 11:01:24,170524,,0,,,0,,1
1000,39480-2A190-T1,4,39480-2A150-B1,1,1,,2022-04-13,,,,1,,2022-04-13 11:00:20,170524,2022-04-13 11:01:24,170524,,0,,,0,,1
1000,39480-2A190,2,394712A900,1,1,,2022-04-13,,,,1,,2022-04-13 11:01:16,170524,2022-04-13 11:01:24,170524,,0,,,0,,1
1000,39480-2A190-T1,5,39480-2A150-3,1,1,,2022-04-13,,,,1,,2022-04-13 11:03:38,170524,2022-04-13 11:03:55,170524,,0,,,0,,1
1000,39480-2A190-T1,6,39480-2A150-4,1,1,,2022-04-13,,,,1,,2022-04-13 11:03:48,170524,2022-04-13 11:03:55,170524,,0,,,0,,1
1000,28235-2B720,4,28235-2B720-D1,1,1,,2022-07-08,,,,1,,2022-07-08 12:01:14,170524,2022-07-08 12:01:22,170524,,0,,,0,,1
1000,25411-3V000,1,25410-3V000-L1,1,1,,2022-12-22,,,,1,,2022-12-22 15:12:10,170524,,,,0,,,0,,
1000,28458-52237,1,28458-52238-L2,1,1,,2022-12-26,,,,1,,2022-12-26 09:02:12,170524,2022-12-26 09:02:21,170524,,0,,,0,,1
1000,28458-52237,2,2847552236A,1,1,,2022-12-26,,,,1,,2022-12-26 09:02:37,170524,2022-12-26 09:02:59,170524,,0,,,0,,1
1000,28458-52237,3,28458-52238-7,1,1,,2022-12-26,,,,1,,2022-12-26 09:02:49,170524,2022-12-26 09:02:59,170524,,0,,,0,,1
1000,28458-52237,4,28458-52238-8,1,1,,2022-12-26,,,,1,,2022-12-26 09:02:54,170524,2022-12-26 09:02:59,170524,,0,,,0,,1
1000,28276-5C010,1,28275-5C010-L1,1,1,,2023-01-04,,,,1,,2023-01-04 11:15:20,170524,2023-01-04 11:15:46,170524,,0,,,0,,1
1000,C45272-4G100,1,45272-4G100-R1,1,1,,2023-04-05,,,,1,,2023-04-05 13:55:42,170524,2023-04-05 13:55:56,170524,,0,,,0,,1
1000,25451-07801,1,25451-07801-D1,1,1,,2023-04-19,,,,1,,2023-04-19 15:31:30,170524,2023-04-19 15:31:55,170524,,0,,,0,,1
1000,25465-84700-D1,1,25465-84700-T1,1,1,,2023-05-12,,,,1,,2023-05-12 13:57:01,170524,2023-05-12 13:57:43,170524,,0,,,0,,1
1000,25465-84700-T1,1,25465-84700-G1,1,1,,2023-05-12,,,,1,,2023-05-12 13:57:10,170524,2023-05-12 13:57:43,170524,,0,,,0,,1
1000,25450-07860,4,25450-07860-L2,1,1,,2023-07-10,,,,1,,2023-07-10 08:38:00,170524,2023-07-10 08:38:13,170524,,0,,,0,,1
1000,25450-07260,4,25450-07260-L2,1,1,,2023-07-10,,,,1,,2023-07-10 08:37:18,170524,2023-07-10 08:37:37,170524,,0,,,0,,1
1000,25450-07260-L2,1,25451-07260-D1,1,1,,2023-07-10,,,,1,,2023-07-10 08:37:30,170524,2023-07-10 08:37:37,170524,,0,,,0,,1
1000,25450-07860-L2,1,25451-07860-D1,1,1,,2023-07-10,,,,1,,2023-07-10 08:38:10,170524,2023-07-10 08:38:13,170524,,0,,,0,,1
1000,28250-2T500,7,28235-2B740 CAP,2,2,,2023-11-17,,,,1,,2023-11-17 08:57:54,170524,2023-11-17 08:58:08,170524,,0,,,0,,1
1000,25457-2MHE0-L1,1,25457-2MHE0-R1,1,1,,2023-12-13,,,,1,,2023-12-13 09:04:10,170524,2023-12-13 09:06:39,170524,,0,,,0,,1
1000,25457-2MHE0,1,25457-2MHE0-D1,1,1,,2023-12-13,,,,1,,2023-12-13 09:03:59,170524,2023-12-13 09:06:39,170524,,0,,,0,,1
1000,25457-2MHE0-D1,1,25457-2MHE0-L1,1,1,,2023-12-13,,,,1,,2023-12-13 09:04:03,170524,2023-12-13 09:06:39,170524,,0,,,0,,1
1000,25457-2MHE0-R1,1,25457-2MHE0-S2,1,1,,2023-12-13,,,,1,,2023-12-13 09:04:15,170524,2023-12-13 09:06:39,170524,,0,,,0,,1
1000,25457-2MHE0-S2,1,25457-2MHE0-4,1,1,,2023-12-13,,,,1,,2023-12-13 09:04:46,170524,2023-12-13 09:06:39,170524,,0,,,0,,1
1000,25457-2MHE0-S2,2,25457-2MHE0-S1,1,1,,2023-12-13,,,,1,,2023-12-13 09:04:59,170524,2023-12-13 09:06:39,170524,,0,,,0,,1
1000,25457-2MHE0-S1,1,25457-2MHE0-K1,1,1,,2023-12-13,,,,1,,2023-12-13 09:05:12,170524,2023-12-13 09:06:39,170524,,0,,,0,,1
1000,25457-2MHE0-K1,1,25457-2MHE0-3,1,1,,2023-12-13,,,,1,,2023-12-13 09:05:20,170524,2023-12-13 09:06:39,170524,,0,,,0,,1
1000,25457-2MHE0-K1,2,25457-2MHE0-Q1,1,1,,2023-12-13,,,,1,,2023-12-13 09:05:33,170524,2023-12-13 09:06:39,170524,,0,,,0,,1
1000,25457-2MHE0-Q1,1,25457-2MHE0-B1,1,1,,2023-12-13,,,,1,,2023-12-13 09:05:39,170524,,,,0,,,0,,
1000,25457-2MHE0-B1,1,25457-2MHE0-P1,1,1,,2023-12-13,,,,1,,2023-12-13 09:05:45,170524,,,,0,,,0,,
1000,25457-2MHE0-P1,1,25457-2MHE0-C1,1,1,,2023-12-13,,,,1,,2023-12-13 09:05:51,170524,,,,0,,,0,,
1000,25457-2MHE0-S1,2,25457-2MHE0-P2,1,1,,2023-12-13,,,,1,,2023-12-13 09:06:12,170524,2023-12-13 09:06:39,170524,,0,,,0,,1
1000,25457-2MHE0-P2,1,25457-2MHE0-C2,1,1,,2023-12-13,,,,1,,2023-12-13 09:06:16,170524,,,,0,,,0,,
1000,25450-2MHE0-L1,2,25457-2MHE0-D1,1,1,,2023-12-13,,,,1,,2023-12-13 09:06:58,170524,2023-12-13 09:17:09,170524,,0,,,0,,1
1000,25450-2MHE0,6,254722MHE0,1,1,,2023-12-13,,,,1,,2023-12-13 09:07:43,170524,2023-12-13 09:07:49,170524,,0,,,0,,1
1000,25450-07860,5,25475-2M000,1,1,,2024-01-16,,,,1,,2024-01-16 13:45:24,170524,2024-01-16 13:45:28,170524,,0,,,0,,1
1000,25430-52813,4,1140306126K,1,1,,2024-10-22,,,,1,,2024-10-22 15:08:36,170524,2024-10-22 15:09:30,170524,,0,,,0,,1
1000,25430-52813,5,28458-52238-7,1,1,,2024-10-22,,,,1,,2024-10-22 15:09:02,170524,2024-10-22 15:09:30,170524,,0,,,0,,1
1000,28237-2MAA1-L1,1,28237-2MAA1-D1,1,1,,2024-10-30,,,,1,,2024-10-30 15:01:32,170524,2024-10-30 15:04:05,170524,,0,,,0,,1
1000,28237-2MAA1,3,28237-2MAA1-L2,1,1,,2024-10-30,,,,1,,2024-10-30 15:01:06,170524,2024-10-30 15:04:05,170524,,0,,,0,,1
1000,28237-2MAA1-L2,1,28237-2MAA1-L1,1,1,,2024-10-30,,,,1,,2024-10-30 15:01:14,170524,2024-10-30 15:04:05,170524,,0,,,0,,1
1000,28237-2MAA1-D1,1,28237-2MAA1-R1,1,1,,2024-10-30,,,,1,,2024-10-30 15:01:45,170524,2024-10-30 15:04:05,170524,,0,,,0,,1
1000,28237-2MAA1-R1,1,28237-2MAA1-S1,1,1,,2024-10-30,,,,1,,2024-10-30 15:01:57,170524,2024-10-30 15:04:05,170524,,0,,,0,,1
1000,28237-2MAA1-S1,1,28237-2MAA1-4,1,1,,2024-10-30,,,,1,,2024-10-30 15:02:12,170524,2024-10-30 15:04:05,170524,,0,,,0,,1
1000,28237-2MAA1-S1,2,28237-2MAA1-B1,1,1,,2024-10-30,,,,1,,2024-10-30 15:02:24,170524,2024-10-30 15:04:05,170524,,0,,,0,,1
1000,28237-2MAA1-B1,1,28237-2MAA1-P1,1,1,,2024-10-30,,,,1,,2024-10-30 15:03:33,170524,2025-09-05 14:30:29,170524,,0,,,0,,1
1000,28237-2MAA1-P1,1,28237-2MAA1-C1,1,1,,2024-10-30,,,,1,,2024-10-30 15:03:42,170524,,,,0,,,0,,
1000,25450-07TA1,1,25450-07TA1-L2,1,1,,2024-11-05,,,,1,,2024-11-05 10:38:52,170524,2024-11-06 13:45:27,170524,,0,,,0,,1
1000,25470-07TA1-R1,1,25470-07TA1-S1,1,1,,2024-11-06,,,,1,,2024-11-06 13:54:23,170524,2024-11-06 13:55:50,170524,,0,,,0,,1
1000,25470-07TA1-S1,1,25470-07TA1-B1,1,1,,2024-11-06,,,,1,,2024-11-06 13:54:43,170524,2024-11-06 13:55:50,170524,,0,,,0,,1
1000,25470-07TA1-B1,1,25470-07TA1-P1,1,1,,2024-11-06,,,,1,,2024-11-06 13:54:52,170524,2024-11-06 13:56:49,170524,,0,,,0,,0
1000,25470-07TA1-P1,1,25470-07TA1-C1,1,1,,2024-11-06,,,,1,,2024-11-06 13:55:01,170524,2025-09-30 19:22:18,170524,,0,,,0,,1
1000,25470-07TA1-S1,2,25470-07TA1-2,1,1,,2024-11-06,,,,1,,2024-11-06 13:56:26,170524,2024-11-06 13:56:39,170524,,0,,,0,,1
1000,22460-52101,1,22460-52101-L1,1,1,,2024-11-08,,,,1,,2024-11-08 13:27:19,170524,2024-11-08 13:42:36,170524,,0,,,0,,1
1000,22460-52101-L1,1,22462-52101-D1,1,1,,2024-11-08,,,,1,,2024-11-08 13:29:02,170524,2024-11-08 13:42:36,170524,,0,,,0,,1
1000,22462-52101-D1,1,22462-52101-R1,1,1,,2024-11-08,,,,1,,2024-11-08 13:29:16,170524,2024-11-08 13:42:36,170524,,0,,,0,,1
1000,22462-52101-R1,1,22462-52101-S1,1,1,,2024-11-08,,,,1,,2024-11-08 13:29:25,170524,2024-11-08 13:42:36,170524,,0,,,0,,1
1000,31303-84210-G1,3,MF65000(24구가접용),1,1,,2024-12-05,,,,1,,2024-12-05 09:58:49,170524,2024-12-05 09:58:53,170524,,0,,,0,,1
1000,28237-2MAA1,4,S282372MAA1A,1,1,,2025-03-19,,,,1,,2025-03-19 11:19:40,170524,2025-03-19 11:19:50,170524,,0,,,0,,1
1000,28237-2MAA1,5,S282372MAA1B,1,1,,2025-03-19,,,,1,,2025-03-19 11:19:46,170524,2025-03-19 11:19:50,170524,,0,,,0,,1
1000,25451-07850,1,25451-07850-D1,1,1,,2025-04-03,,,,1,,2025-04-03 15:26:29,170524,,,,0,,,0,,
1000,28459-52AC0,1,28459-52AC0-L1,1,1,,2025-04-22,,,,1,,2025-04-22 09:17:59,170524,2025-04-22 09:18:25,170524,,0,,,0,,1
1000,28459-52AC0-L1,1,28459-52AC0-D1,1,1,,2025-04-22,,,,1,,2025-04-22 09:18:07,170524,2025-04-22 09:18:25,170524,,0,,,0,,1
1000,28459-52AC0-D1,1,28459-52AC0-T1,1,1,,2025-04-22,,,,1,,2025-04-22 09:18:12,170524,2025-04-22 09:18:25,170524,,0,,,0,,1
1000,28459-52AC0-T1,1,28459-52AC0-B1,1,1,,2025-04-22,,,,1,,2025-04-22 09:18:17,170524,2025-04-22 09:18:25,170524,,0,,,0,,1
1000,28459-52AC0-B1,1,28459-52AC0-C1,1,1,,2025-04-22,,,,1,,2025-04-22 09:18:20,170524,2025-04-22 09:18:25,170524,,0,,,0,,1
1000,28459-52AC0-T1,2,25411-42520-2,1,1,,2025-04-22,,,,1,,2025-04-22 09:18:59,170524,,,,0,,,0,,
1000,28459-52AC0-T1,3,25441-42520-2,1,1,,2025-04-22,,,,1,,2025-04-22 09:19:23,170524,2025-04-22 09:19:27,170524,,0,,,0,,1
1000,28459-52AC0,2,28458-52238-8-D1,1,1,,2025-04-22,,,,1,,2025-04-22 09:20:21,170524,2025-04-22 09:20:24,170524,,0,,,0,,1
1000,28459-52AC0,3,28458-52238-7,1,1,,2025-04-22,,,,1,,2025-04-22 09:20:40,170524,2025-04-22 09:20:43,170524,,0,,,0,,1
1000,28454-52AC0,1,28454-52AC0-L1,1,1,,2025-04-22,,,,1,,2025-04-22 09:35:14,170524,2025-04-22 09:35:29,170524,,0,,,0,,1
1000,28459-52AC0,5,2847552030A,1,1,,2025-04-22,,,,1,,2025-04-22 09:26:55,170524,2025-04-22 09:27:02,170524,,0,,,0,,1
1000,28454-52AC0-D1,1,28454-52AC0-T1,1,1,,2025-04-22,,,,1,,2025-04-22 09:35:22,170524,2025-04-22 09:35:29,170524,,0,,,0,,1
1000,28454-52AC0-L1,1,28454-52AC0-D1,1,1,,2025-04-22,,,,1,,2025-04-22 09:35:19,170524,2025-04-22 09:35:29,170524,,0,,,0,,1
1000,28454-52AC0,2,2847552236,1,1,,2025-04-22,,,,1,,2025-04-22 09:35:38,170524,,,,0,,,0,,
1000,28454-52AC0,3,2847552236A,1,1,,2025-04-22,,,,1,,2025-04-22 09:35:49,170524,2025-04-22 09:35:54,170524,,0,,,0,,1
1000,28454-52AC0-T1,1,28458-52237-B4,1,1,,2025-04-22,,,,1,,2025-04-22 09:39:23,170524,2025-04-22 09:39:41,170524,,0,,,0,,1
1000,28454-52AC0-T1,2,28458-52237-P3,1,1,,2025-04-22,,,,1,,2025-04-22 09:39:33,170524,2025-04-22 09:39:41,170524,,0,,,0,,1
1000,28454-52AC0-T1,3,28458-52238-2,1,1,,2025-04-22,,,,1,,2025-04-22 09:40:14,170524,2025-04-22 09:40:22,170524,,0,,,0,,1
1000,25451-07TC0-Q1,1,25451-07TC0-B1,1,1,,2024-11-08,,,,1,,2024-11-08 17:02:56,170524,2024-11-08 17:14:08,170524,,0,,,0,,0
1000,25451-07TC0-B1,1,25451-07TC0-P1,1,1,,2024-11-08,,,,1,,2024-11-08 17:03:05,170524,,,,0,,,0,,
1000,25451-07TC0-P1,1,25451-07TC0-C1,1,1,,2024-11-08,,,,1,,2024-11-08 17:03:14,170524,2025-07-22 13:50:55,181129,,0,,,0,,1
1000,25451-07TC0-P3,1,25451-07TC0-C3,1,1,,2024-11-08,,,,1,,2024-11-08 17:03:43,170524,,,,0,,,0,,
1000,25450-07TC0,1,25450-07TC0-L2,1,1,,2024-11-08,,,,1,,2024-11-08 17:03:59,170524,2024-11-08 17:05:55,170524,,0,,,0,,1
1000,25450-07TC0-L2,1,25451-07TC0,1,1,,2024-11-08,,,,1,,2024-11-08 17:04:49,170524,,,,0,,,0,,
1000,25451-07TA1-O10,1,25451-07TA1-C10,1,1,,2025-09-18,,,,1,,2025-09-18 08:26:24,170524,,,,0,,,0,,
1000,25451-07TA1-G1,1,25451-07TA1-O10,1,1,,2025-09-18,,,,1,,2025-09-18 08:27:06,170524,2025-09-18 08:27:37,170524,,0,,,0,,1
1000,25451-07TC0,3,25474-2M000,2,2,,2024-11-08,,,,1,,2024-11-08 17:05:39,170524,2024-11-08 17:05:55,170524,,0,,,0,,1
1000,25451-07TC0,4,25475-2M000,2,2,,2024-11-08,,,,1,,2024-11-08 17:05:47,170524,2024-11-08 17:05:55,170524,,0,,,0,,1
1000,25451-07TC0,5,25451-07TC0-D1,1,1,,2024-11-08,,,,1,,2024-11-08 17:06:19,170524,2024-11-08 17:06:32,170524,,0,,,0,,1
1000,25451-07TC0-D1,1,25451-07TC0-L1,1,1,,2024-11-08,,,,1,,2024-11-08 17:06:24,170524,2024-11-08 17:06:32,170524,,0,,,0,,1
1000,25451-07TC0-L1,1,25451-07TC0-R1,1,1,,2024-11-08,,,,1,,2024-11-08 17:07:03,170524,2024-11-08 17:08:31,170524,,0,,,0,,1
1000,25451-07TC0-R1,1,25451-07TC0-S2,1,1,,2024-11-08,,,,1,,2024-11-08 17:07:22,170524,2024-11-08 17:08:31,170524,,0,,,0,,1
1000,25451-07TC0-S2,1,25451-07TC0-S1,1,1,,2024-11-08,,,,1,,2024-11-08 17:07:31,170524,2024-11-08 17:08:31,170524,,0,,,0,,1
1000,25451-07TC0-S2,2,25451-07TA1-10,1,1,,2024-11-08,,,,1,,2024-11-08 17:08:12,170524,2024-11-08 17:08:31,170524,,0,,,0,,1
1000,25451-07TC0-S2,4,25451-07TA1-B4,1,1,,2024-11-08,,,,1,,2024-11-08 17:11:37,170524,2024-11-08 17:12:00,170524,,0,,,0,,1
1000,25480-5C000-S7,2,1390508000,1,1,,2023-05-03,,,,1,,2023-05-03 08:29:58,170524,2023-05-03 08:31:20,170524,,0,,,0,,1
1000,25483-5C000,1,25480-5C000-L1,1,1,,2023-05-03,,,,1,,2023-05-03 08:33:24,170524,2023-05-03 08:33:47,170524,,0,,,0,,1
1000,22462-52002-D1,1,22462-52002-R1,1,1,,2023-05-04,,,,1,,2023-05-04 13:45:23,170524,2023-05-04 13:46:07,170524,,0,,,0,,1
1000,28820-4A702-T1,5,28820-4A700-5,1,1,,2023-06-30,,,,1,,2023-06-30 08:45:48,170524,2023-06-30 08:45:54,170524,,0,,,0,,1
1000,2246252002,1,22462-52002-L1,1,1,,2023-05-04,,,,1,,2023-05-04 13:45:08,170524,,,,0,,,0,,
1000,22462-52002-L1,1,22462-52002-D1,1,1,,2023-05-04,,,,1,,2023-05-04 13:45:15,170524,2023-05-04 13:46:07,170524,,0,,,0,,1
1000,22462-52002-R1,1,22462-52002-S1,1,1,,2023-05-04,,,,1,,2023-05-04 13:45:30,170524,2023-05-04 13:46:07,170524,,0,,,0,,1
1000,22462-52002-S1,1,22462-52001-B1,1,1,,2023-05-04,,,,1,,2023-05-04 13:45:35,170524,2023-05-04 13:46:07,170524,,0,,,0,,1
1000,22462-52002-S1,2,22465-52001,1,1,,2023-05-04,,,,1,,2023-05-04 13:45:58,170524,2023-05-04 13:46:07,170524,,0,,,0,,1
1000,25467-84720,1,25467-84720-L1,1,1,,2023-05-12,,,,1,,2023-05-12 14:44:47,170524,2023-07-25 08:53:43,170524,,0,,,0,,1
1000,25467-84720-L1,1,25467-84720-D1,1,1,,2023-05-12,,,,1,,2023-05-12 14:44:51,170524,2023-05-12 14:47:23,170524,,0,,,0,,1
1000,25467-84720-D1,1,25467-84720-T1,1,1,,2023-05-12,,,,1,,2023-05-12 14:45:34,170524,2023-05-12 14:47:23,170524,,0,,,0,,1
1000,25467-84720-T1,1,25467-84720-B1,1,1,,2023-05-12,,,,1,,2023-05-12 14:45:50,170524,2023-05-12 14:47:23,170524,,0,,,0,,1
1000,25467-84720-B1,1,25467-84720-P1,1,1,,2023-05-12,,,,1,,2023-05-12 14:46:19,170524,2023-05-12 14:47:23,170524,,0,,,0,,1
1000,25467-84720-P1,1,25467-84721-C1,1,1,,2023-05-12,,,,1,,2023-05-12 14:46:33,170524,2023-05-12 14:47:23,170524,,0,,,0,,1
1000,25467-84720-T1,2,25467-84752-2,1,1,,2023-05-12,,,,1,,2023-05-12 14:47:52,170524,2023-05-12 14:47:56,170524,,0,,,0,,1
1000,22462-52001-S1,2,22461-52001-2,1,1,,2023-06-02,,,,1,,2023-06-02 10:24:35,170524,2023-06-02 10:24:40,170524,,0,,,0,,1
1000,25466-84720,1,25466-84720-L1,1,1,,2023-07-25,,,,1,,2023-07-25 08:44:57,170524,2023-09-06 11:05:12,170524,,0,,,0,,0
1000,25466-84720-L1,1,25466-84720-D1,1,1,,2023-07-25,,,,1,,2023-07-25 08:45:21,170524,2023-07-25 08:48:08,170524,,0,,,0,,1
1000,25466-84720-D1,1,25466-84720-B1,1,1,,2023-07-25,,,,1,,2023-07-25 08:45:37,170524,2023-07-25 08:48:08,170524,,0,,,0,,1
1000,25466-84720-B1,1,25466-84720-P1,1,1,,2023-07-25,,,,1,,2023-07-25 08:45:50,170524,2023-07-25 08:48:08,170524,,0,,,0,,1
1000,25466-84720-P1,1,25466-84721-C1,1,1,,2023-07-25,,,,1,,2023-07-25 08:46:05,170524,2023-07-25 08:48:08,170524,,0,,,0,,1
1000,25466-84720,2,1481310179,2,2,,2023-07-25,,,,1,,2023-07-25 08:46:25,170524,2023-07-25 08:48:08,170524,,0,,,0,,1
1000,25466-84720,3,2546684722,1,1,,2023-07-25,,,,1,,2023-07-25 08:46:48,170524,2023-07-25 08:48:08,170524,,0,,,0,,1
1000,25466-84720,4,1140306101,1,1,,2023-07-25,,,,1,,2023-07-25 08:47:03,170524,2023-07-25 08:48:08,170524,,0,,,0,,1
1000,25466-84720,5,2546584702,1,1,,2023-07-25,,,,1,,2023-07-25 08:47:19,170524,2023-07-25 08:48:08,170524,,0,,,0,,1
1000,25466-84720,6,25466-84711-D1,1,1,,2023-07-25,,,,1,,2023-07-25 08:47:42,170524,2023-07-25 08:48:08,170524,,0,,,0,,1
1000,25485-3A001-7,1,256242A101,1,1,,2023-08-31,,,,1,,2023-08-31 13:38:22,170524,2023-08-31 13:38:25,170524,,0,,,0,,1
1000,25460-2T500-S2,1,25460-2T500-S1,1,1,,2023-09-22,,,,1,,2023-09-22 10:06:50,170524,2023-09-22 10:08:17,170524,,0,,,0,,1
1000,25460-2T500-S2,2,25462-2T500,1,1,,2023-09-22,,,,1,,2023-09-22 10:07:41,170524,2023-09-22 10:08:17,170524,,0,,,0,,1
1000,25460-2T500-S2,3,25463-2T500,1,1,,2023-09-22,,,,1,,2023-09-22 10:07:54,170524,2023-09-22 10:08:17,170524,,0,,,0,,1
1000,25460-2T500-S2,4,25464-2T500,1,1,,2023-09-22,,,,1,,2023-09-22 10:08:03,170524,2023-09-22 10:08:17,170524,,0,,,0,,1
1000,45264-23420,1,45264-23421-L1,1,1,,2022-02-04,,,,1,,2022-02-04 13:52:19,170524,2022-02-04 13:52:37,170524,,0,,,0,,1
1000,25485-3A100-B2,1,25485-3A100-P2,1,1,,2022-07-13,,,,1,,2022-07-13 17:06:22,170524,2024-12-19 09:53:30,181129,,0,,,0,,0
1000,25453-08200-B1,1,25453-08200-C1,1,1,,2022-05-27,,,,1,,2022-05-27 16:49:40,170524,2022-05-27 16:49:47,170524,,0,,,0,,1
1000,25485-3A100-T1,3,25485-3A100-B9,1,1,,2022-07-13,,,,1,,2022-07-13 17:06:03,170524,2022-07-13 17:07:40,170524,,0,,,0,,1
1000,25485-3A100-B1,1,25485-3A100-P1,1,1,,2022-07-13,,,,1,,2022-07-13 17:06:15,170524,2024-11-26 16:08:37,181129,,0,,,0,,0
1000,25485-3A100-B9,1,25485-3A100-P9,1,1,,2022-07-13,,,,1,,2022-07-13 17:06:31,170524,2024-11-26 16:08:37,181129,,0,,,0,,0
1000,25485-3A100-P1,1,25485-3A100-C1,1,1,,2022-07-13,,,,1,,2022-07-13 17:06:40,170524,2022-07-13 17:07:40,170524,,0,,,0,,1
1000,25485-3A100-P2,1,25485-3A100-C2,1,1,,2022-07-13,,,,1,,2022-07-13 17:06:51,170524,2022-07-13 17:07:40,170524,,0,,,0,,1
1000,25485-3A100-P9,1,25485-3A100-C9,1,1,,2022-07-13,,,,1,,2022-07-13 17:06:58,170524,2022-07-13 17:07:40,170524,,0,,,0,,1
1000,25485-3A100-T1,4,25485-3A100-3,1,1,,2022-07-13,,,,1,,2022-07-13 17:07:04,170524,2022-07-13 17:07:40,170524,,0,,,0,,1
1000,25485-3A100-T1,5,25485-3A100-4,1,1,,2022-07-13,,,,1,,2022-07-13 17:07:10,170524,2022-07-13 17:07:40,170524,,0,,,0,,1
1000,25485-3A100-T1,6,25485-3A100-5,1,1,,2022-07-13,,,,1,,2022-07-13 17:07:18,170524,2022-07-13 17:07:40,170524,,0,,,0,,1
1000,25485-3A100-T1,7,25485-3A100-6,1,1,,2022-07-13,,,,1,,2022-07-13 17:07:27,170524,2022-07-13 17:07:40,170524,,0,,,0,,1
1000,S25452-3A640-3-T1,4,S25452-3A600-3-1-B1,1,1,,2022-07-22,,,,1,,2022-07-22 11:40:17,170524,2022-07-22 11:40:35,170524,,0,,,0,,1
1000,38600-5C000-G1,9,S386005C0002,1,1,,2022-09-05,,,,1,,2022-09-05 11:22:39,170524,2022-09-05 11:22:52,170524,,0,,,0,,1
1000,38600-5C000-G1,10,S386005C0003,1,1,,2022-09-05,,,,1,,2022-09-05 11:23:00,170524,2022-09-05 11:23:06,170524,,0,,,0,,1
1000,25413-2R030-B1,1,25411-2R000-C1,1,1,,2023-02-01,,,,1,,2023-02-01 08:35:30,170524,2023-02-01 08:35:34,170524,,0,,,0,,1
1000,D05340(25485-3A100),1,25485-3A100-L1,1,1,,2022-11-28,,,,1,,2022-11-28 11:19:04,170524,,,,0,,,0,,
1000,38600-5C0001-A1,1,38600-5C000-C1,1,1,,2022-12-08,,,,1,,2022-12-08 15:54:03,170524,2022-12-08 15:54:07,170524,,0,,,0,,1
1000,28250-2T500,4,28250-2T500-L2,1,1,,2023-09-22,,,,1,,2023-09-22 10:10:22,170524,2023-11-17 08:58:08,170524,,0,,,0,,1
1000,25460-2T500-S1,4,25461-2T500-Q1,1,1,,2023-09-18,,,,1,,2023-09-18 13:20:49,170524,2023-09-18 13:22:33,170524,,0,,,0,,1
1000,25461-2T500-Q1,1,25461-2T500-B1,1,1,,2023-09-18,,,,1,,2023-09-18 13:21:08,170524,,,,0,,,0,,
1000,25461-2T500-B1,1,25461-2T500-P1,1,1,,2023-09-18,,,,1,,2023-09-18 13:21:19,170524,,,,0,,,0,,
1000,25461-2T500-P1,1,25461-2T500-C1,1,1,,2023-09-18,,,,1,,2023-09-18 13:21:27,170524,,,,0,,,0,,
1000,25460-2T500-S1,5,25461-2T500-P2,1,1,,2023-09-18,,,,1,,2023-09-18 13:21:39,170524,2023-09-18 13:22:33,170524,,0,,,0,,1
1000,25461-2T500-P2,1,25461-2T500-B2,1,1,,2023-09-18,,,,1,,2023-09-18 13:21:51,170524,,,,0,,,0,,
1000,25461-2T500-B2,1,25461-2T500-C2,1,1,,2023-09-18,,,,1,,2023-09-18 13:21:59,170524,,,,0,,,0,,
1000,25450-2MHE0,7,S254732MHA0,1,1,,2024-02-01,,,,1,,2024-02-01 08:40:38,170524,2024-02-01 08:40:44,170524,,0,,,0,,1
1000,25450-07870,1,25450-07870-L2,1,1,,2024-03-14,,,,1,,2024-03-14 15:32:56,170524,2024-03-14 15:41:10,170524,,0,,,0,,1
1000,25450-07870-L2,1,25451-07870-D1,1,1,,2024-03-14,,,,1,,2024-03-14 15:34:48,170524,2024-03-14 15:41:10,170524,,0,,,0,,1
1000,25490-2T500-R1,1,25490-2T500-S1,1,1,,2023-09-18,,,,1,,2023-09-18 13:32:55,170524,2023-09-18 13:34:57,170524,,0,,,0,,1
1000,25451-07870-D1,1,25451-07870-L1,1,1,,2024-03-14,,,,1,,2024-03-14 15:34:57,170524,2024-03-14 15:41:10,170524,,0,,,0,,1
1000,25491-2T500-B1,1,25491-2T500-P1,1,1,,2023-09-18,,,,1,,2023-09-18 13:34:17,170524,,,,0,,,0,,
1000,25490-2T500-S1,2,25491-2T500-1,1,1,,2023-09-18,,,,1,,2023-09-18 13:34:23,170524,2023-09-18 13:34:57,170524,,0,,,0,,1
1000,25490-2T500-S1,1,25491-2T500-B1,1,1,,2023-09-18,,,,1,,2023-09-18 13:34:03,170524,2023-09-18 13:34:57,170524,,0,,,0,,1
1000,25491-2T500-P1,1,25491-2T500-C1,1,1,,2023-09-18,,,,1,,2023-09-18 13:34:42,170524,,,,0,,,0,,
1000,25451-07870-L1,1,25451-07870-R1,1,1,,2024-03-14,,,,1,,2024-03-14 15:35:09,170524,2024-03-14 15:41:10,170524,,0,,,0,,1
1000,25451-07870-R1,1,25451-07870-S1,1,1,,2024-03-14,,,,1,,2024-03-14 15:35:21,170524,2024-03-14 15:41:10,170524,,0,,,0,,1
1000,25451-07870-S1,1,25451-07701-B2,1,1,,2024-03-14,,,,1,,2024-03-14 15:35:49,170524,2024-03-14 15:41:10,170524,,0,,,0,,1
1000,28250-2T500-B1,1,28250-2T500-R1,1,1,,2023-09-18,,,,1,,2023-09-18 14:01:56,170524,2026-06-08 15:31:26,170524,,0,,,0,,0
1000,28250-2T500-R1,1,28250-2T500-O1,1,1,,2023-09-18,,,,1,,2023-09-18 14:02:00,170524,2026-06-08 15:31:26,170524,,0,,,0,,0
1000,28250-2T500-O1,1,28255-2T500,1,1,,2023-09-18,,,,1,,2023-09-18 14:02:27,170524,2026-06-08 15:31:26,170524,,0,,,0,,0
1000,28250-2T500-O1,2,28252-2T500-P1,1,1,,2023-09-18,,,,1,,2023-09-18 14:02:56,170524,2026-06-08 15:31:26,170524,,0,,,0,,0
1000,28252-2T500-P1,1,28252-2T500-C1,1,1,,2023-09-18,,,,1,,2023-09-18 14:03:07,170524,2026-06-08 15:31:26,170524,,0,,,0,,0
1000,28250-2T500-O1,3,28252-2T500-P2,1,1,,2023-09-18,,,,1,,2023-09-18 14:03:16,170524,2026-06-08 15:31:26,170524,,0,,,0,,0
1000,28252-2T500-P2,1,28252-2T500-C2,1,1,,2023-09-18,,,,1,,2023-09-18 14:03:27,170524,2026-06-08 15:31:26,170524,,0,,,0,,0
1000,25451-07870-Q1,1,25451-07701-C1,1,1,,2024-03-14,,,,1,,2024-03-14 15:36:44,170524,2024-03-14 15:41:10,170524,,0,,,0,,1
1000,25467-2MHE0,1,25467-2MHE0-D1,1,1,,2023-10-12,,,,1,,2023-10-12 15:05:05,170524,2023-10-12 15:09:03,170524,,0,,,0,,1
1000,25467-2MHE0-D1,1,25467-2MHE0-L1,1,1,,2023-10-12,,,,1,,2023-10-12 15:05:10,170524,2023-10-12 15:09:03,170524,,0,,,0,,1
1000,25451-07870-S1,3,25451-07701-4,1,1,,2024-03-14,,,,1,,2024-03-14 15:37:47,170524,2024-03-14 15:41:10,170524,,0,,,0,,1
1000,25467-2MHE0-S1,1,25467-2MHE0-K1,1,1,,2023-10-12,,,,1,,2023-10-12 15:05:25,170524,2023-10-12 15:09:03,170524,,0,,,0,,1
1000,25467-2MHE0-K1,1,25467-2MHE0-Q1,1,1,,2023-10-12,,,,1,,2023-10-12 15:05:52,170524,2023-10-12 15:09:03,170524,,0,,,0,,1
1000,25467-2MHE0-K1,2,25467-2MHE0-3,1,1,,2023-10-12,,,,1,,2023-10-12 15:06:13,170524,2023-10-12 15:09:03,170524,,0,,,0,,1
1000,25451-07870-S1,4,25451-07850-5,1,1,,2024-03-14,,,,1,,2024-03-14 15:38:26,170524,2024-03-14 15:41:10,170524,,0,,,0,,1
1000,25467-2MHE0-S1,3,25467-2MHE0-P2,1,1,,2023-10-12,,,,1,,2023-10-12 15:07:09,170524,2023-10-12 15:09:03,170524,,0,,,0,,1
1000,25467-2MHE0,2,254722MHE0,1,1,,2023-10-12,,,,1,,2023-10-12 15:07:35,170524,2023-10-12 15:09:03,170524,,0,,,0,,1
1000,25467-2MHE0-P1,1,25467-2MHE0-C1,1,1,,2023-10-12,,,,1,,2023-10-12 15:08:34,170524,2023-12-01 15:19:10,170524,,0,,,0,,0
1000,25467-2MHE0-Q1,1,25467-2MHE0-B1,1,1,,2023-10-12,,,,1,,2023-10-12 15:08:08,170524,2023-12-01 15:30:57,170524,,0,,,0,,0
1000,25467-2MHE0-B1,1,25467-2MHE0-P1,1,1,,2023-10-12,,,,1,,2023-10-12 15:08:18,170524,2023-12-01 15:30:57,170524,,0,,,0,,0
1000,25467-2MHE0-P2,1,25467-2MHE0-C2,1,1,,2023-10-12,,,,1,,2023-10-12 15:08:49,170524,2023-12-01 15:19:10,170524,,0,,,0,,0
1000,25450-2MHE0,1,25450-2MHE0-L1,1,1,,2023-10-12,,,,1,,2023-10-12 15:19:58,170524,2023-10-12 15:21:12,170524,,0,,,0,,1
1000,25451-07870-S1,5,25451-07850-7,1,1,,2024-03-14,,,,1,,2024-03-14 15:38:52,170524,2024-03-14 15:41:10,170524,,0,,,0,,1
1000,25451-07870-S1,6,25451-07850-6,1,1,,2024-03-14,,,,1,,2024-03-14 15:39:25,170524,2024-03-14 15:41:10,170524,,0,,,0,,1
1000,25450-2MHE0-L1,1,25458-2MHE0-D1,1,1,,2023-10-12,,,,1,,2023-10-12 15:21:53,170524,2023-10-12 15:27:45,170524,,0,,,0,,1
1000,25458-2MHE0-D1,1,25458-2MHE0-L1,1,1,,2023-10-12,,,,1,,2023-10-12 15:22:08,170524,2023-10-12 15:27:45,170524,,0,,,0,,1
1000,25450-07870,2,25474-2M000,1,1,,2024-03-14,,,,1,,2024-03-14 15:39:53,170524,2024-03-14 15:41:10,170524,,0,,,0,,1
1000,25458-2MHE0-S2,1,25458-2MHE0-S1,1,1,,2023-10-12,,,,1,,2023-10-12 15:22:36,170524,2023-10-12 15:27:45,170524,,0,,,0,,1
1000,25458-2MHE0-S1,1,25458-2MHE0-P6,1,1,,2023-10-12,,,,1,,2023-10-12 15:23:07,170524,2023-10-12 15:27:45,170524,,0,,,0,,1
1000,25450-07870,3,25475-2M000,1,1,,2024-03-14,,,,1,,2024-03-14 15:40:01,170524,2024-03-14 15:41:10,170524,,0,,,0,,1
1000,28270-82701-D1,1,28270-82701-T1,1,1,,2022-01-27,,,,1,,2022-01-27 14:25:56,170524,2022-01-27 14:26:30,170524,,0,,,0,,1
1000,28270-82701-T1,1,28270-82701-G1,1,1,,2022-01-27,,,,1,,2022-01-27 14:26:13,170524,2022-01-27 14:26:30,170524,,0,,,0,,1
1000,38610-85700-G1,6,38610857001-산처리,1,1,,2022-05-23,,,,1,,2022-05-23 16:18:06,170524,2022-11-07 18:06:14,170524,,0,,,0,,0
1000,28235-2B720-D1,1,28235-2B720-L1,1,1,,2022-07-07,,,,1,,2022-07-07 11:11:11,170524,2022-07-07 11:11:31,170524,,0,,,0,,1
1000,59138-S9380-1-S1,2,59138-S9380-2,1,1,,2022-07-19,,,,1,,2022-07-19 16:44:57,170524,2022-07-19 16:45:04,170524,,0,,,0,,1
1000,28235-2B720-L2,1,28235-2B720-D1,1,1,,2022-07-07,,,,1,,2022-07-07 11:10:50,170524,2022-07-07 11:11:31,170524,,0,,,0,,1
1000,59138-S9380-1-R1,3,59138-S9380-1-S1,1,1,,2022-07-19,,,,1,,2022-07-19 16:44:28,170524,2022-08-12 14:54:03,170524,,0,,,0,,1
1000,59138-S9380-1-S1,1,59138-S9380-1-B1,1,1,,2022-07-19,,,,1,,2022-07-19 16:44:47,170524,2022-07-19 16:45:04,170524,,0,,,0,,1
1000,25458-2MHE0-S1,2,25458-2MHE0-Q1,1,1,,2023-10-12,,,,1,,2023-10-12 15:23:40,170524,2023-10-12 15:27:45,170524,,0,,,0,,1
1000,25451-07260-D1,1,25451-07260-L1,1,1,,2023-03-29,,,,1,,2023-03-29 14:13:07,170524,2023-03-29 14:15:09,170524,,0,,,0,,1
1000,25451-07260-L1,1,25451-07260-R1,1,1,,2023-03-29,,,,1,,2023-03-29 14:13:15,170524,2023-03-29 14:15:09,170524,,0,,,0,,1
1000,25451-07260-R1,1,25451-07260-S1,1,1,,2023-03-29,,,,1,,2023-03-29 14:13:20,170524,2023-03-29 14:15:09,170524,,0,,,0,,1
1000,25451-07260-S1,1,25451-07801-B2,1,1,,2023-03-29,,,,1,,2023-03-29 14:13:29,170524,2023-03-29 14:15:09,170524,,0,,,0,,1
1000,25451-07260-S1,2,25451-07250-Q1,1,1,,2023-03-29,,,,1,,2023-03-29 14:14:10,170524,2023-03-29 14:15:09,170524,,0,,,0,,1
1000,25450-07260,2,25474-2M000,1,1,,2023-03-29,,,,1,,2023-03-29 14:14:25,170524,2023-03-29 14:15:09,170524,,0,,,0,,1
1000,25450-07260,3,S2545207201,1,1,,2023-03-29,,,,1,,2023-03-29 14:14:30,170524,2023-03-29 14:15:09,170524,,0,,,0,,1
1000,25451-07260-S1,3,25451-07260-3-P1,1,1,,2023-03-29,,,,1,,2023-03-29 14:14:41,170524,2023-03-29 14:15:09,170524,,0,,,0,,1
1000,25451-07260-3-P1,1,25451-07260-3-C1,1,1,,2023-03-29,,,,1,,2023-03-29 14:14:56,170524,2023-03-29 14:15:09,170524,,0,,,0,,1
1000,25458-2MHE0-B1,1,25458-2MHE0-P1,1,1,,2023-10-12,,,,1,,2023-10-12 15:24:03,170524,2023-12-01 15:30:57,170524,,0,,,0,,0
1000,25451-07860-D1,1,25451-07860-L1,1,1,,2023-03-29,,,,1,,2023-03-29 14:16:17,170524,2023-03-29 14:18:50,170524,,0,,,0,,1
1000,25451-07860-L1,1,25451-07860-R1,1,1,,2023-03-29,,,,1,,2023-03-29 14:16:23,170524,2023-03-29 14:18:50,170524,,0,,,0,,1
1000,25451-07860-R1,1,25451-07860-S1,1,1,,2023-03-29,,,,1,,2023-03-29 14:16:28,170524,2023-03-29 14:18:50,170524,,0,,,0,,1
1000,25451-07860-S1,1,25451-07801-B2,1,1,,2023-03-29,,,,1,,2023-03-29 14:16:35,170524,2023-03-29 14:18:50,170524,,0,,,0,,1
1000,25451-07860-S1,2,25451-07860-Q1,1,1,,2023-03-29,,,,1,,2023-03-29 14:16:42,170524,2023-03-29 14:18:50,170524,,0,,,0,,1
1000,25451-07860-Q1,1,25451-07250-C1,1,1,,2023-03-29,,,,1,,2023-03-29 14:16:48,170524,2023-03-29 14:18:50,170524,,0,,,0,,1
1000,25451-07860-Q1,2,25451-07850-8,1,1,,2023-03-29,,,,1,,2023-03-29 14:17:06,170524,2023-03-29 14:18:50,170524,,0,,,0,,1
1000,25450-07860,2,25474-2M000,1,1,,2023-03-29,,,,1,,2023-03-29 14:17:12,170524,2023-03-29 14:18:50,170524,,0,,,0,,1
1000,25450-07860,3,S2545207801,1,1,,2023-03-29,,,,1,,2023-03-29 14:17:17,170524,2023-03-29 14:18:50,170524,,0,,,0,,1
1000,25451-07260-S1,6,25451-07850-7,1,1,,2023-03-29,,,,1,,2023-03-29 14:19:36,170524,2023-03-29 14:19:40,170524,,0,,,0,,1
1000,25451-07860-S1,4,25451-07850-7,1,1,,2023-03-29,,,,1,,2023-03-29 14:18:04,170524,2023-03-29 14:18:50,170524,,0,,,0,,1
1000,25451-07860-S1,5,25451-07850-6,1,1,,2023-03-29,,,,1,,2023-03-29 14:18:09,170524,2023-03-29 14:18:50,170524,,0,,,0,,1
1000,25451-07860-S1,6,25451-07850-5,1,1,,2023-03-29,,,,1,,2023-03-29 14:18:15,170524,2023-03-29 14:18:50,170524,,0,,,0,,1
1000,25451-07260-S1,4,25451-07850-5,1,1,,2023-03-29,,,,1,,2023-03-29 14:19:25,170524,2023-03-29 14:19:40,170524,,0,,,0,,1
1000,25451-07260-S1,5,25451-07850-6,1,1,,2023-03-29,,,,1,,2023-03-29 14:19:30,170524,2023-03-29 14:19:40,170524,,0,,,0,,1
1000,25458-2MHE0-Q1,1,25458-2MHE0-B1,1,1,,2023-10-12,,,,1,,2023-10-12 15:23:51,170524,2023-12-01 15:30:57,170524,,0,,,0,,0
1000,25458-2MHE0-P1,1,25458-2MHE0-C1,1,1,,2023-10-12,,,,1,,2023-10-12 15:24:09,170524,2024-03-29 17:27:42,170524,,0,,,0,,1
1000,25458-2MHE0-S2,2,25458-2MHE0-B2,1,1,,2023-10-12,,,,1,,2023-10-12 15:24:29,170524,2023-10-12 15:27:45,170524,,0,,,0,,1
1000,25458-2MHE0-B2,1,25458-2MHE0-P2,1,1,,2023-10-12,,,,1,,2023-10-12 15:24:42,170524,2023-12-01 15:30:57,170524,,0,,,0,,0
1000,25458-2MHE0-P2,1,25458-2MHE0-C2,1,1,,2023-10-12,,,,1,,2023-10-12 15:24:57,170524,2024-03-29 17:27:49,170524,,0,,,0,,1
1000,25458-2MHE0-S2,3,25458-2MHE0-3,1,1,,2023-10-12,,,,1,,2023-10-12 15:25:16,170524,2023-10-12 15:27:45,170524,,0,,,0,,1
1000,25458-2MHE0-S2,4,25458-2MHE0-4,1,1,,2023-10-12,,,,1,,2023-10-12 15:25:25,170524,2023-10-12 15:27:45,170524,,0,,,0,,1
1000,25458-2MHE0-P6,1,25458-2MHE0-C6,1,1,,2023-10-12,,,,1,,2023-10-12 15:25:54,170524,2023-12-01 15:30:57,170524,,0,,,0,,0
1000,25458-2MHE0-S2,5,25458-2MHE0-5,1,1,,2023-10-12,,,,1,,2023-10-12 15:26:12,170524,2023-10-12 15:27:45,170524,,0,,,0,,1
1000,25467-2MHE0-L1,1,25467-2MHE0-R1,1,1,,2023-11-06,,,,1,,2023-11-06 11:01:53,170524,2023-11-06 11:04:10,170524,,0,,,0,,1
1000,25450-2MHE0,5,25475-2M000,2,2,,2023-11-15,,,,1,,2023-11-15 08:21:03,170524,2023-11-15 08:21:07,170524,,0,,,0,,1
1000,25490-2T500,4,25490-2T500-L2,1,1,,2023-12-13,,,,1,,2023-12-13 11:30:21,170524,2023-12-13 11:31:11,170524,,0,,,0,,1
1000,25467-2MHE0-R1,1,25467-2MHE0-S2,1,1,,2023-11-06,,,,1,,2023-11-06 11:02:12,170524,2023-11-06 11:04:10,170524,,0,,,0,,1
1000,25467-2MHE0-S2,1,25467-2MHE0-S1,1,1,,2023-11-06,,,,1,,2023-11-06 11:02:23,170524,2023-11-06 11:04:10,170524,,0,,,0,,1
1000,25467-2MHE0-S2,2,25467-2MHE0-4,1,1,,2023-11-06,,,,1,,2023-11-06 11:03:36,170524,2023-11-06 11:04:10,170524,,0,,,0,,1
1000,25458-2MHE0-L1,1,25458-2MHE0-R1,1,1,,2023-11-06,,,,1,,2023-11-06 11:06:41,170524,2023-11-06 11:07:20,170524,,0,,,0,,1
1000,25458-2MHE0-R1,1,25458-2MHE0-S2,1,1,,2023-11-06,,,,1,,2023-11-06 11:07:06,170524,2023-11-06 11:07:20,170524,,0,,,0,,1
1000,28250-2T500-L2,1,28250-2T500-D1,1,1,,2023-11-08,,,,1,,2023-11-08 08:44:47,170524,2023-11-08 08:45:36,170524,,0,,,0,,1
1000,28250-2T500-D1,1,28250-2T500-L1,1,1,,2023-11-08,,,,1,,2023-11-08 08:45:00,170524,2026-06-08 15:31:26,170524,,0,,,0,,0
1000,28250-2T500-L1,1,28250-2T500-B1,1,1,,2023-11-08,,,,1,,2023-11-08 08:45:11,170524,2026-06-08 15:31:26,170524,,0,,,0,,0
1000,25460-2T500,5,254652T500A,1,1,,2023-11-14,,,,1,,2023-11-14 10:45:15,170524,2023-11-14 10:45:30,170524,,0,,,0,,1
1000,25460-2T500,6,254922T500A,1,1,,2023-11-14,,,,1,,2023-11-14 10:45:20,170524,2023-11-14 10:45:30,170524,,0,,,0,,1
1000,25490-2T500,3,254932T500A,1,1,,2023-11-14,,,,1,,2023-11-14 10:45:45,170524,2023-11-14 10:45:50,170524,,0,,,0,,1
1000,28250-2T500,5,282512T500A,1,1,,2023-11-14,,,,1,,2023-11-14 10:46:06,170524,2023-11-14 10:46:19,170524,,0,,,0,,1
1000,28250-2T500,6,282612T500A,1,1,,2023-11-14,,,,1,,2023-11-14 10:46:11,170524,2023-11-14 10:46:19,170524,,0,,,0,,1
1000,25450-2MHE0,4,25474-2M000,2,2,,2023-11-15,,,,1,,2023-11-15 08:20:51,170524,2023-11-15 08:21:07,170524,,0,,,0,,1
1000,25490-2T500-L2,1,25490-2T500-D1,1,1,,2023-12-13,,,,1,,2023-12-13 11:30:31,170524,2023-12-13 11:31:11,170524,,0,,,0,,1
1000,25490-2T500-D1,1,25490-2T500-L1,1,1,,2023-12-13,,,,1,,2023-12-13 11:30:53,170524,2023-12-18 09:33:03,170524,,0,,,0,,1
1000,25490-2T500-L1,1,25490-2T500-R1,1,1,,2023-12-13,,,,1,,2023-12-13 11:31:02,170524,2023-12-13 11:31:11,170524,,0,,,0,,1
1000,38600-52530-D1,1,38600-52530-L1,1,1,,2023-12-18,,,,1,,2023-12-18 09:34:54,170524,2023-12-18 09:35:17,170524,,0,,,0,,1
1000,38600-52530-L1,1,38600-52530-T1,1,1,,2023-12-18,,,,1,,2023-12-18 09:35:02,170524,2023-12-18 09:35:17,170524,,0,,,0,,1
1000,25450-07870,4,S2545207801,1,1,,2024-03-14,,,,1,,2024-03-14 15:40:14,170524,2024-03-14 15:41:10,170524,,0,,,0,,1
1000,25451-07870-S1,7,25451-07870-B1,1,1,,2024-03-15,,,,1,,2024-03-15 10:47:43,170524,2024-03-15 10:48:02,170524,,0,,,0,,1
1000,25480-52801,1,25480-52802-L1,1,1,,2022-02-07,,,,1,,2022-02-07 08:03:27,170524,,,,0,,,0,,
1000,25480-52801,2,1140306126K,1,1,,2022-02-07,,,,1,,2022-02-07 08:04:35,170524,2022-02-07 08:05:34,170524,,0,,,0,,1
1000,25480-52801,3,29730-52800,1,1,,2022-02-07,,,,1,,2022-02-07 08:05:11,170524,2022-02-07 08:05:34,170524,,0,,,0,,1
1000,25480-52801,4,282785C010,1,1,,2022-02-07,,,,1,,2022-02-07 08:05:24,170524,2022-02-07 08:05:34,170524,,0,,,0,,1
1000,25411-2R000-S2,2,25411-2R000-S1,1,1,,2023-02-13,,,,1,,2023-02-13 17:28:32,211213,2023-05-01 11:10:01,170524,,0,,,0,,1
1000,28235-2B740,4,28235-2B740 CAP,2,2,,2022-04-29,,,,1,,2022-04-29 20:52:46,170524,2022-05-31 20:48:56,170524,,0,,,0,,1
1000,310334F850완성,1,310334F850,1,1,,2022-12-21,,,,1,,2022-12-21 16:24:24,170524,2022-12-21 16:24:30,170524,,0,,,0,,1
1000,25460-2T500,4,25460-2T500-L2,1,1,,2023-09-18,,,,1,,2023-09-18 14:27:25,170524,2024-01-19 08:36:46,170524,,0,,,0,,1
1000,25460-2T500-L2,1,25460-2T500-D1,1,1,,2023-09-18,,,,1,,2023-09-18 14:27:32,170524,2023-09-18 14:28:36,170524,,0,,,0,,1
1000,25460-2T500-D1,1,25460-2T500-L1,1,1,,2023-09-18,,,,1,,2023-09-18 14:28:06,170524,2023-09-18 14:28:36,170524,,0,,,0,,1
1000,25460-2T500-L1,1,25460-2T500-R1,1,1,,2023-09-18,,,,1,,2023-09-18 14:28:18,170524,2023-09-18 14:28:36,170524,,0,,,0,,1
1000,25451-07870-B1,1,25451-07701-C1,1,1,,2024-03-15,,,,1,,2024-03-15 10:47:54,170524,2024-03-15 10:48:02,170524,,0,,,0,,1
1000,25450041006,1,25450-04100-6-B1,1,1,,2024-04-04,,,,1,,2024-04-04 17:48:48,170524,,,,0,,,0,,
1000,28235-2B700,5,282382B710B,1,1,,2024-03-21,,,,1,,2024-03-21 14:54:49,170524,2024-03-21 14:54:56,170524,,0,,,0,,1
1000,28235-2B710,2,282382B710B,1,1,,2024-03-21,,,,1,,2024-03-21 14:56:06,170524,2024-03-21 14:56:23,170524,,0,,,0,,1
1000,28235-2B700,6,282372B710B,1,1,,2024-03-21,,,,1,,2024-03-21 15:45:06,170524,2024-03-21 15:45:09,170524,,0,,,0,,1
1000,28235-2B710,3,282372B710B,1,1,,2024-03-21,,,,1,,2024-03-21 15:44:46,170524,2024-03-21 15:44:49,170524,,0,,,0,,1
1000,25450-04100-6-B1,1,25450-04100-6-P1,1,1,,2024-04-04,,,,1,,2024-04-04 17:48:56,170524,2024-04-04 17:49:14,170524,,0,,,0,,1
1000,25450-04100-6-P1,1,25450-04100-6-C1,1,1,,2024-04-04,,,,1,,2024-04-04 17:49:04,170524,2024-04-04 17:49:14,170524,,0,,,0,,1
1000,38131-84300-T1,1,38131-84300-G2,1,1,,2024-04-11,,,,1,,2024-04-11 09:18:47,170524,2024-04-11 09:20:34,170524,,0,,,0,,1
1000,38131-84300-G2,1,38131-84300-B1,1,1,,2024-04-11,,,,1,,2024-04-11 09:18:57,170524,2024-04-11 09:20:34,170524,,0,,,0,,1
1000,38131-84300-G2,2,38131-84300-R1,1,1,,2024-04-11,,,,1,,2024-04-11 09:19:09,170524,2024-04-11 09:20:34,170524,,0,,,0,,1
1000,38600-84301,1,38600843001,1,1,,2024-04-11,,,,1,,2024-04-11 09:19:35,170524,2024-04-11 09:19:39,170524,,0,,,0,,1
1000,25413-2R030,1,25413-2R030-L1,1,1,,2024-04-11,,,,1,,2024-04-11 13:52:34,170524,2024-04-11 13:52:43,170524,,0,,,0,,1
1000,45264-23650-T1,6,45264-23650-3,1,1,,2024-04-22,,,,1,,2024-04-22 13:22:16,170524,2024-04-22 13:22:21,170524,,0,,,0,,1
1000,28353-2M110,1,28350-2M110-L1,1,1,,2024-04-30,,,,1,,2024-04-30 13:46:24,170524,2024-04-30 13:46:29,170524,,0,,,0,,1
1000,28353-2M110,2,267102M000A,1,1,,2024-04-30,,,,1,,2024-04-30 13:46:45,170524,2024-04-30 13:46:48,170524,,0,,,0,,1
1000,38620-3A002-Q1,2,38620-3A002-B1,1,1,,2024-05-31,,,,1,,2024-05-31 09:28:22,170524,2024-05-31 09:28:47,170524,,0,,,0,,1
1000,38620-3A002-B1,1,38620-3A002-C1,1,1,,2024-05-31,,,,1,,2024-05-31 09:28:37,170524,2024-05-31 09:28:47,170524,,0,,,0,,1
1000,25458-2MHE0,1,25458-2MHE0-D1,1,1,,2024-05-31,,,,1,,2024-05-31 13:22:17,170524,2024-05-31 13:22:41,170524,,0,,,0,,1
1000,28236-2MAA0-R1,1,28236-2MAA0-S1,1,1,,2024-11-19,,,,1,,2024-11-19 08:54:10,170524,2024-11-19 08:54:49,170524,,0,,,0,,1
1000,28236-2MAA0-S1,3,28236-2MAA0-3,1,1,,2024-11-19,,,,1,,2024-11-19 08:54:39,170524,2024-11-19 08:54:49,170524,,0,,,0,,1
1000,28236-2MAA0-S2,1,28236-2MAA0-S1,1,1,,2024-07-10,,,,1,,2024-07-10 16:31:57,170524,2024-07-10 16:34:23,170524,,0,,,0,,1
1000,28236-2MAA0-S1,1,28236-2MAA0-K1,1,1,,2024-07-10,,,,1,,2024-07-10 16:32:07,170524,2024-07-10 16:34:23,170524,,0,,,0,,1
1000,28236-2MAA0-K1,1,28236-2MAA0-B1,1,1,,2024-07-10,,,,1,,2024-07-10 16:32:32,170524,,,,0,,,0,,
1000,28236-2MAA0-B1,1,28236-2MAA0-P1,1,1,,2024-07-10,,,,1,,2024-07-10 16:32:40,170524,,,,0,,,0,,
1000,28236-2MAA0-P1,1,28236-2MAA0-C1,1,1,,2024-07-10,,,,1,,2024-07-10 16:32:47,170524,,,,0,,,0,,
1000,46347-3A001-L1,1,46347-3A001-B1,1,1,,2022-04-22,,,,1,,2022-04-22 15:47:00,170524,2022-04-22 15:47:47,170524,,0,,,0,,1
1000,46347-3A001-B1,1,46347-3A001-R1,1,1,,2022-04-22,,,,1,,2022-04-22 15:47:08,170524,2022-04-22 15:47:47,170524,,0,,,0,,1
1000,46347-3A001-R1,1,46347-3A001-G1,1,1,,2022-04-22,,,,1,,2022-04-22 15:47:20,170524,2022-04-22 15:47:47,170524,,0,,,0,,1
1000,46347-3A001-G1,1,46347-3A001-C1,1,1,,2022-04-22,,,,1,,2022-04-22 15:47:31,170524,2022-04-22 15:47:47,170524,,0,,,0,,1
1000,46347-3A001-G1,2,46347-3A001-2,1,1,,2022-04-22,,,,1,,2022-04-22 15:47:38,170524,2022-04-22 15:47:47,170524,,0,,,0,,1
1000,25460-2R050-S1,3,25461-2R050-B1,1,1,,2022-05-26,,,,1,,2022-05-26 11:38:14,170524,2022-05-26 11:38:38,170524,,0,,,0,,1
1000,25453-08200-R1,4,25453-08200-S1,1,1,,2022-06-07,,,,1,,2022-06-07 12:36:14,170524,2022-08-12 14:53:54,170524,,0,,,0,,1
1000,25453-08200-S1,1,25453-08200-B1,1,1,,2022-06-07,,,,1,,2022-06-07 12:36:40,170524,2022-06-07 12:37:07,170524,,0,,,0,,1
1000,25453-08200-S1,2,25453-08200-2,1,1,,2022-06-07,,,,1,,2022-06-07 12:36:55,170524,2022-06-07 12:37:07,170524,,0,,,0,,1
1000,254523A5003,1,25452-3A500-3-L1,1,1,,2022-06-08,,,,1,,2022-06-08 11:37:13,170524,2022-09-28 19:59:15,211213,,0,,,0,,0
1000,25452-3A500-3-L1,1,25452-3A500-3-T1,1,1,,2022-06-08,,,,1,,2022-06-08 11:37:19,170524,2022-06-08 11:38:15,170524,,0,,,0,,1
1000,25452-3A500-3-T1,1,25452-3A500-3-B1,1,1,,2022-06-08,,,,1,,2022-06-08 11:37:24,170524,2022-06-08 11:38:15,170524,,0,,,0,,1
1000,25452-3A500-3-B1,1,25452-3A500-3-P1,1,1,,2022-06-08,,,,1,,2022-06-08 11:37:28,170524,,,,0,,,0,,
1000,25452-3A500-3-P1,1,25452-3A500-3-1-C1,1,1,,2022-06-08,,,,1,,2022-06-08 11:37:34,170524,2022-06-08 11:38:15,170524,,0,,,0,,1
1000,25452-3A500-3-T1,2,25452-3A500-7,1,1,,2022-06-08,,,,1,,2022-06-08 11:37:41,170524,2022-06-08 11:38:15,170524,,0,,,0,,1
1000,25452-3A500-3-T1,3,S25452-3A600-10,1,1,,2022-06-08,,,,1,,2022-06-08 11:37:50,170524,2022-06-08 11:38:15,170524,,0,,,0,,1
1000,25452-3A500-3-T1,4,25452-3A500-11,1,1,,2022-06-08,,,,1,,2022-06-08 11:37:55,170524,2022-06-08 11:38:15,170524,,0,,,0,,1
1000,25466-84711,1,25466-84711-D1,1,1,,2022-06-16,,,,1,,2022-06-16 11:56:11,170524,2022-06-16 11:56:26,170524,,0,,,0,,1
1000,26761-85800,1,26760-85800-L1,1,1,,2022-06-16,,,,1,,2022-06-16 11:58:20,170524,,,,0,,,0,,
1000,45264-23620-L1,1,45264-23620-D1,1,1,,2022-08-03,,,,1,,2022-08-03 17:24:14,170524,2022-08-03 17:24:26,170524,,0,,,0,,1
1000,S25452-3A640-3-1-B1,1,S25452-3A600-3-1-P1,1,1,,2022-06-27,,,,1,,2022-06-27 10:55:57,170524,,,,0,,,0,,
1000,25467-82600,4,25433-82600-D1,1,1,,2022-07-08,,,,1,,2022-07-08 10:38:15,170524,2022-07-08 10:39:24,170524,,0,,,0,,1
1000,25433-82600-D1,1,25433-82600-S1,1,1,,2022-07-08,,,,1,,2022-07-08 10:38:32,170524,2022-07-08 10:39:24,170524,,0,,,0,,1
1000,25433-82600-S1,1,25433-82600,1,1,,2022-07-08,,,,1,,2022-07-08 10:38:51,170524,2022-07-08 10:39:24,170524,,0,,,0,,1
1000,25433-82600-S1,2,1390506000,1,1,,2022-07-08,,,,1,,2022-07-08 10:39:09,170524,2022-07-08 10:39:24,170524,,0,,,0,,1
1000,45264-23620,1,45264-23620-L1,1,1,,2022-08-03,,,,1,,2022-08-03 17:24:08,170524,2022-08-03 17:24:26,170524,,0,,,0,,1
1000,45264-23620-D1,1,45264-23620-T1,1,1,,2022-08-03,,,,1,,2022-08-03 17:24:20,170524,2022-08-03 17:24:26,170524,,0,,,0,,1
1000,21781-82600-O1,2,MF650005-1(24구압입용),1,1,,2023-01-11,,,,1,,2023-01-11 15:11:41,170524,2023-01-11 15:11:51,170524,,0,,,0,,1
1000,28470-2FRA0,1,28470-2FRA0-L1,1,1,,2023-02-08,,,,1,,2023-02-08 09:25:18,170524,,,,0,,,0,,
1000,28470-2FRA0-L1,1,28470-2FRA0-D1,1,1,,2023-02-08,,,,1,,2023-02-08 09:25:25,170524,2023-02-08 09:26:49,170524,,0,,,0,,1
1000,28470-2FRA0-D1,1,28470-2FRA0-T1,1,1,,2023-02-08,,,,1,,2023-02-08 09:25:31,170524,2023-02-08 09:26:49,170524,,0,,,0,,1
1000,28470-2FRA0-T1,1,28470-2FRA0-B1,1,1,,2023-02-08,,,,1,,2023-02-08 09:25:38,170524,2023-02-08 09:26:49,170524,,0,,,0,,1
1000,28470-2FRA0-B1,1,28470-2FRA0-P1,1,1,,2023-02-08,,,,1,,2023-02-08 09:25:45,170524,2023-02-08 09:26:49,170524,,0,,,0,,1
1000,28470-2FRA0-P1,1,28470-2FRA0-C1,1,1,,2023-02-08,,,,1,,2023-02-08 09:25:52,170524,2023-02-08 09:26:49,170524,,0,,,0,,1
1000,28470-2FRA0-T1,2,28470-2FRA0-S1,1,1,,2023-02-08,,,,1,,2023-02-08 09:26:01,170524,2023-02-08 09:26:49,170524,,0,,,0,,1
1000,28470-2FRA0-S1,1,28470-2FRA0-2,1,1,,2023-02-08,,,,1,,2023-02-08 09:26:09,170524,2023-02-08 09:26:49,170524,,0,,,0,,1
1000,28470-2FRA0,2,284702FRA03,1,1,,2023-02-08,,,,1,,2023-02-08 09:26:15,170524,2023-02-08 09:26:49,170524,,0,,,0,,1
1000,28470-2FRA0,3,284702FRA04,1,1,,2023-02-08,,,,1,,2023-02-08 09:26:24,170524,2023-02-08 09:26:49,170524,,0,,,0,,1
1000,28470-2FRA0-S1,2,1390506000,1,1,,2023-02-08,,,,1,,2023-02-08 09:26:39,170524,2023-02-08 09:26:49,170524,,0,,,0,,1
1000,28471-2F001-R1,1,28471-2F001-S2,1,1,,2023-02-27,,,,1,,2023-02-27 14:28:47,170524,2023-02-27 14:29:34,170524,,0,,,0,,1
1000,25466-84700,1,25466-84701-L1,1,1,,2022-01-14,,,,1,,2022-01-14 15:14:14,170524,,,,0,,,0,,
1000,25466-84703-S1,2,1390508000,1,1,,2022-01-14,,,,1,,2022-01-14 15:16:25,170524,2022-01-14 15:17:27,170524,,0,,,0,,1
1000,25466-84700,3,2546684702,1,1,,2022-01-14,,,,1,,2022-01-14 15:14:59,170524,2022-01-14 15:17:27,170524,,0,,,0,,1
1000,25466-84700,4,2546584702,1,1,,2022-01-14,,,,1,,2022-01-14 15:15:09,170524,2022-01-14 15:17:27,170524,,0,,,0,,1
1000,25466-84700,5,1481310179,1,1,,2022-01-14,,,,1,,2022-01-14 15:15:24,170524,2022-01-14 15:17:27,170524,,0,,,0,,1
1000,25466-84700,6,1140306101,1,1,,2022-01-14,,,,1,,2022-01-14 15:15:38,170524,2022-01-14 15:17:27,170524,,0,,,0,,1
1000,45264-23320-T1,6,45264-23320-R2,1,1,,2022-03-10,,,,1,,2022-03-10 15:11:13,170524,2022-03-10 15:12:27,170524,,0,,,0,,1
1000,25466-84703-S1,1,25466-84703,1,1,,2022-01-14,,,,1,,2022-01-14 15:16:16,170524,2022-01-14 15:17:27,170524,,0,,,0,,1
1000,25466-84700,7,25466-84703-D1,1,1,,2022-01-14,,,,1,,2022-01-14 15:16:56,170524,2022-01-14 15:17:27,170524,,0,,,0,,1
1000,25466-84703-D1,1,25466-84703-S1,1,1,,2022-01-14,,,,1,,2022-01-14 15:17:04,170524,2022-01-14 15:17:27,170524,,0,,,0,,1
1000,45264-23320-O2,3,45264-23320-B2,1,1,,2022-03-10,,,,1,,2022-03-10 15:11:39,170524,2022-03-10 15:12:27,170524,,0,,,0,,1
1000,45264-23320-O2,4,452643A5605,1,1,,2022-03-10,,,,1,,2022-03-10 15:12:02,170524,2022-03-10 15:12:27,170524,,0,,,0,,1
1000,45264-23320-B2,1,45264-23320-P2,1,1,,2022-03-10,,,,1,,2022-03-10 15:12:14,170524,2022-03-10 15:12:27,170524,,0,,,0,,1
1000,45264-23320-T1,7,45264-23320-R1,1,1,,2022-03-10,,,,1,,2022-03-10 15:12:47,170524,2022-03-10 15:13:29,170524,,0,,,0,,1
1000,45264-23320-O1,1,45264-23320-B1,1,1,,2022-03-10,,,,1,,2022-03-10 15:13:06,170524,2022-03-10 15:13:29,170524,,0,,,0,,1
1000,45264-23320-B1,2,45264-23320-P1,1,1,,2022-03-10,,,,1,,2022-03-10 15:13:15,170524,2022-03-10 15:13:29,170524,,0,,,0,,1
1000,45264-23320-O1,2,452643A5605,1,1,,2022-03-10,,,,1,,2022-03-10 15:13:23,170524,2022-03-10 15:13:29,170524,,0,,,0,,1
1000,45264-P3B760,1,45264-P3B760-L1,1,1,,2022-06-13,,,,1,,2022-06-13 10:58:26,170524,2022-06-13 11:06:24,170524,,0,,,0,,1
1000,45264-P3B760-L1,1,45264-P3B760-D1,1,1,,2022-06-13,,,,1,,2022-06-13 10:58:31,170524,2022-06-13 11:05:57,170524,,0,,,0,,1
1000,45264-P3B760-T1,2,45264-P3B760-R1,1,1,,2022-06-13,,,,1,,2022-06-13 11:02:45,170524,2022-08-10 14:32:52,170524,,0,,,0,,1
1000,45264-P3B760-D1,1,45264-P3B760-T1,1,1,,2022-06-13,,,,1,,2022-06-13 11:02:14,170524,2022-06-13 11:05:57,170524,,0,,,0,,1
1000,45264-P3B760-T1,1,45264-P3B760-R2,1,1,,2022-06-13,,,,1,,2022-06-13 11:02:36,170524,2022-08-10 14:32:52,170524,,0,,,0,,1
1000,45264-P3B760-T1,3,45264-P3B760-3,1,1,,2022-06-13,,,,1,,2022-06-13 11:02:53,170524,2022-06-13 11:05:57,170524,,0,,,0,,1
1000,45264-P3B760-R1,1,45264-P3B760-G1,1,1,,2022-06-13,,,,1,,2022-06-13 11:03:18,170524,2022-06-13 11:05:57,170524,,0,,,0,,1
1000,45264-P3B760-R2,1,45264-P3B760-G2,1,1,,2022-06-13,,,,1,,2022-06-13 11:03:25,170524,2022-06-13 11:05:57,170524,,0,,,0,,1
1000,45264-P3B760-G1,1,45264-P3B760-B1,1,1,,2022-06-13,,,,1,,2022-06-13 11:03:39,170524,2022-06-13 11:22:07,170524,,0,,,0,,1
1000,45264-P3B760-G2,1,45264-P3B760-B2,1,1,,2022-06-13,,,,1,,2022-06-13 11:03:46,170524,2022-06-13 11:22:07,170524,,0,,,0,,1
1000,45264-P3B760-B1,1,45264-P3B760-P1,1,1,,2022-06-13,,,,1,,2022-06-13 11:04:14,170524,2022-06-13 11:19:29,170524,,0,,,0,,1
1000,28236-2MTA0,1,28236-2MTA0-L2,1,1,,2025-11-21,,,,1,,2025-11-21 13:58:30,170524,2025-11-21 14:00:24,170524,,0,,,0,,1
1000,28236-2MTA0-L2,1,28236-2MTA0-L1,1,1,,2025-11-21,,,,1,,2025-11-21 13:58:33,170524,2025-11-21 14:00:24,170524,,0,,,0,,1
1000,28236-2MTA0,2,28236-2MTA0-3-D1,1,1,,2025-11-21,,,,1,,2025-11-21 14:00:04,170524,2025-11-21 14:00:24,170524,,0,,,0,,1
1000,28236-2MTA0-R1,1,28236-2MTA0-S1,1,1,,2025-11-21,,,,1,,2025-11-21 13:58:59,170524,2025-11-21 14:00:24,170524,,0,,,0,,1
1000,28236-2MTA0-L1,1,28236-2MTA0-D1,1,1,,2025-11-21,,,,1,,2025-11-21 13:59:24,170524,2025-11-21 14:00:24,170524,,0,,,0,,1
1000,28236-2MTA0-D1,1,28236-2MTA0-R1,1,1,,2025-11-21,,,,1,,2025-11-21 13:59:38,170524,2025-11-21 14:00:24,170524,,0,,,0,,1
1000,28236-2MTA0-3-D1,1,28236-2MTA0-3,1,1,,2025-11-21,,,,1,,2025-11-21 14:00:10,170524,2025-11-21 14:00:24,170524,,0,,,0,,1
1000,28236-2MTA0-S1,1,28236-2MAA0-K1,1,1,,2025-11-21,,,,1,,2025-11-21 14:00:54,170524,2025-11-21 14:01:23,170524,,0,,,0,,1
1000,28236-2MAA0,2,28235-2B740 CAP,1,1,,2025-11-21,,,,1,,2025-11-21 14:05:57,170524,2025-11-21 14:06:00,170524,,0,,,0,,1
1000,28236-2MTA0,3,28235-2B740 CAP,1,1,,2025-11-21,,,,1,,2025-11-21 14:06:13,170524,2025-11-21 14:06:17,170524,,0,,,0,,1
1000,25485-3A001-T1,9,25485-3A001-G1,1,1,,2025-12-09,,,,1,,2025-12-09 08:57:34,170524,2025-12-09 08:57:45,170524,,0,,,0,,1
1000,25485-3A001-G1,1,25485-3A001-C20,1,1,,2025-12-09,,,,1,,2025-12-09 08:57:54,170524,2025-12-09 08:59:51,170524,,0,,,0,,1
1000,25485-3A001-G1,2,25485-3A001-B1,1,1,,2025-12-09,,,,1,,2025-12-09 08:58:08,170524,2025-12-09 08:59:51,170524,,0,,,0,,1
1000,25485-3A001-G1,3,25485-3A001-7,1,1,,2025-12-09,,,,1,,2025-12-09 08:58:30,170524,2025-12-09 08:59:51,170524,,0,,,0,,1
1000,25485-3A001-G1,4,25480-3A001-3,1,1,,2025-12-09,,,,1,,2025-12-09 08:58:49,170524,2025-12-09 08:59:51,170524,,0,,,0,,1
1000,25485-3A001-G1,5,25485-3A001-4,1,1,,2025-12-09,,,,1,,2025-12-09 08:58:58,170524,2025-12-09 08:59:51,170524,,0,,,0,,1
1000,25485-3A001-G1,6,25485-3A001-5,1,1,,2025-12-09,,,,1,,2025-12-09 08:59:03,170524,2025-12-09 08:59:51,170524,,0,,,0,,1
1000,25485-3A001-G1,7,25485-3A001-6,1,1,,2025-12-09,,,,1,,2025-12-09 08:59:08,170524,2025-12-09 08:59:51,170524,,0,,,0,,1
1000,A28237-2MAA1-1,1,28237-2MAA1-L2,1,1,,2026-04-30,,,,1,,2026-04-30 13:23:05,170524,2026-04-30 13:23:31,170524,,0,,,0,,1
1000,25451-07TC0-S1,4,25451-07TA1-9,1,1,,2025-11-07,,,,1,,2025-11-07 15:59:06,170524,2025-11-07 16:00:00,170524,,0,,,0,,1
1000,25451-07TC0-S2,5,25451-07TA1-11,1,1,,2025-11-07,,,,1,,2025-11-07 15:59:34,170524,2025-11-07 16:00:00,170524,,0,,,0,,1
1000,25451-07TC0-S2,6,25451-07TC0-P3,1,1,,2025-11-07,,,,1,,2025-11-07 16:00:17,170524,2025-11-07 16:00:24,170524,,0,,,0,,1
1000,25450-07810-L2,1,25451-07810-L2,1,1,,2026-05-04,,,,1,,2026-05-04 15:53:50,170524,2026-05-04 15:54:31,170524,,0,,,0,,1
1000,25451-07810-L2,1,25451-07810-D1,1,1,,2026-05-04,,,,1,,2026-05-04 15:54:01,170524,2026-05-04 15:54:31,170524,,0,,,0,,1
1000,25451-07810-L1,1,25451-07810-R1,1,1,,2026-05-04,,,,1,,2026-05-04 15:54:19,170524,2026-05-04 15:54:31,170524,,0,,,0,,1
1000,45264-3D900-T1,5,45264-3D900-B1,1,1,,2026-04-13,,,,1,,2026-04-13 09:36:07,170524,2026-04-13 09:36:57,170524,,0,,,0,,1
1000,45264-3D900-B1,1,45264-3D900-R2,1,1,,2026-04-13,,,,1,,2026-04-13 09:36:37,170524,2026-04-13 09:36:57,170524,,0,,,0,,1
1000,25451-07TC0-S1,2,25451-07TC0-Q1,1,1,,2024-11-08,,,,1,,2024-11-08 17:13:12,170524,2024-11-08 17:13:19,170524,,0,,,0,,1
1000,25450-07TC0-L2,2,25469-07TA1,1,1,,2024-11-08,,,,1,,2024-11-08 17:15:08,170524,,,,0,,,0,,
1000,28235-2B700-D1,1,28235-2B700-T1,1,1,,2025-01-08,,,,1,,2025-01-08 16:22:00,170524,2025-01-08 16:22:12,170524,,0,,,0,,1
1000,25490-52811,1,25490-52812-L1,1,1,,2025-01-08,,,,1,,2025-01-08 16:25:58,170524,2025-01-08 16:26:04,170524,,0,,,0,,0
1000,25451-07TA1-O10,2,25451-07TA1-O5,1,1,,2025-09-18,,,,1,,2025-09-18 08:27:18,170524,,,,0,,,0,,
1000,25451-07TA1-O30,1,25451-07TA1-C30,1,1,,2025-09-18,,,,1,,2025-09-18 08:29:32,170524,,,,0,,,0,,
1000,25451-07TA1-O30,2,ADAPTOR_REAR,1,1,,2025-09-18,,,,1,,2025-09-18 08:30:08,170524,,,,0,,,0,,
1000,25451-07TA1-O30,3,25451-07TA1-7,1,1,,2025-09-18,,,,1,,2025-09-18 08:30:28,170524,2025-09-18 08:30:37,170524,,0,,,0,,1
1000,25451-07TA1-G2,1,25451-07TA1-O30,1,1,,2025-09-18,,,,1,,2025-09-18 08:31:15,170524,2025-09-18 08:31:29,170524,,0,,,0,,1
1000,25451-07TA1-G2,2,25451-07TA1-G1,1,1,,2025-09-18,,,,1,,2025-09-18 08:31:58,170524,2025-09-18 08:32:49,170524,,0,,,0,,1
1000,25451-07TA1-G1,2,25451-07TA1-C20,1,1,,2025-09-18,,,,1,,2025-09-18 08:33:53,170524,2025-09-18 08:34:04,170524,,0,,,0,,1
1000,25430-52901,4,25430-52901-D5,1,1,,2025-04-21,,,,1,,2025-04-21 16:04:45,170524,2025-04-21 16:04:55,170524,,0,,,0,,1
1000,25430-52901-D5,1,25430-52901-5,1,1,,2025-04-21,,,,1,,2025-04-21 16:04:51,170524,2025-04-21 16:04:55,170524,,0,,,0,,1
1000,25451-07TA1,6,S2545207TA1,1,1,,2025-06-04,,,,1,,2025-06-04 09:39:51,170524,2025-06-04 09:41:00,170524,,0,,,0,,1
1000,25469-07TA1,5,S2547107TA1,1,1,,2025-06-04,,,,1,,2025-06-04 09:41:13,170524,2025-06-04 09:41:22,170524,,0,,,0,,1
1000,25451-07TA1,7,S2547607TA1,1,1,,2025-06-04,,,,1,,2025-06-04 09:40:52,170524,2025-06-04 09:41:00,170524,,0,,,0,,1
1000,25469-07TA1,6,S2547107TB1,1,1,,2025-06-04,,,,1,,2025-06-04 09:41:39,170524,2025-06-04 09:41:43,170524,,0,,,0,,1
1000,25451-07TC0,6,S2545207TA1,1,1,,2025-06-04,,,,1,,2025-06-04 09:42:26,170524,2025-06-04 09:43:08,170524,,0,,,0,,1
1000,25451-07TC0,7,S2547607TA1,1,1,,2025-06-04,,,,1,,2025-06-04 09:42:54,170524,2025-06-04 09:43:08,170524,,0,,,0,,1
1000,25451-07TB1,6,S2545207TB1,1,1,,2025-06-04,,,,1,,2025-06-04 09:43:35,170524,2025-06-04 09:44:51,170524,,0,,,0,,1
1000,25451-07TB1,7,S2547607TA1,1,1,,2025-06-04,,,,1,,2025-06-04 09:44:35,170524,2025-06-04 09:44:51,170524,,0,,,0,,1
1000,25451-07250,1,25451-07250-D1,1,1,,2024-12-16,,,,1,,2024-12-16 15:16:39,170524,2024-12-16 15:16:46,170524,,0,,,0,,1
1000,28458-52238,6,28458-52238-8-D1,1,1,,2025-04-04,,,,1,,2025-04-04 13:08:02,170524,2025-04-04 13:08:15,170524,,0,,,0,,1
1000,28458-52238-8-D1,1,28458-52238-8,1,1,,2025-04-04,,,,1,,2025-04-04 13:08:09,170524,2025-04-04 13:08:15,170524,,0,,,0,,1
1000,25451-07TA1-S1,2,25451-07TA1-11,1,1,,2025-05-06,,,,1,,2025-05-06 10:14:46,170524,2025-05-06 10:14:52,170524,,0,,,0,,1
1000,38600-5C000-D1,1,38600-5C000-L1,1,1,,2024-11-20,,,,1,,2024-11-20 15:05:34,170524,2024-11-20 15:05:53,170524,,0,,,0,,1
1000,38600-5C000-L1,1,38600-5C000-R1,1,1,,2024-11-20,,,,1,,2024-11-20 15:05:44,170524,2024-11-20 15:05:53,170524,,0,,,0,,1
1000,38600-52530,1,38600-52530-L2,1,1,,2024-11-20,,,,1,,2024-11-20 15:07:36,170524,2024-11-20 15:07:49,170524,,0,,,0,,1
1000,38600-52530-L2,1,38600-52530-D1,1,1,,2024-11-20,,,,1,,2024-11-20 15:07:43,170524,2024-11-20 15:07:49,170524,,0,,,0,,1
1000,D28350-2M100,1,28350-2M100-L1,1,1,,2025-01-13,,,,1,,2025-01-13 15:37:24,170524,2025-01-13 15:37:26,170524,,0,,,0,,1
1000,D28350-2M100,2,267102M000A,1,1,,2025-01-13,,,,1,,2025-01-13 15:37:42,170524,2025-01-13 15:37:45,170524,,0,,,0,,1
1000,25451-07TA1-O5,2,25451-07TA1-6,1,1,,2025-03-18,,,,1,,2025-03-18 13:39:33,170524,2025-03-18 13:39:45,170524,,0,,,0,,1
1000,25470-07TA1-D1,1,25470-07TA1-R1,1,1,,2025-05-09,,,,1,,2025-05-09 18:26:33,170524,2025-05-09 18:26:38,170524,,0,,,0,,1
1000,25469-07TA1,4,25470-07TA1-L1,1,1,,2025-05-09,,,,1,,2025-05-09 18:26:15,170524,2025-05-09 18:26:38,170524,,0,,,0,,1
1000,25470-07TA1-L1,1,25470-07TA1-D1,1,1,,2025-05-09,,,,1,,2025-05-09 18:26:24,170524,2025-05-09 18:26:38,170524,,0,,,0,,1
1000,28236-2MAA0,1,28236-2MAA0-L2,1,1,,2024-11-18,,,,1,,2024-11-18 13:51:53,170524,2024-11-18 13:52:58,170524,,0,,,0,,1
1000,28236-2MAA0-L2,1,28236-2MAA0-D1,1,1,,2024-11-18,,,,1,,2024-11-18 13:52:07,170524,2024-11-18 13:52:58,170524,,0,,,0,,1
1000,28236-2MAA0-D1,1,28236-2MAA0-L1,1,1,,2024-11-18,,,,1,,2024-11-18 13:52:25,170524,2024-11-18 13:52:58,170524,,0,,,0,,1
1000,28236-2MAA0-L1,1,28236-2MAA0-R1,1,1,,2024-11-18,,,,1,,2024-11-18 13:52:39,170524,2024-11-18 13:52:58,170524,,0,,,0,,1
1000,45264-3A560-T1,5,45264-3A560-B1,1,1,,2025-01-09,,,,1,,2025-01-09 11:11:34,170524,2025-01-09 11:16:31,170524,,0,,,0,,1
1000,45264-3A560-B1,1,45264-3A560-R1,1,1,,2025-01-09,,,,1,,2025-01-09 11:11:51,170524,2025-01-09 11:16:31,170524,,0,,,0,,1
1000,45264-3A560-R1,1,45264-3A560-O1,1,1,,2025-01-09,,,,1,,2025-01-09 11:14:26,170524,2025-01-09 11:16:31,170524,,0,,,0,,1
1000,45264-3A560-O1,1,452643A5605,1,1,,2025-01-09,,,,1,,2025-01-09 11:14:43,170524,2025-01-09 11:17:16,170524,,0,,,0,,1
1000,45264-3A560-O1,2,45264-3A560-P1,1,1,,2025-01-09,,,,1,,2025-01-09 11:16:45,170524,,,,0,,,0,,
1000,45264-3A560-T1,6,45264-3A560-B2,1,1,,2025-01-09,,,,1,,2025-01-09 11:15:13,170524,2025-01-09 11:17:16,170524,,0,,,0,,1
1000,45264-3A560-B2,1,45264-3A560-R2,1,1,,2025-01-09,,,,1,,2025-01-09 11:15:27,170524,2025-01-09 11:17:16,170524,,0,,,0,,1
1000,45264-3A560-R2,1,45264-3A560-O2,1,1,,2025-01-09,,,,1,,2025-01-09 11:15:37,170524,2025-01-09 11:17:16,170524,,0,,,0,,1
1000,45264-3A560-O2,1,452643A5605,1,1,,2025-01-09,,,,1,,2025-01-09 11:15:43,170524,2025-01-09 11:17:16,170524,,0,,,0,,1
1000,22460-52101-L1,3,2679052830,1,1,,2025-02-14,,,,1,,2025-02-14 15:00:05,170524,2025-02-14 15:00:10,170524,,0,,,0,,1
1000,45264-3A560-O2,2,45264-3A560-P2,1,1,,2025-01-09,,,,1,,2025-01-09 11:17:02,170524,,,,0,,,0,,
1000,25451-07TA1-O3,2,25451-07TA1-8,1,1,,2025-03-18,,,,1,,2025-03-18 13:51:19,170524,2025-03-18 13:51:24,170524,,0,,,0,,1
1000,25451-52901-P1,1,25451-52901-C1,1,1,,2024-11-08,,,,1,,2024-11-08 14:10:15,170524,2024-11-08 14:12:46,170524,,0,,,0,,1
1000,25430-52901-L1,2,25460-52901-L1,1,1,,2024-11-08,,,,1,,2024-11-08 14:10:25,170524,2024-11-08 14:12:46,170524,,0,,,0,,1
1000,25460-52901-L1,1,25460-52901-D1,1,1,,2024-11-08,,,,1,,2024-11-08 14:10:48,170524,2024-11-08 14:12:46,170524,,0,,,0,,1
1000,25460-52901-D1,1,25460-52901-R1,1,1,,2024-11-08,,,,1,,2024-11-08 14:10:57,170524,2024-11-08 14:12:46,170524,,0,,,0,,1
1000,25460-52901-G1,1,25461-52901-B1,1,1,,2024-11-08,,,,1,,2024-11-08 14:11:21,170524,2024-11-08 14:12:46,170524,,0,,,0,,1
1000,25461-52901-B1,1,25461-52901-P1,1,1,,2024-11-08,,,,1,,2024-11-08 14:11:42,170524,2024-11-14 14:57:23,181129,,0,,,0,,0
1000,25461-52901-P1,1,25461-52901-C1,1,1,,2024-11-08,,,,1,,2024-11-08 14:11:49,170524,2024-11-08 14:12:46,170524,,0,,,0,,1
1000,25460-52901-G1,2,38215-84050,1,1,,2024-11-08,,,,1,,2024-11-08 14:12:09,170524,2024-11-08 14:12:46,170524,,0,,,0,,1
1000,25451-07TA1-C10,1,25451-07TA1-B1,1,1,,2024-11-08,,,,1,,2024-11-08 15:39:58,170524,2024-11-12 13:57:48,181129,,0,,,0,,0
1000,28454-52AC0-T1,4,28454-52AC0-4,1,1,,2025-06-19,,,,1,,2025-06-19 14:25:49,170524,2025-06-19 14:25:55,170524,,0,,,0,,1
1000,25451-07TA1-B1,1,25451-07TA1-P1,1,1,,2024-11-08,,,,1,,2024-11-08 15:40:23,170524,2024-11-08 16:16:25,170524,,0,,,0,,0
1000,25451-07TA1-P1,1,25451-07TA1-C1,1,1,,2024-11-08,,,,1,,2024-11-08 15:40:33,170524,2024-11-08 16:16:25,170524,,0,,,0,,0
1000,25451-07TA1-C20,1,25451-07TA1-B2,1,1,,2024-11-08,,,,1,,2024-11-08 15:41:02,170524,2024-11-08 16:16:25,170524,,0,,,0,,0
1000,25451-07TA1-B2,1,25451-07TA1-C2,1,1,,2024-11-08,,,,1,,2024-11-08 15:41:13,170524,2024-11-08 16:16:25,170524,,0,,,0,,0
1000,25451-07TA1-C30,1,25451-07TA1-B3,1,1,,2024-11-08,,,,1,,2024-11-08 15:41:36,170524,2024-11-08 16:16:25,170524,,0,,,0,,0
1000,25451-07TA1-B3,1,25451-07TA1-O3,1,1,,2024-11-08,,,,1,,2024-11-08 15:43:04,170524,2024-11-08 16:16:25,170524,,0,,,0,,0
1000,25451-07TA1-O3,1,25451-07TA1-C3,1,1,,2024-11-08,,,,1,,2024-11-08 15:43:13,170524,2025-03-27 16:34:02,181129,,0,,,0,,0
1000,25451-07TA1-B4,1,25451-07TA1-P4,1,1,,2024-11-08,,,,1,,2024-11-08 15:45:40,170524,2024-11-08 16:15:33,170524,,0,,,0,,1
1000,25451-07TA1-P4,1,25451-07TA1-C4,1,1,,2024-11-08,,,,1,,2024-11-08 15:45:55,170524,2024-11-08 16:16:25,170524,,0,,,0,,0
1000,25451-07TA1-P5,1,25451-07TA1-C5,1,1,,2024-11-08,,,,1,,2024-11-08 15:46:26,170524,,,,0,,,0,,
1000,25451-07TA1-O5,1,25451-07TA1-P5,1,1,,2024-11-08,,,,1,,2024-11-08 15:49:36,170524,,,,0,,,0,,
1000,25451-07TA1-S1,1,25451-07TA1-G2,1,1,,2024-11-08,,,,1,,2024-11-08 16:05:17,170524,2024-11-08 16:15:33,170524,,0,,,0,,1
1000,25451-07TA1-S2,1,25451-07TA1-S1,1,1,,2024-11-08,,,,1,,2024-11-08 16:06:43,170524,2024-11-08 16:15:33,170524,,0,,,0,,1
1000,25451-07TA1-S2,2,25451-07TA1-9,1,1,,2024-11-08,,,,1,,2024-11-08 16:07:01,170524,2024-11-08 16:15:33,170524,,0,,,0,,1
1000,25451-07TA1-S2,3,25451-07TA1-10,1,1,,2024-11-08,,,,1,,2024-11-08 16:07:12,170524,2024-11-08 16:15:33,170524,,0,,,0,,1
1000,25451-07TA1-S2,4,25451-07TA1-B4,1,1,,2024-11-08,,,,1,,2024-11-08 16:07:26,170524,2024-11-08 16:15:33,170524,,0,,,0,,1
1000,25451-07TA1-R1,1,25451-07TA1-S2,1,1,,2024-11-08,,,,1,,2024-11-08 16:09:08,170524,2024-11-08 16:15:33,170524,,0,,,0,,1
1000,25451-07TA1-L1,1,25451-07TA1-R1,1,1,,2024-11-08,,,,1,,2024-11-08 16:09:54,170524,2024-11-08 16:15:33,170524,,0,,,0,,1
1000,25451-07TA1-D1,1,25451-07TA1-L1,1,1,,2024-11-08,,,,1,,2024-11-08 16:10:17,170524,2024-11-08 16:15:33,170524,,0,,,0,,1
1000,25450-07TB1,1,25450-07TB1-L2,1,1,,2024-11-08,,,,1,,2024-11-08 16:19:32,170524,2024-11-08 16:23:45,170524,,0,,,0,,1
1000,25451-07TA1,3,25451-07TA1-D1,1,1,,2024-11-08,,,,1,,2024-11-08 16:14:35,170524,2024-11-08 16:15:33,170524,,0,,,0,,1
1000,25450-07TA1-L2,3,25451-07TA1,1,1,,2024-11-08,,,,1,,2024-11-08 16:15:02,170524,,,,0,,,0,,
1000,25451-07TB1,1,25451-07TA1-D1,1,1,,2024-11-08,,,,1,,2024-11-08 16:21:45,170524,2024-11-08 16:23:37,170524,,0,,,0,,1
1000,25450-07TB1-L2,1,25451-07TB1,1,1,,2024-11-08,,,,1,,2024-11-08 16:23:31,170524,,,,0,,,0,,
1000,25450-07TB1-L2,2,25469-07TA1,1,1,,2024-11-08,,,,1,,2024-11-08 16:24:05,170524,,,,0,,,0,,
1000,25451-07TB1,4,25475-2M000,2,2,,2024-11-08,,,,1,,2024-11-08 16:26:14,170524,2024-11-08 16:26:59,170524,,0,,,0,,1
1000,25451-07TA1,4,25475-2M000,2,2,,2024-11-08,,,,1,,2024-11-08 16:27:20,170524,2024-11-08 16:27:32,170524,,0,,,0,,1
1000,25451-07TB1,5,25474-2M000,2,2,,2024-11-08,,,,1,,2024-11-08 16:26:55,170524,2024-11-08 16:26:59,170524,,0,,,0,,1
1000,25451-07TA1,5,25474-2M000,2,2,,2024-11-08,,,,1,,2024-11-08 16:27:29,170524,2024-11-08 16:27:32,170524,,0,,,0,,1
1000,28820-4A861-O2,4,28820-4A861-16,1,1,,2024-12-11,,,,1,,2024-12-11 08:33:01,170524,2024-12-11 08:33:09,170524,,0,,,0,,1
1000,28820-4A861 小-T1,4,28820-4A861-9,1,1,,2024-12-12,,,,1,,2024-12-12 17:06:56,170524,2024-12-12 17:07:00,170524,,0,,,0,,1
1000,D39480-2A190,1,39480-2A190-L1,1,1,,2024-12-17,,,,1,,2024-12-17 17:06:25,181129,2024-12-17 17:06:33,181129,,0,,,0,,1
1000,D39480-2A190,2,394712A900,1,1,,2024-12-17,,,,1,,2024-12-17 17:06:41,181129,2024-12-17 17:06:46,181129,,0,,,0,,1
1000,28820-4A800,1,28820-4A801-L1,1,1,,2024-12-18,,,,1,,2024-12-18 10:29:47,170524,2024-12-18 10:30:00,170524,,0,,,0,,1
1000,28820-4A800,2,288114A001,1,1,,2024-12-18,,,,1,,2024-12-18 10:29:57,170524,2024-12-18 10:30:00,170524,,0,,,0,,1
1000,45264-02430-T1,6,45264-02430-G1,1,1,,2026-06-26,,,,1,,2026-06-26 09:43:13,170524,2026-06-26 09:47:34,170524,,0,,,0,,1
1000,45264-02430-G1,3,45264-02430-B2,1,1,,2026-06-26,,,,1,,2026-06-26 09:44:07,170524,2026-06-26 09:47:34,170524,,0,,,0,,1
1000,45264-02430-R1,1,45264-02430-P1,1,1,,2026-06-26,,,,1,,2026-06-26 09:45:11,170524,2026-06-26 09:47:34,170524,,0,,,0,,1
1000,45264-02430-R2,1,45264-02430-P2,1,1,,2026-06-26,,,,1,,2026-06-26 09:45:25,170524,2026-06-26 09:47:34,170524,,0,,,0,,1
1000,45264-02430-G1,4,45264-02430-3,1,1,,2026-06-26,,,,1,,2026-06-26 09:45:59,170524,2026-06-26 09:47:34,170524,,0,,,0,,1
1000,45264-02430-B1,1,45264-02430-R1,1,1,,2026-06-26,,,,1,,2026-06-26 09:46:47,170524,2026-06-26 09:47:34,170524,,0,,,0,,1
1000,45264-02430-B2,1,45264-02430-R2,1,1,,2026-06-26,,,,1,,2026-06-26 09:47:06,170524,2026-06-26 09:47:34,170524,,0,,,0,,1
1000,45272-4G100,1,45272-4G100-L1,1,1,,2026-06-17,,,,1,,2026-06-17 08:55:04,170524,2026-06-17 08:55:16,170524,,0,,,0,,1
1000,45272-4G100-L1,1,45272-4G100-R1,1,1,,2026-06-17,,,,1,,2026-06-17 08:55:10,170524,2026-06-17 08:55:16,170524,,0,,,0,,1
1000,22462-52101-S1,2,22465-52101,1,1,,2025-11-05,,,,1,,2025-11-05 09:29:37,170524,2025-11-05 09:29:44,170524,,0,,,0,,1
1000,25467-84700-T1,3,25467-84700-G1,1,1,,2025-11-21,,,,1,,2025-11-21 15:41:47,170524,2025-11-21 15:42:15,170524,,0,,,0,,1
1000,25467-84700-G1,1,25467-84701-B1,1,1,,2025-11-21,,,,1,,2025-11-21 15:42:01,170524,2025-11-21 15:42:15,170524,,0,,,0,,1
1000,28237-2MEA0,1,28237-2MEA0-L2,1,1,,2026-04-22,,,,1,,2026-04-22 10:58:33,170524,2026-04-22 11:00:01,170524,,0,,,0,,1
1000,28237-2MEA0-L2,1,28237-2MEA0-D1,1,1,,2026-04-22,,,,1,,2026-04-22 10:58:37,170524,2026-04-22 11:00:01,170524,,0,,,0,,1
1000,28237-2MEA0-D1,1,28237-2MEA0-L1,1,1,,2026-04-22,,,,1,,2026-04-22 10:58:41,170524,2026-04-22 11:00:01,170524,,0,,,0,,1
1000,28237-2MEA0-L1,1,28237-2MEA0-B1,1,1,,2026-04-22,,,,1,,2026-04-22 10:58:51,170524,2026-04-22 11:00:01,170524,,0,,,0,,1
1000,28237-2MEA0-B1,1,28237-2MEA0-R1,1,1,,2026-04-22,,,,1,,2026-04-22 10:58:58,170524,2026-04-22 11:00:01,170524,,0,,,0,,1
1000,28237-2MEA0-R1,1,28237-2MEA0-S1,1,1,,2026-04-22,,,,1,,2026-04-22 10:59:03,170524,2026-04-22 11:00:01,170524,,0,,,0,,1
1000,28237-2MEA0-S1,1,28237-2MEA0-P1,1,1,,2026-04-22,,,,1,,2026-04-22 10:59:11,170524,2026-04-22 11:00:01,170524,,0,,,0,,1
1000,28237-2MEA0-P1,1,28237-2MEA0-C1,1,1,,2026-04-22,,,,1,,2026-04-22 10:59:15,170524,,,,0,,,0,,
1000,28237-2MEA0-S1,2,28237-2MAA1-4,1,1,,2026-04-22,,,,1,,2026-04-22 10:59:35,170524,2026-04-22 11:00:01,170524,,0,,,0,,1
1000,28237-2MEA0,2,S282372MAA1B,1,1,,2026-04-22,,,,1,,2026-04-22 11:01:36,170524,2026-04-22 11:01:39,170524,,0,,,0,,1
1000,28237-2MEA0,3,S282372MEA0A,1,1,,2026-04-22,,,,1,,2026-04-22 11:06:06,170524,2026-04-22 11:06:08,170524,,0,,,0,,1
1000,25450-07810,1,25450-07810-L2,1,1,,2026-05-04,,,,1,,2026-05-04 13:50:21,170524,2026-05-04 13:55:31,170524,,0,,,0,,1
1000,25451-07810-R1,1,25451-07810-S1,1,1,,2026-05-04,,,,1,,2026-05-04 13:51:54,170524,2026-05-04 13:55:31,170524,,0,,,0,,1
1000,25451-07810-D1,1,25451-07810-L1,1,1,,2026-05-04,,,,1,,2026-05-04 13:51:24,170524,2026-05-04 13:55:31,170524,,0,,,0,,1
1000,25451-07810-S1,1,25451-07810-B1,1,1,,2026-05-04,,,,1,,2026-05-04 13:52:03,170524,2026-05-04 13:55:31,170524,,0,,,0,,1
1000,25451-07810-B1,1,25451-07810-P1,1,1,,2026-05-04,,,,1,,2026-05-04 13:52:08,170524,,,,0,,,0,,
1000,25451-07810-P1,1,25451-07810-C1,1,1,,2026-05-04,,,,1,,2026-05-04 13:52:12,170524,2026-05-04 13:55:31,170524,,0,,,0,,1
1000,25451-07810-S1,2,25451-07801-B2,1,1,,2026-05-04,,,,1,,2026-05-04 13:52:37,170524,2026-05-04 13:55:31,170524,,0,,,0,,1
1000,25450-07810,2,25474-2M000,1,1,,2026-05-04,,,,1,,2026-05-04 13:54:08,170524,2026-05-04 13:55:31,170524,,0,,,0,,1
1000,25450-07810,3,25475-2M000,1,1,,2026-05-04,,,,1,,2026-05-04 13:54:15,170524,2026-05-04 13:55:31,170524,,0,,,0,,1
1000,25451-07810-S1,3,25451-07850-5,1,1,,2026-05-04,,,,1,,2026-05-04 13:54:46,170524,2026-05-04 13:55:31,170524,,0,,,0,,1
1000,25451-07810-S1,4,25451-07850-6,1,1,,2026-05-04,,,,1,,2026-05-04 13:55:01,170524,2026-05-04 13:55:31,170524,,0,,,0,,1
1000,25451-07810-S1,5,25451-07850-7,1,1,,2026-05-04,,,,1,,2026-05-04 13:55:08,170524,2026-05-04 13:55:31,170524,,0,,,0,,1
